EVENT_AGE,Frequency,APPROX_EVENT_DAY,Frequency,CDA_ID_SALATTU,Frequency,DOC_GROUP_SALATTU,Frequency,RESEPTISTATUS,Frequency,DIS_AMOUNT_CALC_TXT,Frequency,DIS_AMT_VALUE,Frequency,DIS_AMOUNT_TXT,Frequency,DIS_AMT_UNIT,Frequency,DELIVERY_FEE,Frequency,MED_EXCHANGED,Frequency,DOSE_DISTRIBUTION,Frequency,ATC_CODE,Frequency,PREPARATION_TYPE_CODE,Frequency,PRODUCT_CODE1,Frequency,PRODUCT_CODE2,Frequency,PRODUCT_CODE3,Frequency,LAAKEMUOTOKOODI,Frequency,DRUG_NAME_C,Frequency,DOSE_QUANTITY_TEXT,Frequency
69.165,58,2022-10-12,221,List truncated...,,List truncated...,,1,470725,,306155,,199074,,494771,fol,130104,9.77,7984,0,423306,0,449108,C07AB07,16155,1.0,412510,,15271,,498942,,499987,235,172155,THYROXIN,11953,10 MG,20617
70.805,56,2023-06-05,216,,,,,,15450,1X100,26533,100.0,78910,1x100,268,FOL,116458,8.69,6685,1,76694,1,50892,N02BE01,14889,,74229,383992,10398,453522,95,List truncated...,,173,123871,PANADOL FORTE,10416,5 MG,19621
68.037,54,2023-12-14,207,,,,,0,13825,1x1X100,24262,14.0,33754,1X100kpl,190,kpl,108022,6.81,2841,,,,,H03AA01,12481,6.0,6202,193102,7962,371722,89,,,16,23768,BURANA,8171,10 mg,19390
70.064,54,2023-06-08,207,,,,,,,1X98,9076,98.0,26196,1x60 suihketta (,183,KPL,52276,20.78,2469,,,,,C10AA05,9777,2.0,4014,098460,5541,078623,83,,,250,18770,SOMAC,7582,5 mg,18373
66.545,53,2023-11-15,205,,,,,,,1x1X98,8628,30.0,23552,1X100fol,163,ml,16134,14.37,2085,,,,,A02BC02,9741,7.0,1184,552208,4198,030627,75,,,28,17768,ATORVASTATIN ORION,6304,20 MG,16321
75.402,53,2023-10-17,205,,,,,,,1x1X30,6951,28.0,20122,1X98fol,158,ML,14871,7.98,1837,,,,,M01AE01,9337,4.0,694,193086,3953,019758,58,,,,15450,FURESIS,5706,,15855
73.204,53,2022-12-15,205,,,,,,,1X30,6666,200.0,13251,1x23g (120annost,116,annosta,12284,34.54,1608,,,,,A10BA02,9034,5.0,615,019874,3104,List truncated...,,,,462,9538,METFOREM,5678,20 mg,14087
74.102,53,2023-09-20,204,,,,,,,2X100,4344,60.0,9048,1X100FOL,106,g,11906,13.72,1601,,,,,C08CA01,9001,3.0,332,537944,2944,,,,,344,6745,VAGIFEM,5548,40 MG,9545
68.706,53,2022-12-29,204,,,,,,,2x1X100,3640,90.0,7750,1X98FOL,99,G,9914,5.69,1590,,,,,C10AA01,8615,11.0,158,186376,2545,,,,,45,6632,PANACOD,5189,40 mg,8831
68.569,53,2023-12-06,203,,,,,,,1x1X28,3042,20.0,7412,1X100KPL,81,ANNOSTA,7461,20.41,1556,,,,,G03CA03,8243,List truncated...,,124347,2538,,,,,352,6078,BISOPROLOL RATIOPHARM,4825,500 MG,8433
70.962,53,2022-12-05,202,,,,,,,1X28,2987,180.0,5626,1X10+10,68,,5175,8.85,1554,,,,,A12AX,7757,,,040148,2527,,,,,330,5842,SIMVASTATIN ORION,3988,100 MG,8388
66.855,52,2020-03-21,200,,,,,,,1X90,2403,24.0,5187,3x60 suihketta (,68,tabl,3470,8.02,1336,,,,,C09CA01,6348,,,486605,2334,,,,,281,5784,PREDNISOLON,3779,100 mg,6927
73.489,52,2023-06-03,200,,,,,,,1X60,2238,120.0,4782,1X100 fol,59,ANNOS,3153,6.38,1251,,,,,C03CA01,5993,,,490086,2228,,,,,328,5708,CARDACE,3756,500 mg,6868
69.05,52,2022-12-14,199,,,,,,,1x1X20,2192,56.0,4724,1x100 TABL,57,TABL,1619,10.61,1238,,,,,C10AA07,5844,,,119478,2149,,,,,139,5365,ELIQUIS,3562,50 MG,6837
72.752,52,2021-12-16,199,,,,,,,1x1X90,1946,10.0,4503,1X11+42,57,annos,1443,40.86,1197,,,,,C09AA05,5719,,,002087,1998,,,,,17,5149,AMLODIPIN ORION,3436,1 G,6353
65.801,51,2023-07-04,198,,,,,,,1x1X60,1901,50.0,3639,List truncated...,,DOS,1304,18.83,1196,,,,,R03AC02,5438,,,052300,1980,,,,,349,4021,KEFEXIN,3329,50 mg,5768
74.833,51,2022-12-10,197,,,,,,,1X20,1827,84.0,3440,,,suihketta,638,16.82,1186,,,,,C09CA06,5349,,,088261,1942,,,,,234,3488,KETIPINOR,3152,2,5 mg,5746
73.486,51,2022-12-23,197,,,,,,,2x100,1653,42.0,2867,,,mg,599,6.71,1158,,,,,N06AX11,4434,,,557827,1897,,,,,14,3316,CALCICHEW D3 FORTE SITRUUNA,3125,25 MG,5544
70.329,51,2023-02-28,197,,,,,,,1X24,1620,300.0,2854,,,MG,431,9.62,1129,,,,,N05CF01,4226,,,108969,1897,,,,,655,3188,MIRTAZAPIN ORION,3009,25 mg,5421
68.894,51,2023-08-17,197,,,,,,,1X120,1546,7.0,2632,,,kaps,241,10.83,1113,,,,,N05AH04,4146,,,167770,1729,,,,,225,3098,OPAMOX,2790,15 MG,4455
71.334,51,2022-09-29,196,,,,,,,1x1X24,1375,12.0,2508,,,dos,196,18.29,1112,,,,,A02BC05,3971,,,545319,1711,,,,,244,3087,LOSATRIX,2716,15 mg,4187
70.017,51,2023-11-10,196,,,,,,,1x1X10,1284,1.0,2315,,,tabletti,190,10.75,1104,,,,,M01AH05,3922,,,024310,1705,,,,,543,3027,IMOVANE,2677,1 g,4074
65.916,50,2020-03-10,196,,,,,,,1X180,1262,15.0,2187,,,ANN,180,8.56,1074,,,,,H02AB06,3803,,,476861,1705,,,,,541,2917,ORLOC,2676,2,5 MG,3854
65.716,50,2022-12-17,195,,,,,,,1x1X120,1238,400.0,2113,,,tbl,164,1.67,1060,,,,,J01DB01,3684,,,584609,1681,,,,,29,2663,SIMVASTATIN RATIOPHARM,2545,100 MIKROG,3707
64.004,50,2023-01-07,195,,,,,,,3X100,1222,196.0,2061,,,UD,162,19.51,1052,,,,,S01XA20,3599,,,425975,1671,,,,,498,2386,VENTOLINE DISKUS,2538,600 MG,3634
75.726,50,2023-12-15,194,,,,,,,1x1X200,1185,500.0,1924,,,pakkaus,135,17.87,1050,,,,,C07AB02,3566,,,552190,1623,,,,,224,2300,CANDESARTAN ORION,2518,300 MG,3492
74.551,50,2023-12-17,194,,,,,,,1x1X180,1133,4.0,1778,,,tabl.,122,8.45,1038,,,,,B01AF02,3565,,,059969,1622,,,,,66,2035,BISOPROLOL SANDOZ,2511,1000 mg,3389
73.869,50,2023-11-01,193,,,,,,,1x100,1106,1000.0,1571,,,tablettia,114,13.38,1026,,,,,N05BA04,3535,,,023635,1586,,,,,251,2004,LOSARTAN ORION,2477,150 MG,3362
69.138,50,2022-12-16,193,,,,,,,1x1X50,1093,5.0,1426,,,suihk,105,7.92,994,,,,,N02AJ06,3504,,,403048,1562,,,,,605,1987,AMLORATIO,2446,100 mikrog,3356
68.711,50,2022-08-31,193,,,,,,,1X50,1075,6.0,1294,,,TABL.,84,9.83,993,,,,,B01AA03,3370,,,087312,1542,,,,,210,1812,DIFORMIN RETARD,2391,300 mg,3259
70.663,50,2022-11-08,193,,,,,,,3x1X100,1034,3.0,1095,,,KAPS,79,9.58,978,,,,,N05CH01,3300,,,547968,1510,,,,,350,1745,XARELTO,2386,500 mg/10 mikrog,3001
68.695,50,2023-11-27,192,,,,,,,1X200,1010,40.0,1064,,,TBL,66,7.71,959,,,,,G04CA02,2978,,,185983,1496,,,,,510,1651,MAREVAN FORTE,2335,500/30 MG,2856
70.723,50,2022-12-12,192,,,,,,,1X10,983,8.0,1064,,,suihketta(,65,25.97,957,,,,,N03AX16,2956,,,425967,1495,,,,,143,1619,SIRDALUD,2243,75 MG,2834
70.844,50,2023-04-20,192,,,,,,,1x1X14,934,360.0,901,,,PAKKAUS,62,14.99,945,,,,,C08CA13,2828,,,434993,1492,,,,,177,1547,TRIPTYL,2240,1 mg,2776
71.298,50,2021-12-23,192,,,,,,,2X98,906,25.0,870,,,U,56,10.87,933,,,,,C09AA02,2787,,,428896,1488,,,,,159,1541,LYRICA,2223,10 MIKROG,2686
71.348,50,2020-03-25,191,,,,,,,1X1,901,150.0,864,,,List truncated...,,14.36,931,,,,,G04BE03,2696,,,420914,1481,,,,,136,1006,ZANIDIP,2127,100 U/ML,2675
75.81,50,2023-10-03,191,,,,,,,1x1X56,834,21.0,839,,,,,12.07,911,,,,,N06AB10,2638,,,079745,1426,,,,,564,937,TENOX,2106,10 mikrog,2637
List truncated...,,2023-10-05,191,,,,,,,1x3X28,831,140.0,768,,,,,9.87,906,,,,,R06AE07,2603,,,541965,1331,,,,,149,914,KALCIPOS-D,2070,600 mg,2624
,,2022-12-30,191,,,,,,,1X56,820,2.0,766,,,,,13.57,903,,,,,L04AX03,2587,,,047534,1321,,,,,869,757,OFTAGEL,1999,200 MIKROG/ANNOS,2545
,,2023-12-10,191,,,,,,,2X30,710,3.5,697,,,,,5.8,870,,,,,R03AK07,2557,,,425959,1320,,,,,889,735,AVAMYS,1956,750 MG,2519
,,2022-07-08,191,,,,,,,1X14,683,112.0,670,,,,,36.37,820,,,,,N02AX02,2528,,,585786,1251,,,,,200,733,BISOPROLOL ORION,1935,75 mg,2440
,,2023-08-24,191,,,,,,,2x1X30,670,0.5,638,,,,,18.25,793,,,,,M03BX02,2469,,,588994,1240,,,,,565,724,PARA-TABS,1924,3 mg,2365
,,2023-09-28,190,,,,,,,2x1X98,660,240.0,632,,,,,17.78,776,,,,,N06AX16,2454,,,000976,1239,,,,,206,706,AMORION,1909,3 MG,2283
,,2022-03-22,190,,,,,,,1X3X28,656,7.5,617,,,,,7.82,754,,,,,J01CA04,2432,,,063219,1200,,,,,245,689,DUACT,1874,30 MG,2277
,,2022-12-19,190,,,,,,,4X100,639,63.0,596,,,,,13.78,749,,,,,C01DA14,2427,,,444089,1192,,,,,13,673,VENLAFAXIN ORION,1845,2 MG,2205
,,2023-12-07,190,,,,,,,1X12,584,18.0,549,,,,,10.76,747,,,,,B01AF01,2388,,,479543,1177,,,,,535,633,METOHEXAL,1832,150 mg,2186
,,2020-12-17,189,,,,,,,3X60,583,168.0,538,,,,,13.19,740,,,,,R01BA52,2364,,,076033,1171,,,,,839,616,LIPCUT,1776,400 MG,2180
,,2022-09-08,189,,,,,,,1X500,573,48.0,525,,,,,12.88,728,,,,,N06AA09,2320,,,016919,1147,,,,,194,558,TREXAN,1766,1 MG,2179
,,2023-09-23,189,,,,,,,1x100X1,548,600.0,489,,,,,17.15,723,,,,,C10AX09,2207,,,070110,1147,,,,,351,518,ESOMEPRAZOL ORION,1762,25 MIKROG,2070
,,2023-10-16,189,,,,,,,4x1X100,540,9.0,421,,,,,6.64,711,,,,,R06AX27,2178,,,169275,1141,,,,,109,517,DYMISTA,1730,200 MG,2017
,,2021-09-30,189,,,,,,,1x1X1,537,70.0,378,,,,,13.89,707,,,,,C09DA01,2168,,,402792,1138,,,,,315,512,PROPRAL,1721,800 MG,1980
,,2022-05-18,189,,,,,,,1x1X12,529,45.0,336,,,,,17.19,705,,,,,R03AK06,2165,,,107799,1136,,,,,343,495,ORMOX,1694,0,1 %,1976
,,2022-11-22,189,,,,,,,1X100X1,522,96.0,275,,,,,32.46,704,,,,,N05CD07,2106,,,141096,1121,,,,,333,457,BETMIGA,1677,10MG,1935
,,2023-05-25,189,,,,,,,2x98,521,36.0,261,,,,,9.25,698,,,,,A10AE04,2091,,,161473,1109,,,,,233,451,JARDIANCE,1660,500/30 mg,1846
,,2023-08-27,189,,,,,,,1x1X500,487,27.0,255,,,,,9.74,695,,,,,A10BH01,2061,,,474551,1086,,,,,240,444,EMCONCOR CHF,1655,5MG,1810
,,2020-12-08,188,,,,,,,3X28,481,80.0,249,,,,,11.11,680,,,,,N02AA59,2006,,,059987,1085,,,,,21,441,PRIMASPAN,1625,200 mikrog/annos,1772
,,2022-06-20,188,,,,,,,1x3X21,465,35.0,204,,,,,22.62,676,,,,,N03AX12,1971,,,030252,1080,,,,,356,420,SILDENAFIL ORION,1616,25 mikrog,1704
,,2022-06-27,188,,,,,,,3x28,451,16.0,190,,,,,16.39,669,,,,,R01AD12,1956,,,067710,1080,,,,,130,410,ROSUVASTATIN SANDOZ,1613,2 mg,1629
,,2023-04-30,188,,,,,,,1x1X5,443,900.0,187,,,,,9.63,656,,,,,B01AC06,1940,,,118101,1059,,,,,396,395,LEPONEX,1600,500 MG/10 MIKROG,1628
,,2021-12-15,188,,,,,,,2X60,442,250.0,183,,,,,22.91,655,,,,,N05CF02,1935,,,525162,1052,,,,,993,354,SPIRONOLACTONE ORION,1582,20MG,1621
,,2021-12-20,188,,,,,,,1X1000,433,51.0,168,,,,,5.33,653,,,,,R03DC03,1934,,,486571,1035,,,,,739,344,BUVENTOL EASYHALER,1495,30 mg,1615
,,2023-08-21,188,,,,,,,3x100,426,280.0,154,,,,,16.75,641,,,,,B01AC04,1933,,,031796,1023,,,,,129,341,JANUVIA,1493,100 U/ml,1587
,,2023-11-05,187,,,,,,,2x30,423,4.3,139,,,,,9.86,638,,,,,N05AH02,1915,,,448447,1020,,,,,160,330,ARCOXIA,1477,7,5 mg,1540
,,2023-11-13,187,,,,,,,1X4,410,11.25,137,,,,,35.27,638,,,,,S01AA01,1911,,,007061,1008,,,,,211,326,ZOPINOX,1461,8 mg,1540
,,2022-06-02,187,,,,,,,1X5,405,32.0,135,,,,,6.49,635,,,,,M01AB05,1888,,,010966,1004,,,,,74,318,SPIRIVA RESPIMAT,1451,10_MG,1528
,,2022-06-29,187,,,,,,,1x98,397,72.0,123,,,,,8.31,631,,,,,R01AD09,1881,,,198582,1001,,,,,228,282,ROSUVASTATIN ORION,1449,7,5 MG,1515
,,2023-09-11,187,,,,,,,1x1X1000,386,800.0,121,,,,,15.95,629,,,,,N02AA05,1879,,,124105,1001,,,,,316,267,ESCITALOPRAM ACTAVIS,1438,4 MG,1513
,,2022-12-22,187,,,,,,,1x1X15,371,0.6,119,,,,,11.83,629,,,,,R03BB04,1837,,,107414,995,,,,,89,209,NASONEX,1429,4 mg,1485
,,2023-12-09,187,,,,,,,1X15,361,1.7,107,,,,,8.48,626,,,,,C07AA05,1815,,,554309,979,,,,,366,177,ROSUVASTATIN RATIOPHARM,1426,750 mg,1436
,,2023-12-20,187,,,,,,,3x1X28,354,2000.0,105,,,,,18.15,625,,,,,N06AB04,1772,,,050463,970,,,,,214,174,HYDREX SEMI,1408,8 MG,1425
,,2023-03-14,187,,,,,,,1x1X4,341,420.0,102,,,,,18.41,617,,,,,C03DA01,1760,,,518897,948,,,,,512,169,ATORVASTATIN RATIOPHARM,1382,5_MG,1418
,,2023-06-06,187,,,,,,,1x1X6,338,126.0,100,,,,,3.2,613,,,,,C09CA03,1751,,,547976,945,,,,,199,166,DESLORATADINE ACTAVIS,1299,2.5 MG,1379
,,2022-09-05,186,,,,,,,2X28,336,294.0,99,,,,,149.48,612,,,,,M04AA01,1749,,,030627,942,,,,,546,160,APURIN SANDOZ,1283,800 mg,1371
,,2022-10-05,186,,,,,,,2x1X28,336,91.0,87,,,,,20.51,610,,,,,J01AA02,1744,,,402859,941,,,,,547,160,MONTELUKAST ORION,1279,50 MIKROG/ANNOS,1353
,,2022-06-23,186,,,,,,,1X5X3,323,0.8,84,,,,,1.34,600,,,,,R01AD58,1730,,,451971,939,,,,,108,142,OMEPRAZOL RATIOPHARM,1263,0,4 mg,1336
,,2023-09-12,186,,,,,,,1X3X60,319,75.0,78,,,,,1.02,599,,,,,G04BD12,1677,,,085506,932,,,,,401,135,VI-SIBLIN,1238,500MG/10MCG,1326
,,2020-02-21,186,,,,,,,2x1X60,311,1500.0,77,,,,,8.35,596,,,,,N06DX01,1672,,,127235,922,,,,,18,134,SYMBICORT TURBUHALER,1235,0,5 mg,1314
,,2022-12-08,186,,,,,,,3x60,308,270.0,73,,,,,12.25,593,,,,,N06AX21,1642,,,005145,917,,,,,93,126,SERETIDE DISKUS,1227,400 mg,1310
,,2023-03-28,186,,,,,,,3X30,305,11.0,70,,,,,26.79,592,,,,,N02AE01,1612,,,082685,914,,,,,313,115,OZEMPIC,1217,200 mg,1278
,,2022-11-25,186,,,,,,,3x1X60,301,160.0,64,,,,,4.67,591,,,,,N05AH03,1595,,,071521,907,,,,,784,112,VENTOLINE EVOHALER,1204,20_MG,1275
,,2023-05-26,186,,,,,,,1x3X60,299,450.0,63,,,,,9.27,583,,,,,A10AB05,1583,,,409927,899,,,,,280,111,DIAPAM,1196,80 mg,1255
,,2022-06-16,185,,,,,,,2x5X3,286,2.5,63,,,,,10.89,581,,,,,G04CA52,1562,,,494371,893,,,,,526,108,SALAZOPYRIN EN,1149,80 MG,1252
,,2022-12-07,185,,,,,,,1x30,284,2.4,61,,,,,15.63,581,,,,,N05BA01,1527,,,069102,892,,,,,267,99,DIOVAN,1145,250 MG,1231
,,2023-04-29,185,,,,,,,1x1X25,283,224.0,59,,,,,6.5,578,,,,,A07EC02,1523,,,460295,873,,,,,495,98,TAMSUMIN,1144,60 mg,1225
,,2023-03-27,185,,,,,,,2X50,277,475.0,54,,,,,9.05,576,,,,,M01AE02,1521,,,402083,864,,,,,126,97,CANDEXETIL,1141,60 MG,1174
,,2023-03-23,185,,,,,,,1X84,271,1.6,53,,,,,12.85,573,,,,,A10BK03,1515,,,047579,856,,,,,219,95,FLIXOTIDE DISKUS,1135,8/60 MG,1149
,,2023-06-21,185,,,,,,,2X5X3,268,4.5,52,,,,,9.69,571,,,,,A06AC01,1490,,,478402,845,,,,,265,89,PANTOPRAZOL ACTAVIS,1134,16 mg,1142
,,2021-12-08,185,,,,,,,2X120,266,List truncated...,,,,,,7.27,570,,,,,R03BA05,1487,,,489034,836,,,,,465,85,EMCONCOR,1133,90 MG,1135
,,2022-10-03,184,,,,,,,2x60,262,,,,,,,28.21,569,,,,,A02BC03,1477,,,007519,835,,,,,39,80,ETORICOXIB RATIOPHARM,1122,0,5 MG,1098
,,2023-09-19,184,,,,,,,1x1X3.5,262,,,,,,,13.98,568,,,,,C03AA03,1473,,,007072,834,,,,,488,73,ALVESCO,1116,0,4 MG,1078
,,2023-10-11,184,,,,,,,2x1X20,262,,,,,,,13.48,568,,,,,A02BC01,1471,,,006102,822,,,,,11,70,LANTUS,1108,1G,1058
,,2022-12-13,184,,,,,,,1x1X0.5,261,,,,,,,9.33,567,,,,,C09DA06,1458,,,066278,818,,,,,271,63,GABRION,1106,90 mg,1023
,,2023-09-02,184,,,,,,,1x1X140,256,,,,,,,20.02,566,,,,,J01CA08,1440,,,022222,815,,,,,242,62,OXIKLORIN,1104,40MG,950
,,2023-01-06,184,,,,,,,3x1X30,253,,,,,,,10.53,563,,,,,A10BJ06,1410,,,078623,811,,,,,511,59,TRAJENTA,1102,500MG,950
,,2023-06-20,184,,,,,,,1X6,251,,,,,,,12.91,563,,,,,N02CC01,1408,,,578944,801,,,,,121,59,LOSATRIX COMP,1089,2,5 mg/g,949
,,2020-12-18,183,,,,,,,2X20,251,,,,,,,9.19,558,,,,,C01DA08,1384,,,029459,799,,,,,785,57,AMLODIPIN SANDOZ,1083,16 MG,930
,,2022-10-14,183,,,,,,,1x5X3,251,,,,,,,8.52,556,,,,,G04CB01,1370,,,017621,794,,,,,757,53,ASACOL,1081,120 MG,926
,,2020-12-04,183,,,,,,,1x1X7,249,,,,,,,1.28,555,,,,,N03AG01,1353,,,032214,771,,,,,184,52,BEMETSON,1081,100MG,909
,,2022-09-11,183,,,,,,,1X3X21,248,,,,,,,3.5,554,,,,,S01ED51,1327,,,087320,768,,,,,107,52,ATORBIR,1075,50 mikrog/annos,891
,,2023-10-25,183,,,,,,,1x120X0.5,242,,,,,,,9.3,548,,,,,G03AC09,1325,,,128853,766,,,,,148,51,MELATONIN ORION,1041,100 MG/ML,867
,,2022-03-14,183,,,,,,,3X120,239,,,,,,,6.58,544,,,,,B01AB05,1297,,,532952,755,,,,,338,50,ZOLT,1040,250 mg,860
,,2022-08-11,183,,,,,,,1X140,235,,,,,,,9.44,537,,,,,J01CE02,1286,,,175935,752,,,,,List truncated...,,CALCICHEW,1037,1000 MG,841
,,2021-08-30,183,,,,,,,1x1X8,224,,,,,,,12.99,535,,,,,N05AX08,1245,,,075533,750,,,,,,,MAREVAN,1036,5 MG/ML,825
,,2022-10-11,182,,,,,,,1x1X150,221,,,,,,,9.98,534,,,,,M01AX05,1242,,,031487,746,,,,,,,DUODART,1032,125/50 mikrog/annos,824
,,2022-10-06,182,,,,,,,1X90X1,218,,,,,,,9.09,528,,,,,G03AA12,1223,,,566075,746,,,,,,,TRAMAL,1017,1 MG/ML,782
,,2022-09-20,182,,,,,,,3x5X3,218,,,,,,,24.74,525,,,,,C09CA07,1217,,,080034,746,,,,,,,BRINTELLIX,1003,2 %,765
,,2022-09-21,182,,,,,,,4x100,217,,,,,,,26.32,524,,,,,A12BA01,1214,,,550111,735,,,,,,,MELATONIN (TÖYSÄ/SOPIMUSVALMISTUSTUOTE),1003,10 MG/G,742
,,2023-07-13,182,,,,,,,1X25,217,,,,,,,19.97,522,,,,,A07EC01,1191,,,008519,730,,,,,,,CARTEXAN,995,120 mg,740
,,2023-09-25,182,,,,,,,2X200,211,,,,,,,10.37,516,,,,,D07AC01,1189,,,474403,726,,,,,,,KLEXANE,991,75 MIKROG,733
,,2023-10-15,182,,,,,,,1X120X0,5,209,,,,,,,9.41,513,,,,,C08CA02,1168,,,151938,722,,,,,,,PANADOL EXTEND,984,40_MG,730
,,2022-12-31,182,,,,,,,1X150,209,,,,,,,10.4,512,,,,,N03AX09,1164,,,533158,720,,,,,,,FORXIGA,975,160 MG,717
,,2022-12-28,182,,,,,,,1X0,5,202,,,,,,,10.7,509,,,,,R03BA02,1146,,,110972,712,,,,,,,MELATONIN VITABALANS,973,0,5/0,4 mg,707
,,2022-12-27,182,,,,,,,2x28,197,,,,,,,10.68,509,,,,,R01AD08,1143,,,021877,701,,,,,,,KALEORID,972,2,5 MG/G,704
,,2022-12-18,182,,,,,,,2x1X200,196,,,,,,,37.38,507,,,,,B03BB01,1123,,,005502,699,,,,,,,FLIXONASE,956,7.5 MG,700
,,2023-01-04,182,,,,,,,1X3X120,188,,,,,,,12.38,504,,,,,G04CA01,1122,,,090975,690,,,,,,,SELEXID,952,500_MG,699
,,2021-11-30,182,,,,,,,1X7,188,,,,,,,13.56,500,,,,,R03BA08,1116,,,476895,690,,,,,,,HEINIX,950,100_MG,693
,,2019-12-10,182,,,,,,,1x1X84,188,,,,,,,4.91,497,,,,,N04BC05,1114,,,021489,689,,,,,,,OFTAN CHLORA,944,800 IU,684
,,2023-02-26,182,,,,,,,3X5,188,,,,,,,20.8,496,,,,,P01BA02,1105,,,077887,685,,,,,,,DINIT,932,27,5 mikrog/suihke,668
,,2021-12-10,182,,,,,,,1x3X2.5,188,,,,,,,31.18,495,,,,,A10BH05,1105,,,059951,677,,,,,,,OFTAN AKVAKOL,917,250 MIKROG/ANNOS,663
,,2022-10-31,181,,,,,,,2x1X10,184,,,,,,,8.24,494,,,,,C09BA02,1092,,,010999,676,,,,,,,FELODIPIN RATIOPHARM,909,95 MG,652
,,2022-09-14,181,,,,,,,3x30,180,,,,,,,8.77,492,,,,,J01EA01,1088,,,476127,670,,,,,,,LOSARTAN KRKA,903,50MG,651
,,2022-06-28,181,,,,,,,1x1X3,178,,,,,,,87.42,488,,,,,N06AB06,1085,,,490857,667,,,,,,,BUFOMIX EASYHALER,868,1 mg/ml,608
,,2020-03-14,181,,,,,,,1x2X98,174,,,,,,,11.28,487,,,,,J01CR02,1077,,,016294,666,,,,,,,ESOMEPRAZOL SANDOZ,868,75 mikrog,607
,,2023-09-16,181,,,,,,,1X3X10,173,,,,,,,9.91,486,,,,,M01AX25,1042,,,165824,663,,,,,,,V-PEN MEGA,865,10 MG/ML,606
,,2022-03-18,181,,,,,,,3X5X3,172,,,,,,,13.86,486,,,,,N06DA02,1019,,,007181,657,,,,,,,PRADAXA,863,610 mg/g,600
,,2022-12-01,181,,,,,,,2X10,171,,,,,,,12.15,486,,,,,B01AC30,1011,,,460402,656,,,,,,,METOPROLOL ORION,863,160 mg,596
,,2023-09-01,181,,,,,,,2x1X120,170,,,,,,,13.94,478,,,,,N06AX26,1004,,,371722,654,,,,,,,XATRAL CR,860,8/60 mg,592
,,2022-05-19,181,,,,,,,1x1X400,168,,,,,,,17.31,474,,,,,C03EA01,1003,,,000410,652,,,,,,,RAMIPRIL HEXAL,859,610 MG/G,570
,,2023-12-19,181,,,,,,,2X56,166,,,,,,,11.39,472,,,,,N06AX12,969,,,041140,648,,,,,,,DOXIMYCIN,858,47,5 mg,567
,,2023-03-13,181,,,,,,,3X1,165,,,,,,,9.12,471,,,,,A10BD07,920,,,590925,647,,,,,,,OLANZAPIN RATIOPHARM,851,200/25 MG,551
,,2022-11-29,181,,,,,,,2x1X12,164,,,,,,,6.82,469,,,,,A10AE05,913,,,532960,644,,,,,,,DEPRAKINE,846,100/25 MG,550
,,2020-11-24,181,,,,,,,1X8,162,,,,,,,7.85,465,,,,,C01AA05,900,,,533502,641,,,,,,,ROSUVASTATIN ACTAVIS,839,0,1 mg/annos,547
,,2022-01-07,181,,,,,,,1X3X2,5,161,,,,,,,10.79,464,,,,,N02AA55,881,,,420209,637,,,,,,,BISOPROLOL ACTAVIS,831,47,5 MG,546
,,2023-08-13,181,,,,,,,1X3,160,,,,,,,18.6,464,,,,,N05AX12,868,,,081183,635,,,,,,,AQUALAN L,826,2,5 mikrog,538
,,2022-09-03,180,,,,,,,3x21,160,,,,,,,39.77,461,,,,,B01AE07,864,,,003631,629,,,,,,,NOVORAPID FLEXPEN,822,10 mg/g,535
,,2023-09-18,180,,,,,,,2x1X50,159,,,,,,,14.26,461,,,,,N05BB01,859,,,139742,628,,,,,,,RAMIPRIL RATIOPHARM,816,2,5 MIKROG,530
,,2023-10-21,180,,,,,,,2X500,158,,,,,,,10.85,460,,,,,C09DA03,857,,,029483,621,,,,,,,DONEPEZIL ORION,812,160 MIKROG/ANNOS,527
,,2023-09-06,180,,,,,,,1x3X120,155,,,,,,,10.3,458,,,,,A10BK01,850,,,006222,620,,,,,,,ATARAX,812,50_MG,525
,,2019-12-20,180,,,,,,,1x3X10,152,,,,,,,19.11,458,,,,,N05BA06,828,,,106088,619,,,,,,,PRAMIPEXOLE ORION,809,665 MG,524
,,2023-03-31,180,,,,,,,1X3,5,152,,,,,,,15.72,458,,,,,S01CA01,821,,,026943,617,,,,,,,DOXIMED,806,0,5/0,4 MG,520
,,2022-11-09,180,,,,,,,3x1X120,152,,,,,,,29.46,457,,,,,N04BA02,794,,,006203,615,,,,,,,FINASTERID ORION,801,5 mg/ml,515
,,2022-07-27,180,,,,,,,3x120,152,,,,,,,14.92,454,,,,,G04BE08,787,,,395469,613,,,,,,,SERETIDE EVOHALER,800,500 mg/20 mikrog,513
,,2022-07-18,180,,,,,,,3X56,152,,,,,,,8.53,452,,,,,J05AB01,779,,,063375,603,,,,,,,CERAZETTE,798,125/50 MIKROG/ANNOS,510
,,2022-10-24,179,,,,,,,2x20,149,,,,,,,8.95,452,,,,,R06AX22,754,,,001024,601,,,,,,,TAMSULOSIINIHYDROKLORIDI ORION,796,400 MIKROG/ANNOS,507
,,2022-09-01,179,,,,,,,1X60X1,148,,,,,,,16.03,452,,,,,A11CC05,754,,,094002,593,,,,,,,LEVEMIR FLEXPEN,788,3MG,502
,,2023-09-14,179,,,,,,,3x5,148,,,,,,,10.19,451,,,,,L02BG04,752,,,003948,592,,,,,,,STILNOCT,780,20/12,5 MG,496
,,2023-10-06,179,,,,,,,1x2X50,143,,,,,,,13.95,451,,,,,J02AC01,751,,,442705,590,,,,,,,ENALAPRIL ORION,779,0.4 MG,480
,,2023-09-08,179,,,,,,,1x90X1,141,,,,,,,10.72,449,,,,,G03FA01,749,,,000453,588,,,,,,,TRIMOPAN,771,0,1 MG/ANNOS,478
,,2021-09-29,179,,,,,,,4X50,135,,,,,,,8.14,447,,,,,P01AB01,744,,,062812,582,,,,,,,SEPRAM,768,10 mg/ml,478
,,2023-01-09,179,,,,,,,1X10X3,134,,,,,,,8.67,447,,,,,R03BA01,737,,,565663,580,,,,,,,NORSPAN,766,25MG,476
,,2023-12-03,179,,,,,,,2x1X56,134,,,,,,,15.28,447,,,,,C01DA02,733,,,175703,579,,,,,,,VOXRA,764,1_G,463
,,2022-05-10,179,,,,,,,2X12,132,,,,,,,9.06,446,,,,,A06AD11,729,,,042379,577,,,,,,,ESCITALOPRAM ORION,763,50/1000 MG,458
,,2023-03-02,179,,,,,,,1x28,131,,,,,,,27.05,443,,,,,C09DA07,728,,,195632,572,,,,,,,PROGYNOVA,762,0.5 MG,456
,,2022-11-30,179,,,,,,,1X12X1,130,,,,,,,2.16,440,,,,,M03BC01,726,,,526871,568,,,,,,,OXAMIN,758,160 mikrog/annos,448
,,2023-06-15,179,,,,,,,3x1X5,130,,,,,,,10.26,439,,,,,A03FA01,725,,,136945,568,,,,,,,STELLA,757,12,5 mg,438
,,2023-05-10,179,,,,,,,1x60,128,,,,,,,16.33,439,,,,,M02AA15,722,,,481467,567,,,,,,,OXYNORM,752,95 mg,438
,,2022-04-06,179,,,,,,,1x3X140,127,,,,,,,14.51,436,,,,,A03DA02,720,,,021921,566,,,,,,,MICARDIS,749,20/12,5 mg,425
,,2022-10-17,178,,,,,,,2x120,126,,,,,,,256.82,433,,,,,R06AE09,718,,,093284,565,,,,,,,CETIRIZIN-RATIOPHARM,744,875/125 MG,423
,,2020-12-02,178,,,,,,,2x2X50,125,,,,,,,6.7,433,,,,,R05CB15,700,,,176455,563,,,,,,,MIRTAZAPIN RATIOPHARM,741,150MG,421
,,2023-07-27,178,,,,,,,1X120X0.5,123,,,,,,,11.23,433,,,,,L04AX01,694,,,004801,563,,,,,,,LINATILSAN,740,25_MG,418
,,2022-03-08,178,,,,,,,2X1,120,,,,,,,25.68,428,,,,,C09AA04,693,,,524348,562,,,,,,,OFTAN DEXA-CHLORA,737,0.1 %,415
,,2022-12-02,178,,,,,,,1X2X98,120,,,,,,,9.89,427,,,,,R03AK08,693,,,008259,557,,,,,,,DIOVAN COMP,731,100/25 mg,408
,,2021-10-22,178,,,,,,,1X3X30,116,,,,,,,17.05,427,,,,,N06BA04,691,,,441765,557,,,,,,,NORFLEX,727,5/2,5 mg,404
,,2023-01-05,178,,,,,,,2x200,113,,,,,,,13.81,426,,,,,D07AC13,691,,,050469,550,,,,,,,METOJECT PEN,727,500 MG/400 IU,404
,,2023-04-28,178,,,,,,,1x90,113,,,,,,,144.98,423,,,,,N05BA12,690,,,064281,549,,,,,,,LAMICTAL,726,15MG,400
,,2023-12-04,178,,,,,,,4x5X3,112,,,,,,,2.47,422,,,,,G03BA03,686,,,013353,547,,,,,,,ETORICOXIB KRKA,724,1,25 mg/annos,393
,,2019-12-18,178,,,,,,,5X100,112,,,,,,,13.63,417,,,,,R05FA02,676,,,541084,546,,,,,,,LITALGIN,720,500/5 MG,388
,,2023-03-24,178,,,,,,,3X21,112,,,,,,,46.82,415,,,,,G04CB02,676,,,383968,544,,,,,,,PRONAXEN,710,0.1MG,388
,,2022-11-23,178,,,,,,,2x5x3,111,,,,,,,16.79,415,,,,,J05AB11,673,,,037604,533,,,,,,,ENALAPRIL-RATIOPHARM,708,100 MIKROG/ANNOS,384
,,2023-06-22,178,,,,,,,1X18,110,,,,,,,11.89,415,,,,,M05BA04,660,,,018285,530,,,,,,,HISTEC,701,27,5 MIKROG/SUIHKE,384
,,2023-05-19,178,,,,,,,2X12X1,109,,,,,,,9.28,414,,,,,S01EE01,654,,,434811,527,,,,,,,ERDOPECT,700,40 MG/ML,378
,,2023-05-24,178,,,,,,,2x50,106,,,,,,,24.57,411,,,,,J01XE01,645,,,070185,521,,,,,,,DIVISUN,700,600MG,378
,,2021-12-21,178,,,,,,,1X96,106,,,,,,,9.42,410,,,,,N03AE01,643,,,007902,516,,,,,,,EZETIMIBE ORION,696,2 MG/G,377
,,2021-12-28,178,,,,,,,1x10X3,106,,,,,,,24.53,408,,,,,R03AK10,638,,,471557,516,,,,,,,JANUMET,694,16/12,5 MG,374
,,2022-01-06,178,,,,,,,1X2,105,,,,,,,15.22,407,,,,,C07AG02,634,,,550236,515,,,,,,,SERTRALIN ORION,686,250 mikrog/annos,374
,,2022-09-06,177,,,,,,,2x56,105,,,,,,,23.43,407,,,,,A07DA03,632,,,499533,515,,,,,,,TRAMAL RETARD,685,75MG,368
,,2022-10-10,177,,,,,,,1X3X1,105,,,,,,,88.8,406,,,,,D07AD01,632,,,521208,514,,,,,,,TEMESTA,683,665 mg,364
,,2022-09-28,177,,,,,,,6X100,105,,,,,,,13.2,404,,,,,G03FA14,625,,,176107,508,,,,,,,TARGINIQ,678,200/25 mg,362
,,2022-09-13,177,,,,,,,1x10X0.4,104,,,,,,,9.08,402,,,,,J01MA02,609,,,154028,508,,,,,,,VISCOTEARS,674,70 MG,361
,,2022-06-18,177,,,,,,,1X3X3,103,,,,,,,8.63,402,,,,,S01GX01,607,,,101953,501,,,,,,,MEMANTIN ORION,659,50 MIKROG/ML,360
,,2023-11-04,177,,,,,,,1x120x0,5,102,,,,,,,12.14,402,,,,,R05CB06,594,,,118072,496,,,,,,,TRADOLAN RETARD,658,16/12,5 mg,355
,,2023-11-03,177,,,,,,,2X90,100,,,,,,,7.75,401,,,,,S01BA04,591,,,006989,495,,,,,,,CITALOPRAM ORION,653,160/4,5 mikrog/annos,355
,,2023-11-08,177,,,,,,,1x1X18,99,,,,,,,2.51,401,,,,,A11EA,576,,,005932,494,,,,,,,RIVATRIL,653,1 MG/G,353
,,2023-11-20,177,,,,,,,1x30X0.25,99,,,,,,,11.78,401,,,,,C01BC04,567,,,484011,491,,,,,,,VOLTAREN FORTE,651,70 mg,351
,,2020-03-11,177,,,,,,,1x3X1,98,,,,,,,152.3,400,,,,,D07AB02,562,,,005976,489,,,,,,,CALCICHEW D3 FORTE MINTTU,647,750MG,349
,,2020-03-28,177,,,,,,,4X5X3,98,,,,,,,11.95,399,,,,,J01FA10,561,,,007083,486,,,,,,,MOTIFENE DUAL,644,125/50MIKROG/ANN,346
,,2022-12-21,177,,,,,,,1X40,97,,,,,,,7.18,398,,,,,R05DA01,559,,,003121,483,,,,,,,NITROFUR-C,644,400 mikrog/annos,342
,,2021-04-01,177,,,,,,,1x3x28,96,,,,,,,1.43,397,,,,,A02BC04,556,,,028121,483,,,,,,,RELVAR ELLIPTA,638,75/750 MG,340
,,2023-01-02,177,,,,,,,1x120,95,,,,,,,14.19,396,,,,,N03AX14,556,,,141238,481,,,,,,,MELATONIN.,622,5 %,333
,,2022-05-13,177,,,,,,,2x1X500,95,,,,,,,9.47,395,,,,,D06AX01,548,,,034694,480,,,,,,,CODESAN COMP,614,7.5MG,327
,,2023-03-10,177,,,,,,,2x1X24,95,,,,,,,20.24,392,,,,,N06AB03,543,,,067530,479,,,,,,,LINATIL COMP,603,500/30_MG,327
,,2018-12-07,177,,,,,,,3x10,95,,,,,,,5.62,392,,,,,M01AC06,541,,,450734,477,,,,,,,BECLOMET EASYHALER,594,6 mg/ml,323
,,2023-05-27,177,,,,,,,3x1X56,95,,,,,,,4.63,392,,,,,C02AC05,526,,,031814,477,,,,,,,FLAVAMED,591,0,02/3 MG,322
,,2022-09-27,176,,,,,,,1x60X1,95,,,,,,,7.57,391,,,,,N06DA03,525,,,471490,475,,,,,,,INNOVAIR,589,2.5_MG,320
,,2023-07-05,176,,,,,,,1X30X1,94,,,,,,,16.53,391,,,,,M05BX04,521,,,579147,472,,,,,,,NORVASC,586,12,5 MG,320
,,2023-11-09,176,,,,,,,1x1X40,94,,,,,,,5.72,391,,,,,R03AC03,516,,,481549,469,,,,,,,AMORION COMP,584,27,5 MIKROG/SUIH,319
,,2023-11-06,176,,,,,,,1x5X20,94,,,,,,,19.74,388,,,,,N06CA01,516,,,094310,460,,,,,,,ASASANTIN RETARD,583,300MG,314
,,2023-11-12,176,,,,,,,1x1X2,93,,,,,,,6.15,387,,,,,G04BX01,514,,,016395,460,,,,,,,PULMICORT TURBUHALER,580,50/1000 mg,312
,,2022-06-04,176,,,,,,,3x56,93,,,,,,,85.76,387,,,,,G02BB01,508,,,416719,455,,,,,,,ARTELAC,579,600_MG,309
,,2023-09-21,176,,,,,,,2X10X3,91,,,,,,,12.53,385,,,,,C07BB07,489,,,493232,452,,,,,,,MICARDISPLUS,576,3,2 MG/ML,309
,,2023-10-04,176,,,,,,,1X112,91,,,,,,,12.92,384,,,,,C10AA03,485,,,162658,448,,,,,,,TRIOBE,575,2.5MG,302
,,2023-10-27,176,,,,,,,2x12,90,,,,,,,10.5,383,,,,,G03AA10,485,,,396554,448,,,,,,,CLOPIDOGREL KRKA,567,27.5 MIKROG/SUIHKE,299
,,2023-09-04,176,,,,,,,2X5,89,,,,,,,29.29,380,,,,,N03AF02,478,,,445240,448,,,,,,,CANDESARTAN ACTAVIS,565,1,25 MG/ANNOS,297
,,2021-04-02,176,,,,,,,1x24,89,,,,,,,3.91,379,,,,,A10BJ02,477,,,418896,446,,,,,,,AMLODIPIN ACTAVIS,560,50/250 MIKROG/ANNOS,296
,,2023-04-03,176,,,,,,,1X42,89,,,,,,,127.72,378,,,,,A06AD15,476,,,581637,445,,,,,,,COCILLANA,559,150_MG,293
,,2023-04-13,176,,,,,,,1X3X5,87,,,,,,,1.8,378,,,,,A10AB04,465,,,018904,443,,,,,,,DALACIN,559,550 MG,292
,,2023-04-14,176,,,,,,,1x1X21,87,,,,,,,13.65,377,,,,,C09DB01,455,,,385490,442,,,,,,,ESTRADOT,551,3,2 mg/ml,292
,,2019-12-06,176,,,,,,,1X50X12,86,,,,,,,7.14,375,,,,,L04AB04,452,,,476408,441,,,,,,,VALAVIR,550,30MG,291
,,2023-12-16,176,,,,,,,1x3X3,81,,,,,,,13.91,375,,,,,J07BA01,448,,,003678,439,,,,,,,QUETIAPINE TEVA,547,47.5 MG,291
,,2023-06-14,176,,,,,,,2X140,81,,,,,,,9.49,374,,,,,B03BA03,445,,,161495,437,,,,,,,VICTOZA,543,15_MG,287
,,2023-06-16,176,,,,,,,1x4X1,81,,,,,,,20.89,374,,,,,C10AA04,443,,,479186,435,,,,,,,MEDITHYROX,535,0,25 mg,286
,,2021-05-19,176,,,,,,,1X48,80,,,,,,,16.86,374,,,,,N06AA10,440,,,463133,435,,,,,,,BUDESONID EASYHALER,532,1 %,286
,,2021-05-25,176,,,,,,,1x3X30,78,,,,,,,16.68,369,,,,,J07AL02,439,,,116928,432,,,,,,,CANDEMOX,527,200MIKROG/DOS,285
,,2021-05-27,176,,,,,,,1x50X12,78,,,,,,,12.63,369,,,,,D01BA02,432,,,463869,432,,,,,,,FLAGYL,525,1 mg/g,285
,,2019-06-17,176,,,,,,,1X90X0,3,77,,,,,,,19.91,367,,,,,M01AE52,430,,,050365,431,,,,,,,IBUXIN,520,6 MG/ML,281
,,2022-09-07,175,,,,,,,1x1X42,77,,,,,,,6.25,367,,,,,L04AD01,430,,,431530,430,,,,,,,EZETROL,518,5 MIKROG/H,279
,,2022-09-15,175,,,,,,,2x1X90,77,,,,,,,15.65,367,,,,,A10AE06,425,,,469485,428,,,,,,,MIRANAX,517,50/12,5 MG,277
,,2023-07-29,175,,,,,,,2x1X5,76,,,,,,,36.63,366,,,,,D01AC20,423,,,526297,427,,,,,,,BRICANYL TURBUHALER,516,50/12,5 mg,274
,,2022-06-17,175,,,,,,,1x60X0.35,76,,,,,,,15.34,365,,,,,S01EC04,423,,,184911,425,,,,,,,EMGESAN,516,5 mikrog/h,274
,,2023-11-22,175,,,,,,,6x1X100,75,,,,,,,10.59,364,,,,,N07CA01,423,,,090998,425,,,,,,,NITROGLYCERIN ORION,514,2MG,272
,,2020-03-23,175,,,,,,,4x1X50,73,,,,,,,10.65,364,,,,,G03HB01,422,,,025792,423,,,,,,,AMOXIN,513,5 MG/G,268
,,2021-10-25,175,,,,,,,1x1X300,73,,,,,,,27.38,363,,,,,N02BF01,421,,,431809,420,,,,,,,SILDENAFIL SANDOZ,512,750_MG,267
,,2021-10-04,175,,,,,,,5x1X100,73,,,,,,,13.03,362,,,,,C09AA03,421,,,027169,418,,,,,,,DULOXETINE KRKA,510,1,5 mg,267
,,2023-04-17,175,,,,,,,1x20,73,,,,,,,8.5,359,,,,,G04BD08,412,,,048580,415,,,,,,,LOSARTAN/HYDROCHLOROTHIAZIDE ORION,502,0,5 %,265
,,2022-08-27,175,,,,,,,2X180,73,,,,,,,5.83,358,,,,,A01AA01,395,,,135269,412,,,,,,,PREGABALIN ORION,500,23,2 mg/g,264
,,2023-12-08,175,,,,,,,1X21,73,,,,,,,7.0,357,,,,,R03AK11,385,,,160763,411,,,,,,,DERMOVAT,499,100_U/ML,263
,,2023-12-13,175,,,,,,,1X51,73,,,,,,,11.96,357,,,,,N03AF01,384,,,566182,410,,,,,,,MIRTAZAPIN ACTAVIS,497,2.5 MIKROG,263
,,2023-12-18,175,,,,,,,1X80,72,,,,,,,14.13,356,,,,,J01FF01,382,,,169264,409,,,,,,,LEVOLAC,493,100/12,5 mg,262
,,2020-07-15,175,,,,,,,2x10,71,,,,,,,31.14,355,,,,,N02AB03,382,,,490395,409,,,,,,,OXYCONTIN,493,200MG,262
,,2022-02-24,175,,,,,,,1x90X0.3,71,,,,,,,9.4,355,,,,,B01AB10,380,,,123273,408,,,,,,,LINATIL,492,2,5/25 MG,261
,,2022-02-21,175,,,,,,,1x5x3,70,,,,,,,14.2,354,,,,,M03BC51,380,,,011271,404,,,,,,,GABAPENTIN RATIOPHARM,492,50 mikrog/ml,260
,,2022-02-20,175,,,,,,,2X15,70,,,,,,,8.21,354,,,,,N02BF02,377,,,380766,403,,,,,,,PENOMAX,488,2.5 mg,256
,,2022-11-16,175,,,,,,,1x10,70,,,,,,,1.57,354,,,,,S01BA01,377,,,427844,403,,,,,,,SERONIL,488,100 mg/ml,252
,,2021-12-22,175,,,,,,,2x500,70,,,,,,,6.04,352,,,,,L04AA06,373,,,016941,399,,,,,,,CIRCADIN,484,32 mg,251
,,2021-12-07,175,,,,,,,1x60X0.5,70,,,,,,,133.84,349,,,,,C07AB12,370,,,005494,398,,,,,,,DULOXETINE ORION,484,670 MG/ML,250
,,2022-04-05,175,,,,,,,1x120x0.5,69,,,,,,,2.13,349,,,,,S01EE05,366,,,449134,398,,,,,,,CANDEXETIL COMP,483,5 mg/g,249
,,2023-08-30,175,,,,,,,120x0,5,68,,,,,,,72.95,349,,,,,N05AA02,366,,,010603,396,,,,,,,MEMANTINE SANDOZ,483,20/12.5 MG,247
,,2021-03-13,174,,,,,,,2X4,67,,,,,,,21.48,348,,,,,R06AX13,366,,,185660,396,,,,,,,VOLTAREN RETARD,479,23,2 MG/G,246
,,2020-12-07,174,,,,,,,2X6,67,,,,,,,2.73,346,,,,,H02AB04,365,,,469437,396,,,,,,,PERINDOPRIL RATIOPHARM,475,300 U/ml,244
,,2023-07-09,174,,,,,,,1X400,67,,,,,,,12.06,346,,,,,B03AA01,363,,,484953,392,,,,,,,RISPERIDON ORION,475,75_MG,243
,,2023-11-24,174,,,,,,,4x50,67,,,,,,,9.95,345,,,,,C07AB03,363,,,518332,391,,,,,,,AMOXIN COMP,473,200_MIKROG/ANNOS,239
,,2023-11-23,174,,,,,,,1X3X140,66,,,,,,,7.68,343,,,,,M02AA07,363,,,398800,390,,,,,,,ARTHRYL,472,100U/ML,238
,,2020-03-09,174,,,,,,,1x1X48,66,,,,,,,7.6,343,,,,,N05AN01,359,,,156018,389,,,,,,,EXPROS,466,1 milj.IU,237
,,2023-10-18,174,,,,,,,1X900,66,,,,,,,17.49,341,,,,,C05AA08,358,,,409763,381,,,,,,,NEURONTIN,462,550 mg,237
,,2022-03-01,174,,,,,,,1x180,64,,,,,,,20.03,339,,,,,B03BA01,357,,,018759,379,,,,,,,DIGOXIN ORION SEMI,452,300_MG,237
,,2022-12-26,174,,,,,,,1X4X1,64,,,,,,,9.73,339,,,,,G01AF01,357,,,598886,379,,,,,,,ELOCON,452,0,5 mg/g,237
,,2023-04-12,174,,,,,,,1x1X112,63,,,,,,,17.39,339,,,,,L02AE02,353,,,102164,378,,,,,,,PRED FORTE,450,1/10 MG/G,236
,,2023-04-16,174,,,,,,,1x3X5,63,,,,,,,19.83,338,,,,,N06DA04,352,,,395850,378,,,,,,,GLUCOPHAGE,446,400MG,236
,,2021-11-29,174,,,,,,,1X120X0,6,63,,,,,,,19.06,336,,,,,L04AD02,350,,,005876,377,,,,,,,TAMBOCOR RETARD,446,2 mg/g,233
,,2021-11-03,174,,,,,,,3X98,62,,,,,,,27.02,336,,,,,G03AA09,349,,,005209,370,,,,,,,LETROZOL RATIOPHARM,445,6 mg,233
,,2022-02-16,174,,,,,,,2x5,62,,,,,,,2.42,335,,,,,N02CC03,343,,,478757,369,,,,,,,COHEMIN DEPOT,445,10 mikrog/h,233
,,2022-11-15,174,,,,,,,1X5X20,62,,,,,,,7.81,334,,,,,S01AE05,339,,,010215,368,,,,,,,SUMATRIPTAN TEVA,442,10 MIKROG/H,232
,,2020-11-26,174,,,,,,,3X60X1,62,,,,,,,14.46,334,,,,,D07XC01,334,,,179374,366,,,,,,,NUVARING,442,1/10 mg/g,232
,,2022-11-11,174,,,,,,,1x12X1,62,,,,,,,8.72,333,,,,,N06AB05,332,,,016315,365,,,,,,,AMLODIPIN KRKA,442,12 g,228
,,2022-11-02,174,,,,,,,3x2,5,62,,,,,,,26.33,333,,,,,D07CC01,331,,,013485,364,,,,,,,ISANGINA,439,25/250 MIKROG/ANNOS,228
,,2023-06-26,174,,,,,,,2x1X15,61,,,,,,,12.55,333,,,,,J01XX05,330,,,160972,364,,,,,,,NORITREN,439,2.5 MG/G,226
,,2023-06-30,174,,,,,,,1X0.5,61,,,,,,,27.0,332,,,,,L02BA01,329,,,048876,364,,,,,,,PARIET,438,40 mg/ml,226
,,2020-06-07,174,,,,,,,1X250,60,,,,,,,8.07,332,,,,,G03FA12,328,,,445344,364,,,,,,,ETORICOXIB ORION,437,100 mikrog/annos,224
,,2023-02-14,174,,,,,,,1x1X80,60,,,,,,,6.36,331,,,,,G03DC02,322,,,069727,363,,,,,,,ORISANTIN,437,500/20 MG,223
,,2022-07-12,174,,,,,,,1X10X0,4,60,,,,,,,1.44,331,,,,,H02AB02,321,,,070384,363,,,,,,,ABSENOR,436,300 U/ML,222
,,2022-10-29,173,,,,,,,3x5x3,60,,,,,,,13.87,330,,,,,H02AB07,321,,,552620,361,,,,,,,PANTOPRAZOLE RATIOPHARM,435,10_MIKROG,222
,,2020-12-16,173,,,,,,,3X10,60,,,,,,,1.09,330,,,,,N02CC06,320,,,104055,361,,,,,,,ESOMEPRAZOL RATIOPHARM,435,5/2,5 MG,221
,,2023-11-28,173,,,,,,,5x3,59,,,,,,,32.08,329,,,,,N02CC07,314,,,010947,360,,,,,,,ESTROGEL,434,50 MG/ML,220
,,2022-06-19,173,,,,,,,3x1X1,59,,,,,,,8.41,327,,,,,A09AA02,312,,,002039,360,,,,,,,SELOKEN ZOC,432,50/250 mikrog/annos,220
,,2023-10-19,173,,,,,,,1X9,57,,,,,,,11.01,325,,,,,D07AB08,305,,,492298,358,,,,,,,KALCIPOS-D FORTE,432,18 MIKROG,219
,,2021-10-12,173,,,,,,,2X24,57,,,,,,,82.16,323,,,,,C09DX01,303,,,537324,357,,,,,,,SANDIMMUN NEORAL,430,80/12,5 mg,219
,,2021-04-06,173,,,,,,,6x100,57,,,,,,,7.19,323,,,,,B01AF03,302,,,010940,357,,,,,,,VIMOVO,430,1,25 MG/ML,218
,,2023-01-20,173,,,,,,,3x1X200,56,,,,,,,1.64,323,,,,,A10BH02,296,,,090070,357,,,,,,,TRESIBA,425,6 MG,216
,,2022-08-20,173,,,,,,,2x90,55,,,,,,,14.09,322,,,,,N05AB03,295,,,001102,356,,,,,,,LANTUS SOLOSTAR,423,25/250 mikrog/annos,216
,,2021-11-04,173,,,,,,,2x10X3,55,,,,,,,10.23,321,,,,,L04AB01,293,,,525154,355,,,,,,,ALLONOL,423,75/750 mg,215
,,2023-03-15,173,,,,,,,1X90X0.3,54,,,,,,,15.08,321,,,,,N03AX11,291,,,004795,353,,,,,,,DIFLUCAN,420,35/450 MG,212
,,2018-12-25,173,,,,,,,1x1X250,54,,,,,,,8.3,320,,,,,G03AA14,290,,,135210,351,,,,,,,ORIDIP,420,500/5 mg,212
,,2023-06-01,173,,,,,,,1x1X9,54,,,,,,,83.85,319,,,,,R06AX26,290,,,539990,349,,,,,,,NEXIUM,414,0,1 MG,212
,,2019-03-15,173,,,,,,,1x200,54,,,,,,,10.44,317,,,,,N02AJ13,285,,,011326,349,,,,,,,SUMATRIPTAN SANDOZ,412,32 MG,211
,,2023-05-23,173,,,,,,,1x1X900,54,,,,,,,21.29,317,,,,,N02CC04,282,,,482612,348,,,,,,,AZOPT,410,0.1 MG/ANNOS,211
,,2021-05-08,173,,,,,,,2x1X1,53,,,,,,,12.04,317,,,,,A05AA02,280,,,015095,347,,,,,,,EXFORGE,409,0,088 mg,211
,,2023-05-02,173,,,,,,,1x1X96,53,,,,,,,9.45,316,,,,,A11CC03,278,,,019621,346,,,,,,,PENTASA,409,200/6 mikrog/annos,210
,,2023-05-01,173,,,,,,,1x120X0.6,53,,,,,,,16.11,316,,,,,D05AX52,270,,,409474,345,,,,,,,HYDROCORTISON,408,7.5_MG,206
,,2023-08-28,173,,,,,,,1x1X51,52,,,,,,,14.9,313,,,,,C02CA01,267,,,593319,344,,,,,,,RISPERIDON RATIOPHARM,407,400_MG,206
,,2022-09-23,172,,,,,,,4x5x3,52,,,,,,,21.49,313,,,,,J07BC20,267,,,474643,342,,,,,,,IMUREL,407,80/12,5 MG,205
,,2023-07-19,172,,,,,,,3x1,52,,,,,,,9.57,313,,,,,S02CA03,267,,,008468,339,,,,,,,KEPPRA,402,100/6 mikrog/annos,205
,,2022-06-07,172,,,,,,,2X150,52,,,,,,,11.49,313,,,,,L01BA01,262,,,004579,337,,,,,,,FOLIC ACID VITABALANS,402,0.1_MG,204
,,2023-11-16,172,,,,,,,2x1X180,52,,,,,,,159.51,311,,,,,B01AC24,257,,,469940,335,,,,,,,PREGABALIN RATIOPHARM,402,500/125 MG,203
,,2021-06-05,172,,,,,,,1X60X0,5,52,,,,,,,7.74,311,,,,,A11DB,257,,,503220,335,,,,,,,puuttuu,401,50/500 MIKROG/ANNOS,203
,,2023-09-29,172,,,,,,,1X20X1,52,,,,,,,19.07,310,,,,,A04AA01,255,,,059933,334,,,,,,,CYMBALTA,398,1MG,202
,,2021-10-14,172,,,,,,,3X20,52,,,,,,,14.06,310,,,,,C08CA05,255,,,006183,333,,,,,,,AVODART,398,184/22 mikrog/annos,202
,,2021-09-05,172,,,,,,,2x1X14,51,,,,,,,23.88,310,,,,,R01AD01,255,,,541389,333,,,,,,,FOLVITE,396,670 mg/ml,202
,,2023-04-23,172,,,,,,,1X168,51,,,,,,,16.95,309,,,,,D11AH01,254,,,512891,332,,,,,,,VENLAFAXIN KRKA,395,12 G,201
,,2022-08-12,172,,,,,,,2X5x3,50,,,,,,,6.79,308,,,,,J01EE01,252,,,546192,332,,,,,,,FUCIDIN,395,100/12,5 MG,201
,,2023-12-01,172,,,,,,,List truncated...,,,,,,,,98.15,308,,,,,R03AL09,249,,,003607,331,,,,,,,EZETIMIBE RATIOPHARM,394,0.5/0.4 MG,201
,,2023-12-11,172,,,,,,,,,,,,,,,13.49,308,,,,,A12AA04,249,,,560664,330,,,,,,,PRIMPERAN,393,10MIKROG,201
,,2021-11-09,172,,,,,,,,,,,,,,,23.13,308,,,,,G03AC10,246,,,489609,329,,,,,,,DURAPHAT,388,0,03/3 MG,200
,,2021-11-23,172,,,,,,,,,,,,,,,7.34,307,,,,,A10BB12,245,,,019758,329,,,,,,,GASTERIX,387,5/50 MG,197
,,2019-12-02,172,,,,,,,,,,,,,,,7.1,307,,,,,M01AH01,239,,,022708,329,,,,,,,CARVEDILOL ORION,381,1/2 mg/ml,193
,,2021-07-20,172,,,,,,,,,,,,,,,13.24,307,,,,,J01EE02,238,,,475052,327,,,,,,,LOMUDAL,381,1/2 MG/ML,193
,,2022-11-13,172,,,,,,,,,,,,,,,59.54,307,,,,,C08DB01,238,,,031519,327,,,,,,,INNOHEP,380,150/20 MIKROG,192
,,2021-05-07,172,,,,,,,,,,,,,,,7.04,306,,,,,R03AC13,237,,,386762,326,,,,,,,SPIRIVA,379,200_MG,191
,,2023-05-18,172,,,,,,,,,,,,,,,7.46,306,,,,,S02AA03,236,,,047676,325,,,,,,,XELEVIA,376,15 mikrog/ml,190
,,2021-12-30,172,,,,,,,,,,,,,,,19.39,305,,,,,J01MA12,235,,,545673,324,,,,,,,YASMIN,376,800MG,189
,,2021-12-14,172,,,,,,,,,,,,,,,15.35,305,,,,,N06AA12,234,,,568442,321,,,,,,,FLUTIFORM,375,0.5MG,188
,,2023-08-09,172,,,,,,,,,,,,,,,1.3,304,,,,,C08DA01,233,,,130864,321,,,,,,,VOLTAREN RAPID,374,500MG/10MIKROG,187
,,2023-08-11,172,,,,,,,,,,,,,,,19.5,303,,,,,H02AB09,232,,,064699,321,,,,,,,OLANZAPIN SANDOZ,367,1,5 MG,186
,,2023-08-23,172,,,,,,,,,,,,,,,16.26,302,,,,,N02CC05,230,,,521282,321,,,,,,,TAFLOTAN,366,92/22 mikrog/annos,186
,,2023-08-22,172,,,,,,,,,,,,,,,155.03,302,,,,,C07FB02,229,,,474254,321,,,,,,,TRILEPTAL,364,0,125 mg,185
,,2022-10-20,171,,,,,,,,,,,,,,,17.52,301,,,,,A07EA06,228,,,005233,320,,,,,,,BUPRENORPHINE RATIOPHARM,364,2 MG/35 MIKROG,184
,,2022-09-02,171,,,,,,,,,,,,,,,14.93,300,,,,,S01BC10,226,,,038534,320,,,,,,,LITO,360,0,6 mg/g,183
,,2022-09-25,171,,,,,,,,,,,,,,,38.41,300,,,,,G03DB01,224,,,040160,320,,,,,,,LOCOID,360,30_MG,182
,,2022-10-04,171,,,,,,,,,,,,,,,252.5,300,,,,,M03BX01,222,,,112274,318,,,,,,,CANODERM,358,100 u/ml,182
,,2022-09-22,171,,,,,,,,,,,,,,,8.34,298,,,,,H03BB01,221,,,154309,315,,,,,,,TAMICTOR,357,50MIKROG/DOS,182
,,2023-07-20,171,,,,,,,,,,,,,,,7.96,298,,,,,M01AE03,220,,,052067,314,,,,,,,LOSARTAN/HYDROCHLOROTHIAZIDE KRKA,356,800_MG,180
,,2022-06-05,171,,,,,,,,,,,,,,,11.77,297,,,,,D02AE01,219,,,498529,314,,,,,,,KESTINE,355,16/12.5 MG,180
,,2022-03-19,171,,,,,,,,,,,,,,,16.61,296,,,,,B02AA02,218,,,093047,313,,,,,,,CITALOPRAM-RATIOPHARM,354,2_MG,178
,,2022-03-10,171,,,,,,,,,,,,,,,5.61,296,,,,,L04AB06,216,,,064818,313,,,,,,,LAMOTRIGIN ORION,354,2,5 %,177
,,2022-03-28,171,,,,,,,,,,,,,,,121.03,296,,,,,A10BJ05,213,,,467867,312,,,,,,,KLOTRIPTYL MITE,353,0,02/3 mg,176
,,2022-03-31,171,,,,,,,,,,,,,,,1.31,296,,,,,C01BD01,212,,,374231,311,,,,,,,VALSARTAN KRKA,352,50MIKROG/ANN,175
,,2022-12-04,171,,,,,,,,,,,,,,,174.28,295,,,,,D07AA02,211,,,034987,310,,,,,,,YAZ,352,0,125 MG,174
,,2020-02-05,171,,,,,,,,,,,,,,,123.43,295,,,,,A03CA02,210,,,012209,309,,,,,,,FLIXOTIDE EVOHALER,351,23,75 mg,170
,,2021-09-14,171,,,,,,,,,,,,,,,27.69,294,,,,,N06AX22,210,,,006998,308,,,,,,,XANOR,351,87/5/9 mikrog,169
,,2023-09-07,171,,,,,,,,,,,,,,,23.59,294,,,,,S01AA13,206,,,370269,307,,,,,,,CANDESARTAN/HYDROCHLOROTHIAZIDE ORION,347,2,5/25 mg,169
,,2023-01-08,171,,,,,,,,,,,,,,,6.76,293,,,,,G03DA04,206,,,109586,306,,,,,,,KESTOX,347,25 MG/ML,169
,,2022-05-03,171,,,,,,,,,,,,,,,3.26,293,,,,,G03FB08,205,,,572084,306,,,,,,,KEFALEX,343,1 MILJ IU,168
,,2022-05-14,171,,,,,,,,,,,,,,,14.4,291,,,,,R03DA04,204,,,560718,303,,,,,,,CERALAN,342,15 MIKROG/ML,166
,,2018-12-17,171,,,,,,,,,,,,,,,9.38,291,,,,,C01CA24,201,,,143534,302,,,,,,,OFTAQUIX,340,500_MG/10_MIKROG,165
,,2021-02-28,171,,,,,,,,,,,,,,,6.22,291,,,,,B05DA,201,,,453522,300,,,,,,,CIPROFLOXACIN RATIOPHARM,339,4000 IU (40 mg)/0,4 ml,165
,,2022-11-28,171,,,,,,,,,,,,,,,21.87,290,,,,,G03AB08,201,,,445069,299,,,,,,,OFTAN DEXA,338,37,5/325 mg,164
,,2023-06-09,171,,,,,,,,,,,,,,,15.69,290,,,,,C09BB04,199,,,010521,298,,,,,,,ORBEOS,336,20/1 MG/G,163
,,2020-11-22,171,,,,,,,,,,,,,,,15.98,290,,,,,B03XA02,199,,,002104,298,,,,,,,DIPROSALIC,334,0,0625 mg,163
,,2023-05-17,171,,,,,,,,,,,,,,,13.74,290,,,,,A10BG03,199,,,086625,297,,,,,,,TICOVAC,331,0,25 MG,162
,,2022-04-10,171,,,,,,,,,,,,,,,3.13,290,,,,,S01EE03,196,,,599563,297,,,,,,,CLOPIDOGREL MYLAN,328,500/20 mg,162
,,2021-08-11,171,,,,,,,,,,,,,,,246.77,289,,,,,A04AA02,195,,,017248,297,,,,,,,INDIVINA,328,1,25 mg/ml,161
,,2021-08-17,171,,,,,,,,,,,,,,,8.28,289,,,,,L04AA13,194,,,462283,296,,,,,,,BETASERC,327,1 MILJ.IU,158
,,2020-12-19,170,,,,,,,,,,,,,,,7.76,289,,,,,L03AA13,192,,,515148,296,,,,,,,SYMBICORT TURBUHALER FORTE,327,1 MILJ. IU,157
,,2023-07-30,170,,,,,,,,,,,,,,,13.42,287,,,,,N04BA03,190,,,112973,294,,,,,,,CERALAN PLUS,324,0,2 mg,157
,,2022-06-09,170,,,,,,,,,,,,,,,7.25,285,,,,,A02BA02,189,,,445481,294,,,,,,,CALCICHEW D3 EXTRA SITRUUNA,324,0,5 MG/G,157
,,2023-11-19,170,,,,,,,,,,,,,,,21.98,284,,,,,N04BC04,189,,,085792,294,,,,,,,MEDROL,323,1_MG,155
,,2020-03-12,170,,,,,,,,,,,,,,,19.59,284,,,,,L01BC06,188,,,134374,293,,,,,,,METOCLOPRAMIDE ORION,323,37,5 mg,154
,,2020-03-04,170,,,,,,,,,,,,,,,7.4,284,,,,,A07FA02,187,,,010361,293,,,,,,,PEGORION,322,4MG,153
,,2020-03-03,170,,,,,,,,,,,,,,,110.21,283,,,,,N07BA03,187,,,154288,293,,,,,,,PREDNISON,320,160/12,5 mg,152
,,2020-03-06,170,,,,,,,,,,,,,,,5.2,283,,,,,C09BA03,187,,,075856,291,,,,,,,TRIMETIN,318,50 mg/ml,151
,,2023-10-09,170,,,,,,,,,,,,,,,19.13,282,,,,,N05AF03,185,,,101857,291,,,,,,,SOMNOR,318,25/100 mg,151
,,2023-09-24,170,,,,,,,,,,,,,,,11.86,282,,,,,S01BA07,185,,,473135,290,,,,,,,PREVENAR 13,317,1000 MG/4 ML,151
,,2023-09-22,170,,,,,,,,,,,,,,,14.3,281,,,,,D07BB04,184,,,005436,289,,,,,,,LEVOMEPROMAZINE ORION,316,500 MG/20 MIKROG,151
,,2023-10-24,170,,,,,,,,,,,,,,,14.88,279,,,,,C09BA04,183,,,152543,288,,,,,,,PEVISONE,315,100IU/ML,150
,,2023-10-28,170,,,,,,,,,,,,,,,13.13,279,,,,,C09CA08,183,,,402343,288,,,,,,,GLUCOSAMIN ORION,313,50/500 mikrog/annos,150
,,2021-10-18,170,,,,,,,,,,,,,,,2.49,278,,,,,G04BE01,178,,,158717,287,,,,,,,IMODIUM,313,0,088 MG,150
,,2021-10-09,170,,,,,,,,,,,,,,,11.26,278,,,,,M02AA10,177,,,555185,286,,,,,,,SINEMET,313,0,2 MG,149
,,2023-09-05,170,,,,,,,,,,,,,,,10.94,277,,,,,G03FB05,177,,,010573,286,,,,,,,PANADOL NOVUM,313,875/125 mg,149
,,2022-08-22,170,,,,,,,,,,,,,,,115.0,277,,,,,G02BA03,177,,,449395,285,,,,,,,HUMIRA,312,5/12,5 MG,149
,,2022-05-31,170,,,,,,,,,,,,,,,12.41,277,,,,,R03AL06,170,,,388702,284,,,,,,,FELDEN,311,37,5 MG,147
,,2023-12-05,170,,,,,,,,,,,,,,,2.7,276,,,,,S03CA04,170,,,070406,283,,,,,,,HYPOLOC,311,10/5 mg,146
,,2023-03-30,170,,,,,,,,,,,,,,,25.62,276,,,,,N06BA12,169,,,431454,282,,,,,,,IMIGRAN,310,25_MIKROG,146
,,2023-06-12,170,,,,,,,,,,,,,,,24.09,276,,,,,C09DX04,165,,,075009,282,,,,,,,LEVOCETIRIZIN RATIOPHARM,307,2/10 MG/ML,145
,,2022-11-12,170,,,,,,,,,,,,,,,1.16,276,,,,,R03AL08,165,,,583043,281,,,,,,,ACYRAX,306,20 mg/ml+5 mg/ml,145
,,2022-11-07,170,,,,,,,,,,,,,,,9.22,275,,,,,L01XX05,165,,,502735,280,,,,,,,APOLAR,305,0.4MG,145
,,2023-06-27,170,,,,,,,,,,,,,,,54.64,275,,,,,J01AA04,164,,,083993,280,,,,,,,LORATADIN RATIOPHARM,303,24 MG,145
,,2023-05-15,170,,,,,,,,,,,,,,,23.27,275,,,,,A10AC01,161,,,483167,279,,,,,,,MEMANTINE RATIOPHARM,303,160/4,5 MIKROG/ANNOS,144
,,2023-05-12,170,,,,,,,,,,,,,,,21.34,274,,,,,C03BA11,161,,,028586,279,,,,,,,CLOPIDOGREL ACTAVIS,303,0,18 mg,143
,,2022-07-25,170,,,,,,,,,,,,,,,15.4,274,,,,,A10BD20,161,,,176909,279,,,,,,,LIXIANA,302,160/4,5 MCG/ANN,143
,,2021-12-13,170,,,,,,,,,,,,,,,25.44,274,,,,,S02CA05,160,,,405688,278,,,,,,,FLUCONAZOL ORION,302,0,6 MG/G,141
,,2023-08-06,170,,,,,,,,,,,,,,,14.38,273,,,,,N03AX18,160,,,567370,277,,,,,,,DESLORATADINE SANDOZ,301,50_MIKROG/ANNOS,141
,,2023-08-26,170,,,,,,,,,,,,,,,13.14,273,,,,,D10BA01,159,,,435156,276,,,,,,,BURANA SLOW,300,3_MG,141
,,2022-10-18,169,,,,,,,,,,,,,,,12.93,273,,,,,G01AA10,158,,,024321,275,,,,,,,DIUREX MITE,298,500/30MG,138
,,2022-10-19,169,,,,,,,,,,,,,,,17.33,272,,,,,A07AA02,156,,,080023,275,,,,,,,MELATONIINI,297,500/125 mg,138
,,2022-09-24,169,,,,,,,,,,,,,,,5.58,272,,,,,A10BX07,155,,,082252,275,,,,,,,FINASTERID RATIOPHARM,295,50 mikrog,136
,,2020-03-29,169,,,,,,,,,,,,,,,14.79,272,,,,,L02BB03,153,,,006826,275,,,,,,,PROLIA,294,11,25 mg,136
,,2022-12-20,169,,,,,,,,,,,,,,,10.38,271,,,,,G03CX01,152,,,037669,274,,,,,,,FROIDIR,293,1.25 MG/ANNOS,135
,,2021-10-19,169,,,,,,,,,,,,,,,20.84,271,,,,,S01CA03,152,,,012966,274,,,,,,,AERINAZE,290,1/0,5 MG,135
,,2019-08-20,169,,,,,,,,,,,,,,,24.46,271,,,,,S01EE04,151,,,407069,274,,,,,,,MEDIPAM,290,160/12,5 MG,135
,,2020-05-20,169,,,,,,,,,,,,,,,49.44,270,,,,,G03CA04,151,,,435387,273,,,,,,,ZOELY,290,0.02/3 MG,135
,,2023-01-12,169,,,,,,,,,,,,,,,1.26,270,,,,,S02CA02,150,,,492107,272,,,,,,,ACLOVIR,289,12,5/5 MG,134
,,2022-08-26,169,,,,,,,,,,,,,,,12.46,269,,,,,N04AA02,150,,,545657,271,,,,,,,RELERT,289,92/55/22 mikrog/annos,134
,,2020-08-27,169,,,,,,,,,,,,,,,11.33,269,,,,,G04BD11,148,,,495757,271,,,,,,,EMCONCOR COMP,288,250MG,133
,,2022-05-30,169,,,,,,,,,,,,,,,6.39,268,,,,,A04AA55,147,,,149408,270,,,,,,,VESIX,287,2,5/120 MG,132
,,2022-05-26,169,,,,,,,,,,,,,,,21.75,267,,,,,D06BX01,146,,,420630,269,,,,,,,EXFORGE HCT,287,12.5 MG,131
,,2022-05-17,169,,,,,,,,,,,,,,,8.39,266,,,,,D07CA01,145,,,054056,268,,,,,,,METFORMIN ACTAVIS,287,12,5/5 mg,130
,,2023-12-21,169,,,,,,,,,,,,,,,8.94,266,,,,,D11AH02,140,,,032178,267,,,,,,,CONCERTA,286,25MIKROG,130
,,2019-12-05,169,,,,,,,,,,,,,,,9.2,266,,,,,B05DB,140,,,054309,267,,,,,,,RAMIPRIL ORION,286,2,5/1,5 MG,129
,,2023-03-17,169,,,,,,,,,,,,,,,10.57,265,,,,,N05AD01,138,,,108562,267,,,,,,,LERCANIDIPIN HYDROCHLORID ACTAVIS,286,110 MG,128
,,2023-03-22,169,,,,,,,,,,,,,,,9.23,265,,,,,D07BC01,138,,,074894,266,,,,,,,ATACAND PLUS,286,10/5 MG,127
,,2022-11-03,169,,,,,,,,,,,,,,,7.99,265,,,,,R03AL01,137,,,058552,265,,,,,,,EXELON,284,20/1 mg/g,127
,,2023-02-19,169,,,,,,,,,,,,,,,125.23,264,,,,,S01ED01,137,,,094023,263,,,,,,,TADALAFIL RATIOPHARM,284,110 mg,127
,,2021-05-04,169,,,,,,,,,,,,,,,33.53,264,,,,,A10BX04,136,,,030790,263,,,,,,,EZETIMIB SANDOZ,283,20 mikrog/h,127
,,2023-05-16,169,,,,,,,,,,,,,,,15.79,264,,,,,C08CA10,135,,,003182,263,,,,,,,AZAMUN,283,23,75 MG,126
,,2022-07-11,169,,,,,,,,,,,,,,,15.29,264,,,,,C10AB05,133,,,556936,262,,,,,,,LISINOPRIL ORION,283,25 mg/ml,123
,,2021-12-19,169,,,,,,,,,,,,,,,13.25,264,,,,,C07AA07,133,,,115364,262,,,,,,,B12-VITAMIINI RATIOPHARM,282,160/25 MG,122
,,2022-04-09,169,,,,,,,,,,,,,,,12.64,264,,,,,A10AB06,128,,,550277,262,,,,,,,PARACETAMOL RATIOPHARM,282,20 mg/g,122
,,2020-12-15,168,,,,,,,,,,,,,,,8.04,263,,,,,N06AX03,127,,,401828,262,,,,,,,NEBIDO,282,880 MG/G,121
,,2023-07-10,168,,,,,,,,,,,,,,,7.42,263,,,,,J01CF05,126,,,019200,261,,,,,,,MONOPROST,281,0.4_MG,121
,,2022-06-03,168,,,,,,,,,,,,,,,89.11,263,,,,,H01CB03,126,,,540587,261,,,,,,,MINISUN D-VITAMIINI 20 MIKROG,281,0.1 MG,120
,,2023-11-18,168,,,,,,,,,,,,,,,14.75,263,,,,,C07AB08,125,,,009146,261,,,,,,,NITROSID,280,1,53 mg/suihke,120
,,2020-03-17,168,,,,,,,,,,,,,,,11.47,263,,,,,R06AX29,125,,,157833,261,,,,,,,MOMMOX,280,5/12,5 mg,120
,,2020-03-05,168,,,,,,,,,,,,,,,9.55,262,,,,,S01EA05,124,,,526918,259,,,,,,,MELATONIN,278,100_MIKROG,120
,,2021-06-25,168,,,,,,,,,,,,,,,16.44,262,,,,,L02BB04,124,,,019720,259,,,,,,,GALVUS,277,300 MIKROG,119
,,2023-09-27,168,,,,,,,,,,,,,,,39.04,261,,,,,J02AC02,123,,,095906,259,,,,,,,MERCILON,276,14 mg,119
,,2023-10-23,168,,,,,,,,,,,,,,,15.24,260,,,,,J01FA06,123,,,075514,259,,,,,,,AMLODIPINE VITABALANS,276,880 mg/g,119
,,2022-12-11,168,,,,,,,,,,,,,,,37.67,260,,,,,L03AA02,122,,,070528,259,,,,,,,PRAVASTATIN RATIOPHARM,274,0,5 MG/ANNOS,119
,,2022-12-24,168,,,,,,,,,,,,,,,2.28,260,,,,,J01CE08,122,,,123895,258,,,,,,,GEFINA,273,2.5/25 MG,119
,,2021-10-28,168,,,,,,,,,,,,,,,21.69,259,,,,,B01AB04,121,,,006062,258,,,,,,,ISMOX,273,0.5_MG,118
,,2021-04-23,168,,,,,,,,,,,,,,,27.16,259,,,,,N05CD08,120,,,502255,258,,,,,,,DIGOXIN ORION MITE,272,3 mg/ml,117
,,2023-04-11,168,,,,,,,,,,,,,,,5.93,259,,,,,C09BA05,119,,,000616,258,,,,,,,FUCICORT,271,8MG,116
,,2022-08-14,168,,,,,,,,,,,,,,,5.77,258,,,,,J01FA09,119,,,170092,257,,,,,,,MIGARD,270,500MG/20MCG,115
,,2022-05-25,168,,,,,,,,,,,,,,,8.9,258,,,,,R01AD11,119,,,102188,257,,,,,,,FUNGORIN,268,15 mikrog/ml+5 mg/ml,115
,,2021-11-18,168,,,,,,,,,,,,,,,1.77,258,,,,,N07BB01,118,,,166731,257,,,,,,,CIPROXIN-HYDROCORTISON,267,60MG,114
,,2019-12-21,168,,,,,,,,,,,,,,,16.18,257,,,,,L02BG06,117,,,418485,257,,,,,,,PRATSIOL,267,80MG,114
,,2021-07-18,168,,,,,,,,,,,,,,,46.6,257,,,,,R01AX03,116,,,033234,257,,,,,,,FIASP,264,75/20 MIKROG,114
,,2020-07-07,168,,,,,,,,,,,,,,,1.42,257,,,,,D07BA04,115,,,113780,257,,,,,,,CLOPIDOGREL ORION,263,1000 mg/4 ml,114
,,2022-02-11,168,,,,,,,,,,,,,,,39.31,256,,,,,N06AX05,115,,,592759,257,,,,,,,ALENDRONAT SANDOZ,262,0.1%,113
,,2022-02-02,168,,,,,,,,,,,,,,,8.2,256,,,,,C03EB01,114,,,444844,256,,,,,,,PERATSIN,259,0,18 MG,113
,,2020-11-10,168,,,,,,,,,,,,,,,31.22,255,,,,,D10AD01,114,,,000097,255,,,,,,,CLIOVELLE,259,50/12.5 MG,113
,,2021-05-03,168,,,,,,,,,,,,,,,8.46,255,,,,,S01GX08,113,,,019682,255,,,,,,,DESOGESTREL SANDOZ,259,0,5 mg/annos,111
,,2023-02-05,168,,,,,,,,,,,,,,,23.54,255,,,,,J01MA14,113,,,490425,254,,,,,,,MELOXICAM ORION,259,100/6 MIKROG/ANNOS,111
,,2023-05-22,168,,,,,,,,,,,,,,,16.29,254,,,,,A10BJ01,112,,,008429,254,,,,,,,LESCOL DEPOT,259,250_MG,111
,,2021-05-20,168,,,,,,,,,,,,,,,14.15,254,,,,,R03AC12,112,,,014597,254,,,,,,,VESICARE,258,50/170 mikrog/24 h,111
,,2021-12-27,168,,,,,,,,,,,,,,,1.55,254,,,,,A06AC51,112,,,003112,254,,,,,,,BRILIQUE,257,667 MG/ML,110
,,2022-04-28,168,,,,,,,,,,,,,,,10.33,253,,,,,L01BB02,111,,,590147,254,,,,,,,TWINRIX ADULT,256,100/12.5 MG,110
,,2022-04-27,168,,,,,,,,,,,,,,,12.1,253,,,,,C10AC01,108,,,441279,253,,,,,,,CIALIS,255,0.1_%,110
,,2022-01-03,168,,,,,,,,,,,,,,,8.64,253,,,,,D01AE16,108,,,112495,253,,,,,,,NEUROTOL SLOW,255,20 MG/G,110
,,2023-08-15,168,,,,,,,,,,,,,,,7.36,253,,,,,C07AB05,108,,,079733,253,,,,,,,EVOREL CONTI,254,3 MG/ML,109
,,2022-10-28,167,,,,,,,,,,,,,,,6.01,253,,,,,N05AX13,108,,,490437,252,,,,,,,MOBIC,254,4_MG,109
,,2020-12-23,167,,,,,,,,,,,,,,,18.64,252,,,,,G03AC01,107,,,042550,252,,,,,,,FOLIVER,253,225 mg,109
,,2023-07-31,167,,,,,,,,,,,,,,,17.66,252,,,,,R03AL03,106,,,537332,251,,,,,,,IBUMAX,251,20 MIKROG/H,109
,,2023-07-11,167,,,,,,,,,,,,,,,21.57,251,,,,,M04AA03,105,,,117655,251,,,,,,,V-PEN 1500,250,50/500 MIKROG/G,107
,,2023-07-25,167,,,,,,,,,,,,,,,6.89,251,,,,,D05BB02,105,,,021967,250,,,,,,,VI-SIBLIN S,250,8_MG,107
,,2023-11-17,167,,,,,,,,,,,,,,,9.34,250,,,,,M05BA07,105,,,526474,249,,,,,,,TRIMBOW,249,80/12.5 MG,107
,,2020-03-19,167,,,,,,,,,,,,,,,35.66,250,,,,,A10BD08,104,,,521062,249,,,,,,,TRIKOZOL,249,2 MG/ML,107
,,2023-10-10,167,,,,,,,,,,,,,,,1.41,249,,,,,N04BD02,102,,,469291,249,,,,,,,ARIPIPRAZOLE RATIOPHARM,249,30/400 MG/ML,107
,,2023-10-02,167,,,,,,,,,,,,,,,11.75,249,,,,,J01AA07,101,,,034996,248,,,,,,,SLINDA,246,2,4 mikrog/0,5 ml,106
,,2022-03-09,167,,,,,,,,,,,,,,,12.77,248,,,,,N01BB02,100,,,020053,247,,,,,,,ENALAPRIL COMP RATIOPHARM,246,1.25 MG/ML,106
,,2021-09-02,167,,,,,,,,,,,,,,,9.01,246,,,,,D10AX03,100,,,010980,247,,,,,,,BECLONASAL FORTE AQUA,245,0.125 MG,104
,,2020-05-12,167,,,,,,,,,,,,,,,9.94,246,,,,,H05BX01,99,,,592352,246,,,,,,,PANTOPRAZOL ORION,243,160/500 MG,104
,,2020-05-26,167,,,,,,,,,,,,,,,8.37,246,,,,,B01AC07,98,,,595947,245,,,,,,,ORUDIS,242,5/50 mg,104
,,2021-04-27,167,,,,,,,,,,,,,,,11.99,246,,,,,N02CD01,98,,,435115,245,,,,,,,MAXALT RAPITAB,242,250/10 mikrog/annos,103
,,2022-08-17,167,,,,,,,,,,,,,,,16.36,245,,,,,R01AX06,97,,,191568,244,,,,,,,MONTELUKAST RATIOPHARM,239,2,5/2,5 mikrog,103
,,2022-05-15,167,,,,,,,,,,,,,,,41.46,245,,,,,N04BD01,97,,,175464,244,,,,,,,DITRIM DUPLO,238,24 mg,102
,,2022-02-22,167,,,,,,,,,,,,,,,6.93,245,,,,,G04BD09,96,,,593527,243,,,,,,,ENBREL,237,32/12,5 mg,101
,,2023-06-13,167,,,,,,,,,,,,,,,14.73,245,,,,,N05BE01,96,,,577047,243,,,,,,,SILDENAFIL RATIOPHARM,236,1/0,5 mg,101
,,2022-11-20,167,,,,,,,,,,,,,,,4.37,245,,,,,J07BC02,96,,,145799,243,,,,,,,PLAVIX,236,8/60_MG,101
,,2023-06-28,167,,,,,,,,,,,,,,,7.91,243,,,,,D02AX,95,,,076555,241,,,,,,,TOUJEO SOLOSTAR,235,500 MG/100 000 IU,101
,,2022-07-02,167,,,,,,,,,,,,,,,6.97,243,,,,,R06AA09,95,,,594353,241,,,,,,,TELFAST,235,1000MG,101
,,2023-02-16,167,,,,,,,,,,,,,,,4.87,243,,,,,D10AF51,95,,,140323,240,,,,,,,SIFROL,235,100 IU/ML,100
,,2023-02-15,167,,,,,,,,,,,,,,,2.04,243,,,,,G03FA17,95,,,049031,240,,,,,,,XALCOM,234,5/160 MG,99
,,2023-02-21,167,,,,,,,,,,,,,,,31.08,242,,,,,L04AC10,94,,,433714,239,,,,,,,AMARYL,234,20 MG/ANNOS,99
,,2021-05-30,167,,,,,,,,,,,,,,,8.06,242,,,,,D11AX22,94,,,006192,238,,,,,,,ROSUVASTATIN KRKA,230,47.5MG,99
,,2021-05-10,167,,,,,,,,,,,,,,,6.47,242,,,,,S01BA02,94,,,000051,238,,,,,,,COSOPT,230,20/75 MIKROG,98
,,2021-05-11,167,,,,,,,,,,,,,,,11.37,242,,,,,H01BA02,94,,,166377,238,,,,,,,FLAGYL COMP,228,50 MIKROG/ML + 5 MG/ML,97
,,2021-05-28,167,,,,,,,,,,,,,,,8.76,241,,,,,B03XA03,93,,,192229,238,,,,,,,XGEVA,227,0.03/3 MG,97
,,2020-09-08,167,,,,,,,,,,,,,,,15.18,241,,,,,R01AD05,93,,,023454,238,,,,,,,NEVANAC,226,320/9 mikrog/annos,97
,,2022-04-08,167,,,,,,,,,,,,,,,9.02,240,,,,,A02BX13,91,,,076577,237,,,,,,,TRULICITY,225,7,5 %,96
,,2023-08-02,167,,,,,,,,,,,,,,,9.76,240,,,,,C10AA02,90,,,511839,237,,,,,,,DUTASTERIDE/TAMSULOSINHYDROCHLORID RATIOPHARM,224,90MG,95
,,2023-08-31,167,,,,,,,,,,,,,,,18.75,240,,,,,R03BB01,90,,,011207,237,,,,,,,DEVISOL 20 MIKROG,224,50 mikrog/ml + 5 mg/ml,95
,,2021-03-31,166,,,,,,,,,,,,,,,29.51,240,,,,,M01AB01,90,,,067587,235,,,,,,,TEROLUT,224,18 mg,95
,,2020-12-11,166,,,,,,,,,,,,,,,7.66,240,,,,,S01XA02,90,,,107239,235,,,,,,,OBSIDAN FE++,224,200/6 MIKROG/ANNOS,94
,,2022-09-04,166,,,,,,,,,,,,,,,14.04,240,,,,,L03AA14,89,,,085969,234,,,,,,,AQUALAN L PERUSVOIDE,223,190 MG,94
,,2022-10-02,166,,,,,,,,,,,,,,,11.17,240,,,,,L02BX02,89,,,053563,234,,,,,,,FEMOSTON CONTI 1/5,223,50 MIKROG/24 H,94
,,2023-11-29,166,,,,,,,,,,,,,,,9.52,239,,,,,A10BD15,89,,,580100,233,,,,,,,TYRAZOL,221,500MG/400IU,94
,,2020-03-27,166,,,,,,,,,,,,,,,17.79,239,,,,,J07BB02,88,,,552646,233,,,,,,,ALMOGRAN,221,35/450 mg,93
,,2020-03-18,166,,,,,,,,,,,,,,,257.48,239,,,,,L04AA27,87,,,197160,233,,,,,,,MOXONIDIN ACTAVIS,220,160/800 mg,93
,,2020-03-02,166,,,,,,,,,,,,,,,28.25,239,,,,,C09DA08,87,,,577619,233,,,,,,,INHIXA,220,2 mg/ml,92
,,2023-09-10,166,,,,,,,,,,,,,,,26.15,239,,,,,N07AA02,87,,,466654,232,,,,,,,ESOMEPRAZOL KRKA,220,50/170 MIKROG/24 H,92
,,2023-10-14,166,,,,,,,,,,,,,,,14.24,238,,,,,N05BA09,86,,,172592,232,,,,,,,ESTRENA,218,1,5 G,92
,,2023-10-31,166,,,,,,,,,,,,,,,2.93,238,,,,,A06AD65,86,,,563336,232,,,,,,,MELATONIN (YA/SOPIMUSVALMISTUSTUOTE),217,95MG,92
,,2022-03-29,166,,,,,,,,,,,,,,,20.85,237,,,,,H01CB02,86,,,011997,229,,,,,,,ALENDRONAT RATIOPHARM,216,3.2 MG/ML,91
,,2020-02-06,166,,,,,,,,,,,,,,,17.08,237,,,,,S01EC54,84,,,148586,229,,,,,,,SIMPONI,216,160/25 mg,91
,,2023-09-09,166,,,,,,,,,,,,,,,11.08,237,,,,,N05AF05,84,,,031429,228,,,,,,,TAVANIC,215,300/0,5 mg,91
,,2023-04-02,166,,,,,,,,,,,,,,,31.97,235,,,,,J05AH02,84,,,005064,228,,,,,,,ATACAND,214,27.5MIKROG/SUIHKE,91
,,2019-05-16,166,,,,,,,,,,,,,,,2.75,235,,,,,C10BA06,84,,,117590,228,,,,,,,ATORVASTATIN KRKA,213,2/5 MG/ML,90
,,2021-11-28,166,,,,,,,,,,,,,,,23.99,235,,,,,N02CD03,83,,,122952,228,,,,,,,GESTINYL,213,0.25 MG,90
,,2021-11-08,166,,,,,,,,,,,,,,,22.97,234,,,,,A10BX09,82,,,589143,228,,,,,,,ENANTON DEPOT DUAL,213,200MCG/ANN,90
,,2021-11-12,166,,,,,,,,,,,,,,,30.13,234,,,,,L04AX07,82,,,034124,228,,,,,,,TAMOFEN,211,60_MG,90
,,2023-12-24,166,,,,,,,,,,,,,,,2.45,234,,,,,D10AF01,82,,,537305,227,,,,,,,CORDARONE,211,12 MIKROG/ANNOS,90
,,2020-07-22,166,,,,,,,,,,,,,,,1.33,234,,,,,G03GA05,81,,,458349,226,,,,,,,CANDESARTAN KRKA,210,25 MIKROG/24 H,89
,,2023-03-05,166,,,,,,,,,,,,,,,53.0,233,,,,,D06BB10,79,,,135969,226,,,,,,,VOLTAREN,210,55 MIKROG/ANNOS,89
,,2022-02-19,166,,,,,,,,,,,,,,,13.52,233,,,,,G03AA13,78,,,190322,226,,,,,,,LIBRAX,210,240 MG,89
,,2023-06-11,166,,,,,,,,,,,,,,,44.1,233,,,,,G04BD04,76,,,501950,226,,,,,,,DAIVOBET,209,37,5/325 MG,89
,,2022-11-04,166,,,,,,,,,,,,,,,12.31,233,,,,,L04AC05,76,,,053461,225,,,,,,,NOVORAPID PENFILL,209,50/850 MG,89
,,2021-11-01,166,,,,,,,,,,,,,,,8.59,232,,,,,N02CC02,75,,,082040,225,,,,,,,PARACETAMOL-RATIOPHARM,208,20 mg/annos,88
,,2020-09-10,166,,,,,,,,,,,,,,,12.2,231,,,,,D01AE15,74,,,554071,222,,,,,,,EZETIMIB KRKA,207,300 MG EI GS EPILEPSIA,88
,,2021-12-02,166,,,,,,,,,,,,,,,21.81,231,,,,,G04BD07,73,,,057467,222,,,,,,,DUROGESIC,206,5/1000 mg,87
,,2022-01-17,166,,,,,,,,,,,,,,,12.39,229,,,,,G03AA16,73,,,584896,222,,,,,,,FUCITHALMIC,206,1/2 mg/g,86
,,2023-08-08,166,,,,,,,,,,,,,,,21.39,228,,,,,A04AD01,73,,,572280,222,,,,,,,AQUALAN PLUS,205,0,120/0,015 mg/24 h,86
,,2023-08-14,166,,,,,,,,,,,,,,,54.28,228,,,,,M05BA06,73,,,099753,221,,,,,,,ASA-RATIOPHARM,205,7.5 mg,85
,,2021-08-03,166,,,,,,,,,,,,,,,12.7,227,,,,,L04AX05,71,,,193789,221,,,,,,,TOUJEO,204,300 mikrog,85
,,2021-03-25,165,,,,,,,,,,,,,,,5.11,227,,,,,J06BA01,70,,,108953,221,,,,,,,ARIPIPRAZOL KRKA,203,2/10 mg/ml,85
,,2021-03-19,165,,,,,,,,,,,,,,,8.88,226,,,,,A01AA03,70,,,136595,220,,,,,,,NORGESIC,202,23.2 MG/G,85
,,2023-07-03,165,,,,,,,,,,,,,,,20.39,225,,,,,C07BB02,70,,,591443,220,,,,,,,QLAIRA,201,55 mikrog/annos,85
,,2023-11-30,165,,,,,,,,,,,,,,,8.32,225,,,,,R03BB07,69,,,017213,219,,,,,,,BUPRENORPHINE SANDOZ,200,0,35 MG,84
,,2019-11-05,165,,,,,,,,,,,,,,,15.0,224,,,,,A10BX02,69,,,450361,219,,,,,,,DILZEM,200,160/4.5 MIKROG/ANNOS,84
,,2019-11-11,165,,,,,,,,,,,,,,,85.14,224,,,,,N06AG02,69,,,446930,219,,,,,,,BYDUREON,199,3 mg/ml+0,25 mg/ml,84
,,2020-03-16,165,,,,,,,,,,,,,,,29.93,223,,,,,L02AE04,68,,,395385,218,,,,,,,YA D-VITAMIINI 20 MIKROG,199,20/10 MG/G,84
,,2021-06-30,165,,,,,,,,,,,,,,,13.37,223,,,,,J07BC01,68,,,587345,218,,,,,,,ARANESP,198,32/12,5 MG,84
,,2023-09-15,165,,,,,,,,,,,,,,,46.75,222,,,,,L02BG03,68,,,048858,218,,,,,,,RYBELSUS,197,20 MIKROG/24 H,84
,,2023-01-22,165,,,,,,,,,,,,,,,6.26,221,,,,,D01AC02,67,,,524701,217,,,,,,,HUMEKTAN,197,10/160 MG,83
,,2023-04-10,165,,,,,,,,,,,,,,,7.08,220,,,,,N05CD02,65,,,106120,216,,,,,,,TELMISARTAN RATIOPHARM,197,160/500 mg,83
,,2018-10-04,165,,,,,,,,,,,,,,,26.19,220,,,,,B03AA07,65,,,455440,214,,,,,,,ZITHROMAX,196,667 mg/ml,83
,,2022-08-29,165,,,,,,,,,,,,,,,1.53,220,,,,,L04AB05,65,,,486276,214,,,,,,,LECROLYN,196,11,25 MG,83
,,2019-12-30,165,,,,,,,,,,,,,,,18.97,219,,,,,L04AX04,65,,,029426,214,,,,,,,TAPTIQOM,195,0,3 mg/ml,83
,,2023-03-29,165,,,,,,,,,,,,,,,15.46,219,,,,,G03AA07,64,,,007009,213,,,,,,,ZOVIRAX,195,10 MG/ML+5 MG/ML,83
,,2019-09-30,165,,,,,,,,,,,,,,,4.43,219,,,,,S01EC01,64,,,186611,213,,,,,,,SILDENAFIL PFIZER,195,0,03/3 mg,82
,,2023-02-17,165,,,,,,,,,,,,,,,10.08,218,,,,,A11EB,64,,,481473,213,,,,,,,PANADOL,194,2%,82
,,2023-02-24,165,,,,,,,,,,,,,,,10.99,218,,,,,M05BB03,62,,,383976,212,,,,,,,CARBALAN,193,80_MG,82
,,2023-02-23,165,,,,,,,,,,,,,,,19.35,218,,,,,A06AB08,62,,,040267,212,,,,,,,CHAMPIX,193,595 MG,82
,,2023-05-07,165,,,,,,,,,,,,,,,8.23,218,,,,,M03AX01,62,,,059205,212,,,,,,,SIMVASTATIN ACTAVIS,192,27.5_MIKROG/SUIHKE,82
,,2022-07-20,165,,,,,,,,,,,,,,,10.35,217,,,,,A04AD12,61,,,560121,211,,,,,,,ALFUZOSIN HYDROCHLORID RATIOPHARM,192,1.5 MG,82
,,2020-09-09,165,,,,,,,,,,,,,,,19.81,216,,,,,C09BB02,61,,,063651,211,,,,,,,GANFORT,191,75 MG EI GS NEUROP. KIPU TAI EPILEPSIA,81
,,2021-12-26,165,,,,,,,,,,,,,,,8.87,216,,,,,G03DA02,61,,,161462,210,,,,,,,CYPRETYL,191,0,5/20 MG/G,81
,,2021-12-31,165,,,,,,,,,,,,,,,3.1,216,,,,,A10AD05,61,,,583491,209,,,,,,,PRAVASTATIN ORION,191,1,5 milj.IU,80
,,2020-12-21,164,,,,,,,,,,,,,,,12.76,216,,,,,M01AG02,60,,,093948,209,,,,,,,OTIBORIN FORTE,190,500_MG/400_IU,80
,,2017-12-21,164,,,,,,,,,,,,,,,22.37,215,,,,,C01BD07,60,,,007190,208,,,,,,,NEOPROCT,190,10/10 mg,80
,,2017-12-02,164,,,,,,,,,,,,,,,9.17,215,,,,,G03GA08,60,,,067579,208,,,,,,,NITRO,190,0,3 MG/ML,80
,,2023-09-26,164,,,,,,,,,,,,,,,9.72,215,,,,,N05BA02,59,,,472092,207,,,,,,,DECUBAL CLINIC CREME,189,16MG,80
,,2023-09-30,164,,,,,,,,,,,,,,,11.61,215,,,,,C09BX01,58,,,450775,207,,,,,,,NEUROBION FORTE,188,184/22 MIKROG/ANNOS,79
,,2022-12-03,164,,,,,,,,,,,,,,,10.05,214,,,,,C09CA02,58,,,529828,207,,,,,,,FEMOSTON CONTI,188,250/10 MIKROG/ANNOS,79
,,2021-04-14,164,,,,,,,,,,,,,,,9.61,214,,,,,S01AE01,57,,,108931,207,,,,,,,PRECOSA,187,50 MG/ANNOS,79
,,2023-01-14,164,,,,,,,,,,,,,,,5.13,214,,,,,C07AG01,57,,,018532,206,,,,,,,LOPEX,186,20 MIKROG,78
,,2022-08-23,164,,,,,,,,,,,,,,,2.23,214,,,,,N02AJ08,55,,,093021,204,,,,,,,ORAMET,186,0,3 mg/ml+5 mg/ml,78
,,2021-11-26,164,,,,,,,,,,,,,,,8.74,213,,,,,N02AA01,55,,,097790,204,,,,,,,TRUXAL,185,20MG/12.5MG,78
,,2021-11-22,164,,,,,,,,,,,,,,,8.99,213,,,,,L03AB07,55,,,477362,203,,,,,,,GABAPENTIN ACTAVIS,185,120MG,78
,,2021-11-20,164,,,,,,,,,,,,,,,6.98,213,,,,,S01FA06,55,,,153483,203,,,,,,,RETAFYLLIN,185,5/160 mg,77
,,2019-12-16,164,,,,,,,,,,,,,,,14.83,213,,,,,N06AA04,55,,,020847,202,,,,,,,AZITHROMYCIN ORION,185,100000 IU/ML,77
,,2020-07-14,164,,,,,,,,,,,,,,,25.53,213,,,,,R03AL02,54,,,090953,202,,,,,,,FML LIQUIFILM,185,20/12.5_MG,77
,,2018-12-09,164,,,,,,,,,,,,,,,2.26,213,,,,,L04AA24,54,,,465078,202,,,,,,,OXYRATIO,184,100/25mg,77
,,2019-03-28,164,,,,,,,,,,,,,,,16.21,212,,,,,D06BB03,54,,,563569,202,,,,,,,SPIRIX,184,0.6 MG/G,77
,,2022-07-29,164,,,,,,,,,,,,,,,6.78,212,,,,,N05AE04,54,,,010168,202,,,,,,,DUOCORT,184,45 MG,77
,,2022-04-01,164,,,,,,,,,,,,,,,2.87,212,,,,,H01AC01,53,,,417463,201,,,,,,,NASOFAN,184,5/2.5 MG,76
,,2023-08-04,164,,,,,,,,,,,,,,,35.86,212,,,,,A01AB09,53,,,001008,201,,,,,,,COVERAM,184,500 MIKROG/ANNOS,76
,,2023-08-19,164,,,,,,,,,,,,,,,16.27,211,,,,,H01CC01,53,,,454268,201,,,,,,,XALATAN,183,20 MG/ML+5 MG/ML,76
,,2022-10-30,163,,,,,,,,,,,,,,,19.19,210,,,,,C09DA02,53,,,052081,200,,,,,,,BAKLOFEN MYLAN,183,5_MG/ML,75
,,2022-09-17,163,,,,,,,,,,,,,,,16.73,210,,,,,A06AH03,53,,,005926,200,,,,,,,PROTOPIC,183,40/12,5 MG,75
,,2023-07-02,163,,,,,,,,,,,,,,,8.7,208,,,,,N06AA06,53,,,182559,200,,,,,,,ALPROX,182,1/0.5 MG,75
,,2023-07-17,163,,,,,,,,,,,,,,,20.68,207,,,,,S01BC03,53,,,005963,199,,,,,,,CELLCEPT,182,50 mikrog/g,75
,,2022-06-06,163,,,,,,,,,,,,,,,15.87,207,,,,,G03DC03,53,,,442936,198,,,,,,,ARAVA,182,0,0625 MG,75
,,2019-11-08,163,,,,,,,,,,,,,,,12.28,207,,,,,N03AX15,52,,,466153,197,,,,,,,BISOPROLOL VITABALANS,180,100 MG KORV ENINT 6 HOITOANN/KK,75
,,2021-06-09,163,,,,,,,,,,,,,,,16.97,206,,,,,N07XX09,51,,,523937,197,,,,,,,RISPERIDON SANDOZ,180,10/10 MG/G,75
,,2019-07-11,163,,,,,,,,,,,,,,,6.33,206,,,,,R03DX07,51,,,560698,197,,,,,,,ALENDRONAT MYLAN,180,0.2 MG,74
,,2023-10-08,163,,,,,,,,,,,,,,,3.6,206,,,,,A10BD11,50,,,030674,197,,,,,,,DUPHALAC,179,47.5_MG,74
,,2023-10-01,163,,,,,,,,,,,,,,,2.15,205,,,,,List truncated...,,,,175919,196,,,,,,,DIURAMIN MITE,179,2,4 MCG/0,5 ML,74
,,2023-10-12,163,,,,,,,,,,,,,,,11.54,205,,,,,,,,,001115,195,,,,,,,DOLAN,178,9,5 mg/24 h,73
,,2023-10-30,163,,,,,,,,,,,,,,,13.3,204,,,,,,,,,553784,195,,,,,,,AMITRID MITE,178,200 U/ml,73
,,2021-10-26,163,,,,,,,,,,,,,,,15.05,204,,,,,,,,,535488,195,,,,,,,PARAMAX FORTE,178,16MG/12.5MG,73
,,2021-09-17,163,,,,,,,,,,,,,,,1.65,204,,,,,,,,,192444,193,,,,,,,DASSELTA,176,18 MG,73
,,2021-10-05,163,,,,,,,,,,,,,,,11.5,203,,,,,,,,,013767,193,,,,,,,DIVIGEL,175,50 mikrog/24 h,73
,,2021-09-22,163,,,,,,,,,,,,,,,33.85,203,,,,,,,,,021617,192,,,,,,,LATANOPROST PFIZER,175,1/30 MG/G,73
,,2023-01-01,163,,,,,,,,,,,,,,,18.37,203,,,,,,,,,003870,192,,,,,,,MOMETASON ORION,175,10MG/G,73
,,2023-04-08,163,,,,,,,,,,,,,,,8.42,203,,,,,,,,,384407,192,,,,,,,NITROSID RETARD,174,145 MG,72
,,2020-08-20,163,,,,,,,,,,,,,,,15.01,203,,,,,,,,,047523,192,,,,,,,ESCITALOPRAM SANDOZ,174,140 mg,72
,,2022-08-08,163,,,,,,,,,,,,,,,24.37,203,,,,,,,,,067728,192,,,,,,,HIPREX,173,25/100 MG,72
,,2021-11-27,163,,,,,,,,,,,,,,,24.05,203,,,,,,,,,188485,191,,,,,,,XYZAL,172,0.5 MG/ANNOS,72
,,2021-11-07,163,,,,,,,,,,,,,,,19.66,202,,,,,,,,,575290,191,,,,,,,OVIXAN,172,2,5/120 mg,72
,,2023-03-09,163,,,,,,,,,,,,,,,15.66,202,,,,,,,,,438416,191,,,,,,,MADOPAR,172,40 mikrog/ml + 5 mg/ml,71
,,2019-10-18,163,,,,,,,,,,,,,,,39.42,202,,,,,,,,,149386,191,,,,,,,TOPIMAX,171,80/25 mg,71
,,2023-02-18,163,,,,,,,,,,,,,,,16.77,201,,,,,,,,,590078,191,,,,,,,INSPIOLTO RESPIMAT,170,1/5 mg,71
,,2023-02-07,163,,,,,,,,,,,,,,,5.15,201,,,,,,,,,154633,190,,,,,,,TERRA-CORTRIL-P,170,25/125 MIKROG/ANNOS,71
,,2019-06-21,163,,,,,,,,,,,,,,,5.18,201,,,,,,,,,469163,189,,,,,,,VAGIDONNA,169,25/250 MCG/ANN,70
,,2021-12-18,163,,,,,,,,,,,,,,,116.55,201,,,,,,,,,081250,189,,,,,,,ACIDAL,169,4,6 mg/24 h,70
,,2022-04-11,163,,,,,,,,,,,,,,,18.54,200,,,,,,,,,166989,188,,,,,,,EPIPEN,168,0,25 MG/ANNOS,70
,,2020-01-28,163,,,,,,,,,,,,,,,40.34,200,,,,,,,,,561010,188,,,,,,,ENTOCORT,168,0.1MG/DOS,70
,,2022-01-12,163,,,,,,,,,,,,,,,5.34,200,,,,,,,,,116988,187,,,,,,,LIPITOR,168,75MIKROG,70
,,2020-08-07,162,,,,,,,,,,,,,,,5.86,200,,,,,,,,,013557,187,,,,,,,VELMETIA,167,2.5/1.5 MG,70
,,2022-01-25,162,,,,,,,,,,,,,,,48.83,200,,,,,,,,,008050,187,,,,,,,DUTASTERIDE/TAMSULOSIN ORION,167,0,5/20 mg/g,70
,,2022-10-21,162,,,,,,,,,,,,,,,17.63,199,,,,,,,,,394965,187,,,,,,,METOJECT,167,1/2,5 MG,70
,,2022-09-09,162,,,,,,,,,,,,,,,5.66,199,,,,,,,,,156506,187,,,,,,,VALSARTAN ACTAVIS,167,4,5 mg,70
,,2022-09-16,162,,,,,,,,,,,,,,,121.52,199,,,,,,,,,024333,186,,,,,,,LEVODOPA/CARBIDOPA/ENTACAPONE ORION,167,18 mikrog,69
,,2022-09-10,162,,,,,,,,,,,,,,,13.41,199,,,,,,,,,019669,186,,,,,,,YASMINELLE,167,100MIKROG/DOS,69
,,2022-06-10,162,,,,,,,,,,,,,,,7.54,198,,,,,,,,,009841,186,,,,,,,OCULAC,166,160MG,69
,,2023-11-07,162,,,,,,,,,,,,,,,5.44,198,,,,,,,,,390825,186,,,,,,,FEMOSTON CONTI 0.5/2.5,166,20 MG/ML,69
,,2017-12-26,162,,,,,,,,,,,,,,,6.0,198,,,,,,,,,012869,186,,,,,,,METOPROLIN,166,25/125 mikrog/annos,69
,,2017-12-08,162,,,,,,,,,,,,,,,4.93,198,,,,,,,,,141094,185,,,,,,,NEOPROCT YHDISTELMÄPAKKAUS,166,120_MG,69
,,2019-11-25,162,,,,,,,,,,,,,,,3.21,198,,,,,,,,,418108,185,,,,,,,CREON 25 000,165,250MIKROG/DOS,69
,,2021-06-21,162,,,,,,,,,,,,,,,24.91,198,,,,,,,,,571137,185,,,,,,,TRELEGY ELLIPTA,165,95_MG,68
,,2021-06-03,162,,,,,,,,,,,,,,,81.92,197,,,,,,,,,163263,184,,,,,,,ENTRESTO,165,0,5 mg/ml,68
,,2023-10-22,162,,,,,,,,,,,,,,,20.43,197,,,,,,,,,395404,184,,,,,,,GRANISETRON STADA,165,2.5_MIKROG,68
,,2023-10-29,162,,,,,,,,,,,,,,,43.43,197,,,,,,,,,462792,184,,,,,,,ATENBLOCK,164,20/50 mikrog/annos,68
,,2022-03-12,162,,,,,,,,,,,,,,,18.81,197,,,,,,,,,009490,184,,,,,,,DUTASTERIDE RATIOPHARM,164,1_MILJ._IU,68
,,2019-08-29,162,,,,,,,,,,,,,,,15.71,197,,,,,,,,,079734,184,,,,,,,DUOTRAV,164,5/12.5 MG,67
,,2021-04-29,162,,,,,,,,,,,,,,,11.18,197,,,,,,,,,024263,183,,,,,,,ZOLMITRIPTAN SANDOZ,164,20/10 mg/g,67
,,2023-04-06,162,,,,,,,,,,,,,,,19.04,196,,,,,,,,,073805,183,,,,,,,BISOPROACT,164,875MG/125MG,67
,,2023-04-27,162,,,,,,,,,,,,,,,19.99,196,,,,,,,,,545176,183,,,,,,,CETIMAX,163,0.5 MG/G,67
,,2022-05-23,162,,,,,,,,,,,,,,,10.62,195,,,,,,,,,422425,182,,,,,,,BISOPROLOL KRKA,163,45 mg,66
,,2022-05-09,162,,,,,,,,,,,,,,,8.03,195,,,,,,,,,025294,182,,,,,,,ANNOSJAKELU D-VITAMIINI 20 MIKROG APPELSIINI,163,36 mg,66
,,2019-12-07,162,,,,,,,,,,,,,,,2.09,195,,,,,,,,,388898,181,,,,,,,LUMIGAN,162,50/250MCG/ANN,66
,,2018-08-31,162,,,,,,,,,,,,,,,2.66,195,,,,,,,,,021855,181,,,,,,,SYNJARDY,161,12,5/50 mg,66
,,2021-07-03,162,,,,,,,,,,,,,,,24.35,195,,,,,,,,,049134,181,,,,,,,DEXAMETASON ABCUR,161,20 mg/ml,66
,,2021-07-08,162,,,,,,,,,,,,,,,12.68,195,,,,,,,,,384410,181,,,,,,,DEXAMETASON,160,5MG/ML,66
,,2023-03-08,162,,,,,,,,,,,,,,,21.19,194,,,,,,,,,172163,181,,,,,,,CETRAXAL COMP,160,0.088 MG,66
,,2018-12-01,162,,,,,,,,,,,,,,,15.31,194,,,,,,,,,436030,181,,,,,,,LENZETTO,160,92/22 MIKROG/ANNOS,66
,,2023-06-07,162,,,,,,,,,,,,,,,5.76,194,,,,,,,,,010630,180,,,,,,,VIMPAT,160,4500 ANTI-XA IU,66
,,2022-11-14,162,,,,,,,,,,,,,,,1.75,194,,,,,,,,,405076,179,,,,,,,ADVAGRAF,159,1440 ELISA U/ML,66
,,2020-11-25,162,,,,,,,,,,,,,,,17.45,193,,,,,,,,,540294,179,,,,,,,TRAMPALGIN,159,50 MG/0,5 ML,65
,,2023-05-11,162,,,,,,,,,,,,,,,39.99,193,,,,,,,,,597764,179,,,,,,,COTRIM FORTE,159,1 MG + 1/1 MG,65
,,2022-04-19,162,,,,,,,,,,,,,,,22.49,192,,,,,,,,,005623,179,,,,,,,MEDIKINET CR,158,16_MG,65
,,2022-04-18,162,,,,,,,,,,,,,,,7.49,192,,,,,,,,,561423,178,,,,,,,HIPEKSAL,158,2,4 MIKROG/0,5 ML,65
,,2021-12-09,162,,,,,,,,,,,,,,,6.19,192,,,,,,,,,172187,178,,,,,,,CRESTOR,157,1/2 MG/G,64
,,2018-05-31,162,,,,,,,,,,,,,,,6.3,192,,,,,,,,,534263,177,,,,,,,DOXAL,157,100_MIKROG/ANNOS,64
,,2021-08-06,162,,,,,,,,,,,,,,,1.61,192,,,,,,,,,573878,177,,,,,,,FUSIDIC ACID ORIFARM,156,125 MG,64
,,2021-03-04,161,,,,,,,,,,,,,,,21.53,191,,,,,,,,,067686,177,,,,,,,OPTIPAR,154,40/50 MG,64
,,2021-03-08,161,,,,,,,,,,,,,,,15.15,191,,,,,,,,,379058,176,,,,,,,SERTRALIN RATIOPHARM,154,10 mg/ml+5 mg/ml,64
,,2020-12-01,161,,,,,,,,,,,,,,,12.81,191,,,,,,,,,140132,176,,,,,,,AQUALAN DUO,154,50/850 mg,64
,,2023-11-11,161,,,,,,,,,,,,,,,35.68,191,,,,,,,,,402917,176,,,,,,,FELODIPIN HEXAL,153,90_MG,64
,,2023-11-25,161,,,,,,,,,,,,,,,20.63,189,,,,,,,,,022500,176,,,,,,,SIRDALUD RETARD,153,100000 IU/ml,64
,,2017-12-16,161,,,,,,,,,,,,,,,96.89,189,,,,,,,,,591979,176,,,,,,,GALANTAMIN ORION,153,0.5 %,64
,,2020-03-08,161,,,,,,,,,,,,,,,11.64,189,,,,,,,,,095507,176,,,,,,,AZARGA,153,50/500 mikrog/g,64
,,2020-03-24,161,,,,,,,,,,,,,,,15.19,188,,,,,,,,,413225,176,,,,,,,ETALPHA,152,16/12.5_MG,63
,,2021-06-08,161,,,,,,,,,,,,,,,6.6,188,,,,,,,,,024346,175,,,,,,,OFTAN C-C,152,184/22 MCG/ANN,63
,,2023-10-07,161,,,,,,,,,,,,,,,14.84,188,,,,,,,,,172434,175,,,,,,,DICLOMEX RAPID,152,10_MG/G,63
,,2021-10-17,161,,,,,,,,,,,,,,,25.88,188,,,,,,,,,467563,175,,,,,,,VERPAMIL,150,35 MG,63
,,2021-10-29,161,,,,,,,,,,,,,,,2.95,188,,,,,,,,,389460,175,,,,,,,HUMALOG,150,200 MG/G,63
,,2021-09-08,161,,,,,,,,,,,,,,,19.05,187,,,,,,,,,450353,175,,,,,,,LOCACORTEN-VIOFORM,150,25 MIKROG/H,63
,,2020-05-19,161,,,,,,,,,,,,,,,16.12,187,,,,,,,,,030620,175,,,,,,,HYPROSAN,150,125 mg,63
,,2023-01-03,161,,,,,,,,,,,,,,,4.56,187,,,,,,,,,025024,173,,,,,,,MEMANTINE MERZ,149,125/5 MIKROG/ANNOS,63
,,2018-10-05,161,,,,,,,,,,,,,,,4.88,187,,,,,,,,,116160,173,,,,,,,GABAPENTIN SANDOZ,149,1MG/ML,63
,,2023-04-22,161,,,,,,,,,,,,,,,2.11,187,,,,,,,,,081931,173,,,,,,,OXYCONTIN DEPOT,149,100MG/ML,62
,,2022-08-24,161,,,,,,,,,,,,,,,7.89,186,,,,,,,,,066588,173,,,,,,,ADURSAL,148,0,25 mikrog,62
,,2022-05-28,161,,,,,,,,,,,,,,,16.65,186,,,,,,,,,153895,172,,,,,,,PRIMOLUT N,148,240 mg,62
,,2023-03-03,161,,,,,,,,,,,,,,,11.58,186,,,,,,,,,107109,172,,,,,,,PANTOPRAZOL KRKA,148,250_MIKROG/ANNOS,62
,,2022-11-10,161,,,,,,,,,,,,,,,10.9,185,,,,,,,,,081159,172,,,,,,,AKYNZEO,147,190 mg,62
,,2020-11-16,161,,,,,,,,,,,,,,,10.21,185,,,,,,,,,490174,172,,,,,,,CIPROFLOXACIN ORION,147,40/12,5 mg,61
,,2020-11-03,161,,,,,,,,,,,,,,,12.5,185,,,,,,,,,527051,172,,,,,,,ONDANSETRON STADA,146,50/250 MCG/ANN,61
,,2018-11-27,161,,,,,,,,,,,,,,,5.9,185,,,,,,,,,036475,172,,,,,,,TOVIAZ,146,32/25 mg,61
,,2023-02-25,161,,,,,,,,,,,,,,,14.52,185,,,,,,,,,046724,171,,,,,,,ABILIFY,146,0,5 MG/ML,61
,,2022-07-17,161,,,,,,,,,,,,,,,14.33,185,,,,,,,,,537928,171,,,,,,,PROGRAF,145,1 mg/ml + 5 mg/ml,61
,,2022-04-21,161,,,,,,,,,,,,,,,14.45,185,,,,,,,,,495151,170,,,,,,,OXYCODONE RATIOPHARM,145,12,5/1000 mg,61
,,2023-08-12,161,,,,,,,,,,,,,,,13.17,185,,,,,,,,,075524,170,,,,,,,PROTAPHANE FLEXPEN,144,320/9 MIKROG/ANNOS,61
,,2021-08-28,161,,,,,,,,,,,,,,,19.84,184,,,,,,,,,402807,169,,,,,,,DIUREX,142,0.02MG/3MG,61
,,2021-08-13,161,,,,,,,,,,,,,,,18.52,184,,,,,,,,,124339,169,,,,,,,LUGESTERON,142,160/800 MG,60
,,2022-10-13,160,,,,,,,,,,,,,,,18.49,184,,,,,,,,,482646,169,,,,,,,OXIS TURBUHALER,142,1/40 MG,60
,,2020-12-05,160,,,,,,,,,,,,,,,55.04,184,,,,,,,,,106617,169,,,,,,,RIVASTIGMIN ORION,142,25 MG EI GS NEUROP. KIPU TAI EPILEPSIA,60
,,2022-10-09,160,,,,,,,,,,,,,,,42.17,184,,,,,,,,,047322,169,,,,,,,DESOGESTREL RATIOPHARM,141,0,2/10 MG/ML,60
,,2022-09-18,160,,,,,,,,,,,,,,,11.82,184,,,,,,,,,043318,168,,,,,,,ULTRACORTENOL,141,75_MIKROG,60
,,2018-07-20,160,,,,,,,,,,,,,,,10.51,183,,,,,,,,,478115,168,,,,,,,COMFORA,141,1/2,5 mg,60
,,2022-03-17,160,,,,,,,,,,,,,,,5.65,183,,,,,,,,,085860,168,,,,,,,DOXEPIN (TÖYSÄ/SOPIMUSVALMISTUSTUOTE),140,8/60MG,60
,,2022-03-16,160,,,,,,,,,,,,,,,23.95,183,,,,,,,,,188829,168,,,,,,,MIRENA,140,30/400 mg/ml,60
,,2022-03-21,160,,,,,,,,,,,,,,,35.53,183,,,,,,,,,462175,168,,,,,,,ELIDEL,140,1,5 MILJ IU,59
,,2022-12-09,160,,,,,,,,,,,,,,,149.59,182,,,,,,,,,529090,166,,,,,,,CAPECITABINE ORION,139,0,05 %,59
,,2021-09-20,160,,,,,,,,,,,,,,,19.28,182,,,,,,,,,396683,166,,,,,,,DESLORATADIN ORION,139,1,5 MILJ.IU,59
,,2018-06-10,160,,,,,,,,,,,,,,,32.37,182,,,,,,,,,008641,166,,,,,,,TASMINETTA,139,4 g,58
,,2019-08-13,160,,,,,,,,,,,,,,,156.14,182,,,,,,,,,155457,166,,,,,,,NAPROMEX,138,10/95 MG,58
,,2023-01-11,160,,,,,,,,,,,,,,,37.66,182,,,,,,,,,088361,166,,,,,,,CANDEMOX COMP,138,400MIKROG/DOS,58
,,2023-01-24,160,,,,,,,,,,,,,,,25.9,181,,,,,,,,,589028,166,,,,,,,BEMETSON-K,138,0,5/2,5 mg,58
,,2021-11-19,160,,,,,,,,,,,,,,,21.22,181,,,,,,,,,470039,165,,,,,,,OXYCODONE/NALOXONE RATIOPHARM,138,37,5 MIKROG/24 H,58
,,2020-07-31,160,,,,,,,,,,,,,,,21.32,181,,,,,,,,,386095,165,,,,,,,REQUIP DEPOT,137,100_MG/ML,58
,,2023-03-06,160,,,,,,,,,,,,,,,6.72,181,,,,,,,,,500035,165,,,,,,,TESTOGEL,137,4500 anti-Xa IU,58
,,2023-03-04,160,,,,,,,,,,,,,,,5.26,181,,,,,,,,,569345,165,,,,,,,MIRTAZAPIN KRKA,137,36 MG,58
,,2023-03-16,160,,,,,,,,,,,,,,,12.13,181,,,,,,,,,410083,164,,,,,,,AKINETON,136,18MIKROG,57
,,2023-03-20,160,,,,,,,,,,,,,,,22.59,180,,,,,,,,,580944,164,,,,,,,MOXONIDIN RATIOPHARM,135,12.5/5 MG,57
,,2018-12-08,160,,,,,,,,,,,,,,,17.35,180,,,,,,,,,100099,164,,,,,,,SERTRALIN KRKA,135,54 mg,57
,,2022-02-17,160,,,,,,,,,,,,,,,3.99,180,,,,,,,,,176835,163,,,,,,,TRAMADOL/PARACETAMOL KRKA,135,225 MG,57
,,2022-02-25,160,,,,,,,,,,,,,,,13.4,179,,,,,,,,,041211,163,,,,,,,ESCOR,135,12 mikrog/annos,57
,,2019-03-09,160,,,,,,,,,,,,,,,1.6,179,,,,,,,,,553206,163,,,,,,,IMOCUR,133,50/250MIKROG/DOS,57
,,2022-11-17,160,,,,,,,,,,,,,,,14.41,179,,,,,,,,,195537,162,,,,,,,CARVERATIO,133,20MG/ML+5MG/ML,57
,,2020-11-29,160,,,,,,,,,,,,,,,1.63,179,,,,,,,,,057932,162,,,,,,,CALCICHEW APPELSIINI,133,40 MIKROG/ML + 5 MG/ML,56
,,2022-11-05,160,,,,,,,,,,,,,,,21.72,178,,,,,,,,,391550,162,,,,,,,LIPANTHYL PENTA,133,25 mikrog/h,56
,,2023-06-25,160,,,,,,,,,,,,,,,18.77,178,,,,,,,,,464743,162,,,,,,,BICALUTAMID ORION,132,20 %,56
,,2022-07-04,160,,,,,,,,,,,,,,,54.65,178,,,,,,,,,466482,161,,,,,,,URSOCHOL,132,27,5 MIKROG/ANNO,56
,,2020-06-30,160,,,,,,,,,,,,,,,15.25,178,,,,,,,,,124743,161,,,,,,,LEVETIRACETAM ORION,131,40 mikrog/ml,55
,,2019-09-14,160,,,,,,,,,,,,,,,4.51,178,,,,,,,,,418144,161,,,,,,,TRAVATAN,131,0.5/0.4_MG,55
,,2019-09-26,160,,,,,,,,,,,,,,,18.24,177,,,,,,,,,186790,161,,,,,,,MINIDERM,131,2,5/1,5 mg,55
,,2023-02-10,160,,,,,,,,,,,,,,,66.69,177,,,,,,,,,106070,161,,,,,,,PANZOR,131,12 mikrog/h,55
,,2023-05-14,160,,,,,,,,,,,,,,,1.0,177,,,,,,,,,572313,161,,,,,,,LOSARSTAD,128,0,54
,,2020-09-02,160,,,,,,,,,,,,,,,6.61,177,,,,,,,,,111419,160,,,,,,,SAXENDA,128,0,5 MIKROG,54
,,2022-04-20,160,,,,,,,,,,,,,,,3.44,177,,,,,,,,,125608,160,,,,,,,TECFIDERA,128,10/25 MG,54
,,2022-01-01,160,,,,,,,,,,,,,,,21.13,176,,,,,,,,,009385,160,,,,,,,TOLVON,128,0.03MG/3MG,54
,,2021-08-23,160,,,,,,,,,,,,,,,93.75,176,,,,,,,,,198650,160,,,,,,,CAVERJECT DUAL,127,20 mikrog,54
,,2022-09-26,159,,,,,,,,,,,,,,,8.91,176,,,,,,,,,518715,160,,,,,,,CERALAN PERUSVOIDE,127,125/5 mikrog/annos,54
,,2023-07-15,159,,,,,,,,,,,,,,,40.75,176,,,,,,,,,404541,159,,,,,,,TELMISARTAN ORION,127,80/25 MG,54
,,2023-07-26,159,,,,,,,,,,,,,,,26.85,176,,,,,,,,,024288,159,,,,,,,TENOPRIN,126,200/6 MCG/ANN,54
,,2022-06-22,159,,,,,,,,,,,,,,,14.69,176,,,,,,,,,196444,159,,,,,,,FLUCLOXACILLIN ORION,126,100MIKROG/ANN,54
,,2020-03-15,159,,,,,,,,,,,,,,,250.64,176,,,,,,,,,020144,159,,,,,,,ALFACALCIDOL ORIFARM,126,1000000 IU,54
,,2021-06-29,159,,,,,,,,,,,,,,,20.13,175,,,,,,,,,038701,158,,,,,,,ORIPTAN,125,50 mg/0,5 ml,54
,,2023-09-13,159,,,,,,,,,,,,,,,9.13,175,,,,,,,,,068001,158,,,,,,,NEULASTA,125,800 iu,53
,,2022-03-07,159,,,,,,,,,,,,,,,3.96,175,,,,,,,,,010708,158,,,,,,,REVITELLE,125,32/25 MG,53
,,2021-09-16,159,,,,,,,,,,,,,,,25.24,175,,,,,,,,,011260,158,,,,,,,SERENASE,125,5/120 MG,53
,,2021-09-21,159,,,,,,,,,,,,,,,13.59,175,,,,,,,,,081148,157,,,,,,,CAPRILON,125,5/80 MG,53
,,2021-09-04,159,,,,,,,,,,,,,,,5.05,174,,,,,,,,,584854,157,,,,,,,AIMOVIG,125,21 mikrog/annos,53
,,2020-05-21,159,,,,,,,,,,,,,,,5.97,174,,,,,,,,,106536,157,,,,,,,CLOPIDOGREL TAW PHARMA,124,1.5 MILJ. IU,53
,,2023-04-05,159,,,,,,,,,,,,,,,12.32,174,,,,,,,,,029448,157,,,,,,,FIASP FLEXTOUCH,124,320 MG,53
,,2023-04-15,159,,,,,,,,,,,,,,,11.22,174,,,,,,,,,591465,157,,,,,,,ALPHAGAN,124,100/6 MCG/ANN,53
,,2023-04-21,159,,,,,,,,,,,,,,,59.24,174,,,,,,,,,464362,156,,,,,,,DERMOVAT SCALP,124,3,35 mg/ml,53
,,2022-08-21,159,,,,,,,,,,,,,,,17.9,173,,,,,,,,,510882,156,,,,,,,PHYSIOTENS,124,500 MG/100 000 I,53
,,2019-05-01,159,,,,,,,,,,,,,,,7.63,173,,,,,,,,,017218,155,,,,,,,LETROZOL ACCORD,124,0,35 mg,53
,,2019-05-13,159,,,,,,,,,,,,,,,8.1,173,,,,,,,,,065778,155,,,,,,,SEROQUEL PROLONG,124,200/25_MG,53
,,2022-08-16,159,,,,,,,,,,,,,,,50.58,173,,,,,,,,,128139,155,,,,,,,XTANDI,124,0.18 MG,52
,,2022-08-15,159,,,,,,,,,,,,,,,1.19,173,,,,,,,,,177492,155,,,,,,,LEVEMIR PENFILL,124,1/20 MG/G,52
,,2022-08-02,159,,,,,,,,,,,,,,,21.99,172,,,,,,,,,124870,155,,,,,,,SPORANOX,123,0.4 mg,52
,,2022-05-05,159,,,,,,,,,,,,,,,17.26,172,,,,,,,,,566992,155,,,,,,,V-PEN,123,1/1 MG + 2/2 MG,52
,,2022-05-22,159,,,,,,,,,,,,,,,5.75,172,,,,,,,,,453644,154,,,,,,,AEROBEC AUTOHALER,123,0,25 MG/ML,52
,,2019-12-04,159,,,,,,,,,,,,,,,30.72,171,,,,,,,,,586578,154,,,,,,,CANDESARTAN/HYDROCHLOROTHIAZIDE KRKA,123,500 MG EI GS EPILEPSIA,52
,,2019-12-17,159,,,,,,,,,,,,,,,3.18,171,,,,,,,,,005244,154,,,,,,,PARAMAX-COD,122,0.5 mg,51
,,2019-12-22,159,,,,,,,,,,,,,,,16.88,170,,,,,,,,,517846,154,,,,,,,SPARTOFER,122,54 MG,51
,,2020-11-30,159,,,,,,,,,,,,,,,41.29,170,,,,,,,,,107872,154,,,,,,,FRAGMIN,122,21 MIKROG/ANNOS,51
,,2020-11-05,159,,,,,,,,,,,,,,,19.01,169,,,,,,,,,482439,154,,,,,,,ACID.FOL.,121,160/12.5 MG,51
,,2023-06-23,159,,,,,,,,,,,,,,,8.12,169,,,,,,,,,409929,154,,,,,,,LISINOPRIL RATIOPHARM,121,200/6_MIKROG/ANNOS,51
,,2019-09-13,159,,,,,,,,,,,,,,,27.47,169,,,,,,,,,154894,153,,,,,,,SEROXAT,121,80/400 MG,51
,,2019-09-03,159,,,,,,,,,,,,,,,73.62,169,,,,,,,,,007102,153,,,,,,,CARDACE COMP,120,60 MG/ML,51
,,2019-10-30,159,,,,,,,,,,,,,,,20.6,169,,,,,,,,,460287,153,,,,,,,ANTABUS,120,0.5MG/0.4MG,51
,,2023-02-09,159,,,,,,,,,,,,,,,28.45,168,,,,,,,,,173682,153,,,,,,,COVERSYL NOVUM,120,0,5 mikrog,51
,,2023-05-20,159,,,,,,,,,,,,,,,248.06,168,,,,,,,,,006263,152,,,,,,,QUETIAPIN RATIOPHARM,120,2/5 MG,50
,,2020-09-21,159,,,,,,,,,,,,,,,35.87,168,,,,,,,,,013386,152,,,,,,,FURESIS COMP,119,10/160/12,5 mg,50
,,2022-07-14,159,,,,,,,,,,,,,,,34.19,167,,,,,,,,,433171,152,,,,,,,NASACORT,119,2.5MIKROG,50
,,2021-12-01,159,,,,,,,,,,,,,,,10.06,167,,,,,,,,,524083,152,,,,,,,APOBASE CREME,119,1,5 g,50
,,2022-04-26,159,,,,,,,,,,,,,,,17.09,167,,,,,,,,,550269,152,,,,,,,TADEX,118,1_MG/ML,50
,,2022-04-22,159,,,,,,,,,,,,,,,7.86,167,,,,,,,,,183277,152,,,,,,,LOGIMAX,118,2 mg/35 mikrog,50
,,2022-01-18,159,,,,,,,,,,,,,,,15.23,167,,,,,,,,,467318,152,,,,,,,EXTRANEAL,118,145 mg,50
,,2022-01-05,159,,,,,,,,,,,,,,,5.22,167,,,,,,,,,397533,152,,,,,,,ARDINEX,117,2/5 mg/ml,50
,,2020-01-22,159,,,,,,,,,,,,,,,14.86,167,,,,,,,,,005369,152,,,,,,,TETRALYSAL,116,97/103 mg,50
,,2023-08-18,159,,,,,,,,,,,,,,,11.29,167,,,,,,,,,019488,151,,,,,,,DONEPEZIL ACTAVIS,116,2.4 MIKROG/0.5 ML,50
,,2021-08-20,159,,,,,,,,,,,,,,,20.36,166,,,,,,,,,432934,151,,,,,,,RENITEC COMP,115,665MG,50
,,2021-08-05,159,,,,,,,,,,,,,,,239.67,166,,,,,,,,,565473,151,,,,,,,AGIOCUR,115,0,25 mg/ml,50
,,2021-08-12,159,,,,,,,,,,,,,,,5.71,166,,,,,,,,,164666,150,,,,,,,ATROVENT NASAL,115,160_MG,50
,,2022-01-31,158,,,,,,,,,,,,,,,4.76,166,,,,,,,,,042527,150,,,,,,,CELECOXIB PFIZER,115,2,5/2,5 MIKROG,50
,,2022-10-25,158,,,,,,,,,,,,,,,14.01,166,,,,,,,,,398222,148,,,,,,,KALCIPOS,115,50/500MIKROG/DOS,50
,,2022-10-27,158,,,,,,,,,,,,,,,3.27,166,,,,,,,,,520759,148,,,,,,,AZONA,115,2.5/120 MG,50
,,2020-12-14,158,,,,,,,,,,,,,,,1.17,166,,,,,,,,,019233,148,,,,,,,PREVENAR,115,List truncated...,
,,2020-12-10,158,,,,,,,,,,,,,,,22.5,166,,,,,,,,,033076,148,,,,,,,SIBICORT,115,,
,,2022-10-07,158,,,,,,,,,,,,,,,12.0,165,,,,,,,,,558361,148,,,,,,,RABEPRAZOL KRKA,115,,
,,2023-07-07,158,,,,,,,,,,,,,,,21.55,165,,,,,,,,,102559,148,,,,,,,OMNIC OCAS,114,,
,,2023-07-16,158,,,,,,,,,,,,,,,19.41,165,,,,,,,,,411918,148,,,,,,,MULTIVITA PLUS MONIVITAMIINI,114,,
,,2022-03-13,158,,,,,,,,,,,,,,,50.38,165,,,,,,,,,005588,148,,,,,,,AVITCID,114,,
,,2021-10-31,158,,,,,,,,,,,,,,,17.23,164,,,,,,,,,091493,148,,,,,,,GALANTAMIN KRKA,113,,
,,2023-09-03,158,,,,,,,,,,,,,,,25.25,164,,,,,,,,,082465,147,,,,,,,PARACETAMOL KRKA,113,,
,,2019-08-24,158,,,,,,,,,,,,,,,10.55,163,,,,,,,,,507537,147,,,,,,,ORLOC COMP,112,,
,,2021-04-24,158,,,,,,,,,,,,,,,13.8,163,,,,,,,,,376235,147,,,,,,,SEREVENT DISKUS,112,,
,,2023-01-19,158,,,,,,,,,,,,,,,19.34,163,,,,,,,,,142307,147,,,,,,,XYLOCAIN,111,,
,,2018-09-26,158,,,,,,,,,,,,,,,48.38,163,,,,,,,,,175398,147,,,,,,,LOGIMAX FORTE,111,,
,,2023-04-04,158,,,,,,,,,,,,,,,19.15,162,,,,,,,,,005589,147,,,,,,,ACID.FOLIC (TÖYSÄ/SOPIMUSVALMISTUSTUOTE),110,,
,,2019-05-27,158,,,,,,,,,,,,,,,17.89,162,,,,,,,,,108221,146,,,,,,,TEMGESIC,110,,
,,2020-08-31,158,,,,,,,,,,,,,,,25.48,162,,,,,,,,,481705,146,,,,,,,LISINOPRIL/HYDROCHLOROTHIAZIDE ORION,110,,
,,2022-08-04,158,,,,,,,,,,,,,,,12.87,162,,,,,,,,,098329,145,,,,,,,OLANZAPIN ORION,110,,
,,2022-05-06,158,,,,,,,,,,,,,,,18.16,161,,,,,,,,,028598,145,,,,,,,BUPROPION ORION,110,,
,,2022-05-01,158,,,,,,,,,,,,,,,11.15,161,,,,,,,,,564373,145,,,,,,,KARDOPAL,109,,
,,2022-05-02,158,,,,,,,,,,,,,,,46.43,160,,,,,,,,,483100,144,,,,,,,RANIXAL,109,,
,,2021-11-13,158,,,,,,,,,,,,,,,21.23,160,,,,,,,,,021721,144,,,,,,,ZADITEN,109,,
,,2020-04-01,158,,,,,,,,,,,,,,,17.71,160,,,,,,,,,005894,144,,,,,,,DIURAMIN,109,,
,,2019-12-08,158,,,,,,,,,,,,,,,16.93,160,,,,,,,,,464996,144,,,,,,,KERLON,109,,
,,2019-12-03,158,,,,,,,,,,,,,,,15.51,160,,,,,,,,,095470,144,,,,,,,INNOVAIR NEXTHALER,109,,
,,2021-07-09,158,,,,,,,,,,,,,,,13.82,160,,,,,,,,,013498,143,,,,,,,METOPROLOL RATIOPHARM,108,,
,,2020-07-20,158,,,,,,,,,,,,,,,48.68,160,,,,,,,,,151852,143,,,,,,,CARBALAN PLUS,108,,
,,2023-03-07,158,,,,,,,,,,,,,,,1.52,160,,,,,,,,,433844,143,,,,,,,AERIUS,108,,
,,2018-12-19,158,,,,,,,,,,,,,,,11.19,160,,,,,,,,,149798,143,,,,,,,KALIUMKLORID ORIFARM,108,,
,,2022-11-01,158,,,,,,,,,,,,,,,8.98,159,,,,,,,,,573568,143,,,,,,,INDAPAMIDE ORION,108,,
,,2022-11-21,158,,,,,,,,,,,,,,,17.83,159,,,,,,,,,000119,142,,,,,,,GLUCOSAMIN RATIOPHARM,107,,
,,2023-05-31,158,,,,,,,,,,,,,,,52.35,159,,,,,,,,,482026,142,,,,,,,APOBASE OILY CREME,107,,
,,2021-05-18,158,,,,,,,,,,,,,,,133.82,159,,,,,,,,,158447,142,,,,,,,MINI-PILL,107,,
,,2023-05-04,158,,,,,,,,,,,,,,,14.23,159,,,,,,,,,524276,142,,,,,,,ATORVASTATIN PFIZER,107,,
,,2020-10-07,158,,,,,,,,,,,,,,,24.49,159,,,,,,,,,395673,142,,,,,,,OMEPRAZOL ACTAVIS,107,,
,,2022-07-28,158,,,,,,,,,,,,,,,11.31,159,,,,,,,,,402842,142,,,,,,,NOCEDAN,106,,
,,2021-12-03,158,,,,,,,,,,,,,,,58.34,157,,,,,,,,,027214,142,,,,,,,HUMALOG KWIKPEN,105,,
,,2021-12-06,158,,,,,,,,,,,,,,,30.59,157,,,,,,,,,097873,142,,,,,,,TEGRETOL RETARD,105,,
,,2022-04-04,158,,,,,,,,,,,,,,,23.82,157,,,,,,,,,106581,142,,,,,,,SPESICOR DOS,105,,
,,2019-01-02,158,,,,,,,,,,,,,,,19.4,156,,,,,,,,,010106,142,,,,,,,XANOR DEPOT,105,,
,,2023-08-16,158,,,,,,,,,,,,,,,16.43,156,,,,,,,,,158520,141,,,,,,,COZAAR,105,,
,,2021-08-25,158,,,,,,,,,,,,,,,1.4,156,,,,,,,,,018365,141,,,,,,,PRIMOLUT-NOR,105,,
,,2022-01-29,157,,,,,,,,,,,,,,,6.44,156,,,,,,,,,508939,141,,,,,,,ENCEPUR,105,,
,,2022-10-23,157,,,,,,,,,,,,,,,14.48,156,,,,,,,,,478479,141,,,,,,,DAKTACORT,104,,
,,2022-10-22,157,,,,,,,,,,,,,,,13.45,156,,,,,,,,,040742,141,,,,,,,ROSAZOL,104,,
,,2019-04-08,157,,,,,,,,,,,,,,,25.33,156,,,,,,,,,082719,140,,,,,,,ADALAT OROS,104,,
,,2022-10-08,157,,,,,,,,,,,,,,,13.09,156,,,,,,,,,130895,140,,,,,,,SOMATULINE AUTOGEL,104,,
,,2023-07-21,157,,,,,,,,,,,,,,,54.19,155,,,,,,,,,136653,140,,,,,,,ACTIVELLE,104,,
,,2022-06-12,157,,,,,,,,,,,,,,,16.71,155,,,,,,,,,106609,140,,,,,,,DIGOXIN ORION,103,,
,,2020-03-13,157,,,,,,,,,,,,,,,16.84,155,,,,,,,,,017409,140,,,,,,,EUCREAS,102,,
,,2021-06-23,157,,,,,,,,,,,,,,,41.08,155,,,,,,,,,108837,140,,,,,,,ESOMEPRAZOL ACTAVIS,102,,
,,2021-06-12,157,,,,,,,,,,,,,,,87.57,155,,,,,,,,,470332,140,,,,,,,ATORVASTATIN ACCORD,102,,
,,2018-03-14,157,,,,,,,,,,,,,,,12.27,155,,,,,,,,,088451,139,,,,,,,KLOTRIPTYL,102,,
,,2023-10-20,157,,,,,,,,,,,,,,,20.98,154,,,,,,,,,594519,139,,,,,,,COPRENESSA,102,,
,,2019-02-26,157,,,,,,,,,,,,,,,13.67,154,,,,,,,,,534994,139,,,,,,,ENALAPRIL COMP ORION,101,,
,,2021-10-07,157,,,,,,,,,,,,,,,12.09,154,,,,,,,,,074069,139,,,,,,,KANDROZID,101,,
,,2019-08-12,157,,,,,,,,,,,,,,,11.36,154,,,,,,,,,106477,139,,,,,,,MELIANE,101,,
,,2019-08-16,157,,,,,,,,,,,,,,,24.2,153,,,,,,,,,405145,139,,,,,,,TOPIRAMAT ORION,100,,
,,2020-05-01,157,,,,,,,,,,,,,,,8.18,153,,,,,,,,,091021,138,,,,,,,BETOLVEX,100,,
,,2023-01-15,157,,,,,,,,,,,,,,,16.76,153,,,,,,,,,011738,138,,,,,,,SKINOREN,100,,
,,2023-01-18,157,,,,,,,,,,,,,,,6.11,153,,,,,,,,,510348,138,,,,,,,ACRISEU,100,,
,,2023-01-26,157,,,,,,,,,,,,,,,15.67,153,,,,,,,,,585568,138,,,,,,,NOVORAPID,100,,
,,2018-09-06,157,,,,,,,,,,,,,,,10.81,152,,,,,,,,,444822,137,,,,,,,BUCORT,100,,
,,2023-04-01,157,,,,,,,,,,,,,,,28.3,152,,,,,,,,,582391,137,,,,,,,CIRRUS,100,,
,,2018-09-24,157,,,,,,,,,,,,,,,8.84,152,,,,,,,,,576450,137,,,,,,,TAMBOCOR,99,,
,,2023-04-19,157,,,,,,,,,,,,,,,18.89,152,,,,,,,,,005483,137,,,,,,,BUPREMYL,99,,
,,2022-08-06,157,,,,,,,,,,,,,,,4.58,152,,,,,,,,,025095,136,,,,,,,AIROMIR AUTOHALER,99,,
,,2022-08-03,157,,,,,,,,,,,,,,,33.1,152,,,,,,,,,060924,136,,,,,,,NEOTIGASON,99,,
,,2022-05-29,157,,,,,,,,,,,,,,,11.67,152,,,,,,,,,094441,135,,,,,,,LOCERYL,99,,
,,2021-11-11,157,,,,,,,,,,,,,,,17.12,151,,,,,,,,,014453,135,,,,,,,SYMBICORT,99,,
,,2019-12-15,157,,,,,,,,,,,,,,,66.03,151,,,,,,,,,076024,135,,,,,,,ZOFRAN ZYDIS,99,,
,,2021-07-31,157,,,,,,,,,,,,,,,15.04,151,,,,,,,,,129211,135,,,,,,,FLUVASTATIN MYLAN,98,,
,,2021-02-02,157,,,,,,,,,,,,,,,5.4,151,,,,,,,,,428884,135,,,,,,,MECASTRIN,98,,
,,2021-02-24,157,,,,,,,,,,,,,,,19.9,150,,,,,,,,,010884,134,,,,,,,MATRIFEN,97,,
,,2022-02-23,157,,,,,,,,,,,,,,,31.25,150,,,,,,,,,193678,134,,,,,,,SUSTANON 250,97,,
,,2022-11-26,157,,,,,,,,,,,,,,,36.75,150,,,,,,,,,185371,134,,,,,,,METHOTREXATE PFIZER,97,,
,,2022-11-27,157,,,,,,,,,,,,,,,24.75,150,,,,,,,,,023265,134,,,,,,,BACTROBAN NASAL,97,,
,,2023-06-04,157,,,,,,,,,,,,,,,140.97,149,,,,,,,,,086968,134,,,,,,,NOVOFEM,97,,
,,2020-11-27,157,,,,,,,,,,,,,,,16.9,149,,,,,,,,,068578,133,,,,,,,TERBINAFIN RATIOPHARM,96,,
,,2020-11-15,157,,,,,,,,,,,,,,,16.5,149,,,,,,,,,579515,133,,,,,,,ANGELIQ,96,,
,,2020-11-14,157,,,,,,,,,,,,,,,18.22,149,,,,,,,,,495152,133,,,,,,,RISPERDAL CONSTA,96,,
,,2019-09-11,157,,,,,,,,,,,,,,,42.11,149,,,,,,,,,002391,133,,,,,,,ATROVENT COMP ECO,96,,
,,2019-09-20,157,,,,,,,,,,,,,,,7.87,149,,,,,,,,,479535,133,,,,,,,AMLODORION,96,,
,,2021-05-06,157,,,,,,,,,,,,,,,42.96,149,,,,,,,,,374918,133,,,,,,,PROCREN DEPOT PDS,96,,
,,2023-02-06,157,,,,,,,,,,,,,,,0.9,149,,,,,,,,,083527,133,,,,,,,NYSTATIN ORIFARM,96,,
,,2021-05-17,157,,,,,,,,,,,,,,,5.12,149,,,,,,,,,442826,132,,,,,,,TRAMADOL VITABALANS,96,,
,,2020-09-16,157,,,,,,,,,,,,,,,49.64,149,,,,,,,,,051739,132,,,,,,,DORMIX,95,,
,,2021-12-29,157,,,,,,,,,,,,,,,25.29,149,,,,,,,,,076052,132,,,,,,,CERALAN PLUS PERUSVOIDE,95,,
,,2021-12-12,157,,,,,,,,,,,,,,,2.91,149,,,,,,,,,573890,132,,,,,,,ELVANSE ADULT,95,,
,,2022-04-13,157,,,,,,,,,,,,,,,12.74,149,,,,,,,,,399519,131,,,,,,,ZYPADHERA,95,,
,,2023-08-05,157,,,,,,,,,,,,,,,52.84,148,,,,,,,,,060897,131,,,,,,,ROXITHROMYCIN SANDOZ,95,,
,,2023-08-01,157,,,,,,,,,,,,,,,21.09,147,,,,,,,,,163637,131,,,,,,,FORMOTEROL EASYHALER,95,,
,,2020-08-17,156,,,,,,,,,,,,,,,7.11,147,,,,,,,,,380438,131,,,,,,,CELIPROLOL VITABALANS,95,,
,,2020-12-31,156,,,,,,,,,,,,,,,5.37,147,,,,,,,,,059353,131,,,,,,,COSENTYX,94,,
,,2023-07-18,156,,,,,,,,,,,,,,,24.48,147,,,,,,,,,445395,131,,,,,,,KALIUMKLORID SANDOZ,94,,
,,2022-06-15,156,,,,,,,,,,,,,,,12.42,147,,,,,,,,,024315,130,,,,,,,BISOPROLOL ACCORD,94,,
,,2022-06-21,156,,,,,,,,,,,,,,,1.37,147,,,,,,,,,161686,130,,,,,,,PAMOL,94,,
,,2022-06-25,156,,,,,,,,,,,,,,,10.39,146,,,,,,,,,021508,130,,,,,,,SOFTACORT,94,,
,,2019-11-03,156,,,,,,,,,,,,,,,34.43,146,,,,,,,,,485006,130,,,,,,,SOOLANTRA,94,,
,,2019-11-15,156,,,,,,,,,,,,,,,21.73,146,,,,,,,,,016318,130,,,,,,,CYKLOKAPRON,93,,
,,2017-12-07,156,,,,,,,,,,,,,,,8.66,146,,,,,,,,,386216,129,,,,,,,MONTELUKAST SANDOZ,93,,
,,2020-03-07,156,,,,,,,,,,,,,,,17.13,146,,,,,,,,,122332,129,,,,,,,ELDEPRYL,93,,
,,2021-06-20,156,,,,,,,,,,,,,,,17.65,146,,,,,,,,,565965,129,,,,,,,COTRIM,93,,
,,2021-01-11,156,,,,,,,,,,,,,,,14.59,146,,,,,,,,,135084,129,,,,,,,MIRCERA,93,,
,,2023-09-17,156,,,,,,,,,,,,,,,32.9,146,,,,,,,,,119927,129,,,,,,,ESSEX,93,,
,,2023-10-26,156,,,,,,,,,,,,,,,1.29,146,,,,,,,,,061467,129,,,,,,,MYFENAX,93,,
,,2022-12-25,156,,,,,,,,,,,,,,,1.38,146,,,,,,,,,000115,128,,,,,,,ALTERMOL,92,,
,,2021-10-20,156,,,,,,,,,,,,,,,11.71,146,,,,,,,,,081708,128,,,,,,,TOSTRAN,92,,
,,2021-10-24,156,,,,,,,,,,,,,,,45.14,145,,,,,,,,,513490,128,,,,,,,GAVISCON,91,,
,,2021-09-13,156,,,,,,,,,,,,,,,19.23,145,,,,,,,,,166175,128,,,,,,,DORMICUM,91,,
,,2021-09-23,156,,,,,,,,,,,,,,,9.36,145,,,,,,,,,011024,127,,,,,,,METHYLPHENIDATE MYLAN,91,,
,,2023-12-12,156,,,,,,,,,,,,,,,44.65,145,,,,,,,,,573121,127,,,,,,,ADENURIC,91,,
,,2023-12-02,156,,,,,,,,,,,,,,,19.64,145,,,,,,,,,010730,127,,,,,,,FEMOSTON 1/10,91,,
,,2021-11-17,156,,,,,,,,,,,,,,,26.37,145,,,,,,,,,187963,127,,,,,,,LORAZEPAM ORIFARM,91,,
,,2019-12-25,156,,,,,,,,,,,,,,,2.55,145,,,,,,,,,530063,126,,,,,,,DISPERIN,90,,
,,2021-07-29,156,,,,,,,,,,,,,,,8.13,144,,,,,,,,,582717,126,,,,,,,AMITRID,90,,
,,2021-07-01,156,,,,,,,,,,,,,,,6.74,144,,,,,,,,,594649,126,,,,,,,ISOTRETINOIN ACTAVIS,90,,
,,2021-07-05,156,,,,,,,,,,,,,,,15.73,144,,,,,,,,,009395,126,,,,,,,BISOPROLOL COMP RATIOPHARM,90,,
,,2022-02-12,156,,,,,,,,,,,,,,,38.67,144,,,,,,,,,457903,126,,,,,,,OFTAN A-PANT,90,,
,,2022-02-15,156,,,,,,,,,,,,,,,14.74,144,,,,,,,,,090545,126,,,,,,,ESTROFEM,90,,
,,2023-06-10,156,,,,,,,,,,,,,,,36.11,144,,,,,,,,,096716,126,,,,,,,XIGDUO,89,,
,,2020-11-23,156,,,,,,,,,,,,,,,33.48,143,,,,,,,,,011809,126,,,,,,,HAVRIX,89,,
,,2021-05-05,156,,,,,,,,,,,,,,,44.21,143,,,,,,,,,033357,125,,,,,,,LONQUEX,89,,
,,2023-05-28,156,,,,,,,,,,,,,,,8.26,143,,,,,,,,,073947,125,,,,,,,ABILIFY MAINTENA,89,,
,,2023-05-30,156,,,,,,,,,,,,,,,7.48,143,,,,,,,,,113704,125,,,,,,,INSULIN LISPRO SANOFI,89,,
,,2020-10-28,156,,,,,,,,,,,,,,,7.95,143,,,,,,,,,431000,125,,,,,,,FIRMAGON,89,,
,,2022-04-02,156,,,,,,,,,,,,,,,155.41,143,,,,,,,,,056936,125,,,,,,,TERBINAFIN HEXAL,89,,
,,2023-08-10,156,,,,,,,,,,,,,,,25.07,143,,,,,,,,,092210,124,,,,,,,EXEMESTAN PFIZER,89,,
,,2021-08-04,156,,,,,,,,,,,,,,,23.36,143,,,,,,,,,423745,124,,,,,,,SIMVASTATIN KRKA,89,,
,,2021-03-03,155,,,,,,,,,,,,,,,154.65,143,,,,,,,,,019718,124,,,,,,,INDOMETIN,89,,
,,2021-03-18,155,,,,,,,,,,,,,,,0.87,142,,,,,,,,,061951,124,,,,,,,TADALAFIL ORION,89,,
,,2020-12-06,155,,,,,,,,,,,,,,,10.29,142,,,,,,,,,449455,124,,,,,,,DAKTARIN,88,,
,,2019-04-12,155,,,,,,,,,,,,,,,17.17,142,,,,,,,,,155390,124,,,,,,,STEFAMINELLE,87,,
,,2023-07-01,155,,,,,,,,,,,,,,,15.54,142,,,,,,,,,167055,124,,,,,,,DIANE NOVA,87,,
,,2023-07-23,155,,,,,,,,,,,,,,,37.91,142,,,,,,,,,573535,124,,,,,,,MESTINON,87,,
,,2022-06-08,155,,,,,,,,,,,,,,,23.2,142,,,,,,,,,561331,123,,,,,,,SALMEX,87,,
,,2022-06-13,155,,,,,,,,,,,,,,,23.6,142,,,,,,,,,091043,123,,,,,,,FRISIUM,86,,
,,2022-06-11,155,,,,,,,,,,,,,,,55.88,141,,,,,,,,,126949,123,,,,,,,PANTOPRAZOL MYLAN,86,,
,,2018-04-15,155,,,,,,,,,,,,,,,55.67,141,,,,,,,,,135062,123,,,,,,,GILENYA,86,,
,,2019-11-02,155,,,,,,,,,,,,,,,17.92,141,,,,,,,,,144501,123,,,,,,,NAPROMETIN,86,,
,,2019-11-14,155,,,,,,,,,,,,,,,23.75,141,,,,,,,,,586800,123,,,,,,,MONTELUKAST TEVA,86,,
,,2019-11-27,155,,,,,,,,,,,,,,,10.43,140,,,,,,,,,454077,122,,,,,,,APYDAN,85,,
,,2019-11-30,155,,,,,,,,,,,,,,,21.89,140,,,,,,,,,434643,122,,,,,,,NORDIMET,85,,
,,2019-07-01,155,,,,,,,,,,,,,,,29.03,140,,,,,,,,,517180,121,,,,,,,PREGABALIN KRKA,85,,
,,2022-03-24,155,,,,,,,,,,,,,,,6.96,140,,,,,,,,,553339,121,,,,,,,VALDOXAN,85,,
,,2022-03-23,155,,,,,,,,,,,,,,,15.83,140,,,,,,,,,121851,121,,,,,,,LESCOL,84,,
,,2022-03-26,155,,,,,,,,,,,,,,,4.62,140,,,,,,,,,030635,121,,,,,,,ROSUVASTATIN/EZETIMIBE RATIOPHARM,84,,
,,2022-03-11,155,,,,,,,,,,,,,,,3.12,140,,,,,,,,,463251,121,,,,,,,LAMOTRIGIN RATIOPHARM,84,,
,,2020-02-12,155,,,,,,,,,,,,,,,13.31,140,,,,,,,,,116327,120,,,,,,,TAMIFLU,84,,
,,2021-09-28,155,,,,,,,,,,,,,,,34.76,139,,,,,,,,,524946,120,,,,,,,SIMBRINZA,84,,
,,2021-09-07,155,,,,,,,,,,,,,,,19.22,139,,,,,,,,,516398,120,,,,,,,AZITHROMYCIN RATIOPHARM,84,,
,,2019-08-14,155,,,,,,,,,,,,,,,17.56,139,,,,,,,,,133568,120,,,,,,,HYDREA,83,,
,,2023-04-09,155,,,,,,,,,,,,,,,26.96,139,,,,,,,,,066518,120,,,,,,,MERCAPTOPURIN ORION,83,,
,,2023-04-25,155,,,,,,,,,,,,,,,1.08,139,,,,,,,,,115544,119,,,,,,,AJOVY,83,,
,,2019-05-08,155,,,,,,,,,,,,,,,1.99,139,,,,,,,,,581264,119,,,,,,,KLIOGEST,83,,
,,2022-08-10,155,,,,,,,,,,,,,,,46.97,138,,,,,,,,,148223,119,,,,,,,RANOPRIN,83,,
,,2022-08-18,155,,,,,,,,,,,,,,,83.72,138,,,,,,,,,125475,119,,,,,,,PIOGLITAZONE ACTAVIS,82,,
,,2022-08-07,155,,,,,,,,,,,,,,,22.47,138,,,,,,,,,012109,118,,,,,,,TIBOLON ORIFARM,82,,
,,2022-05-20,155,,,,,,,,,,,,,,,19.89,138,,,,,,,,,097295,118,,,,,,,MONTELUKAST KRKA,82,,
,,2019-12-13,155,,,,,,,,,,,,,,,66.01,138,,,,,,,,,103507,118,,,,,,,APIDRA,81,,
,,2021-07-15,155,,,,,,,,,,,,,,,28.19,138,,,,,,,,,563783,118,,,,,,,TELMISARTAN/HYDROCHLOROTHIAZIDE ORION,81,,
,,2023-03-01,155,,,,,,,,,,,,,,,15.37,138,,,,,,,,,447047,118,,,,,,,OLMETEC,81,,
,,2022-02-07,155,,,,,,,,,,,,,,,41.2,138,,,,,,,,,535893,118,,,,,,,ISOPTIN RETARD,81,,
,,2022-02-01,155,,,,,,,,,,,,,,,61.77,138,,,,,,,,,090662,118,,,,,,,AVELOX,81,,
,,2022-02-18,155,,,,,,,,,,,,,,,1.54,138,,,,,,,,,469452,118,,,,,,,ZARZIO,81,,
,,2023-06-02,155,,,,,,,,,,,,,,,23.0,138,,,,,,,,,495572,118,,,,,,,SOTACOR,80,,
,,2023-06-17,155,,,,,,,,,,,,,,,45.36,137,,,,,,,,,013964,118,,,,,,,MINIRIN,80,,
,,2020-11-09,155,,,,,,,,,,,,,,,139.53,137,,,,,,,,,025239,117,,,,,,,BLISSEL,80,,
,,2023-06-24,155,,,,,,,,,,,,,,,19.31,137,,,,,,,,,401851,117,,,,,,,ZUMENON,80,,
,,2023-06-29,155,,,,,,,,,,,,,,,17.69,137,,,,,,,,,074087,117,,,,,,,SANDOSTATIN LAR,80,,
,,2019-10-14,155,,,,,,,,,,,,,,,144.99,137,,,,,,,,,522535,117,,,,,,,XEPLION,79,,
,,2023-02-12,155,,,,,,,,,,,,,,,155.32,137,,,,,,,,,463695,117,,,,,,,AMITRIPTYLIN ABCUR,79,,
,,2023-05-29,155,,,,,,,,,,,,,,,88.45,137,,,,,,,,,036532,117,,,,,,,CALCICHEW D3 EXTRA APPELSIINI,79,,
,,2021-05-15,155,,,,,,,,,,,,,,,3.85,137,,,,,,,,,032870,117,,,,,,,VALSARTAN/HYDROCHLOROTHIAZIDE KRKA,78,,
,,2023-05-03,155,,,,,,,,,,,,,,,13.23,137,,,,,,,,,386574,117,,,,,,,GLUCADOL,78,,
,,2023-05-05,155,,,,,,,,,,,,,,,23.39,137,,,,,,,,,555235,116,,,,,,,EVRA,78,,
,,2020-10-20,155,,,,,,,,,,,,,,,42.46,136,,,,,,,,,087304,116,,,,,,,VENLAFAXIN ACTAVIS,78,,
,,2020-10-06,155,,,,,,,,,,,,,,,16.83,136,,,,,,,,,021192,115,,,,,,,FUCIDIN-HYDROCORTISON,78,,
,,2019-06-06,155,,,,,,,,,,,,,,,27.36,136,,,,,,,,,493276,115,,,,,,,LOVASTATIN RATIOPHARM,78,,
,,2022-07-24,155,,,,,,,,,,,,,,,50.87,136,,,,,,,,,439489,115,,,,,,,DULOXETINE RATIOPHARM,78,,
,,2022-04-03,155,,,,,,,,,,,,,,,12.37,136,,,,,,,,,566042,114,,,,,,,NIFEDIPIN ALTERNOVA,77,,
,,2022-01-21,155,,,,,,,,,,,,,,,1.96,136,,,,,,,,,081217,114,,,,,,,ZANTAC,77,,
,,2018-05-29,155,,,,,,,,,,,,,,,11.03,136,,,,,,,,,028718,114,,,,,,,DUCRESSA,77,,
,,2023-08-20,155,,,,,,,,,,,,,,,12.6,135,,,,,,,,,479142,114,,,,,,,VREYA,77,,
,,2020-08-18,154,,,,,,,,,,,,,,,16.85,135,,,,,,,,,004020,114,,,,,,,CIPRALEX,77,,
,,2019-07-27,154,,,,,,,,,,,,,,,39.58,135,,,,,,,,,144493,114,,,,,,,AIROMIR,76,,
,,2021-03-16,154,,,,,,,,,,,,,,,2.07,135,,,,,,,,,196808,113,,,,,,,DULOXETIN STADA,76,,
,,2017-06-07,154,,,,,,,,,,,,,,,24.19,135,,,,,,,,,435726,113,,,,,,,LISIPRIL COMP,76,,
,,2023-07-28,154,,,,,,,,,,,,,,,20.67,134,,,,,,,,,048181,113,,,,,,,STELARA,76,,
,,2019-11-18,154,,,,,,,,,,,,,,,18.03,134,,,,,,,,,014365,113,,,,,,,AZITHROMYCIN SANDOZ,76,,
,,2019-11-17,154,,,,,,,,,,,,,,,6.43,134,,,,,,,,,034460,113,,,,,,,BUPROPION SANDOZ,75,,
,,2019-11-24,154,,,,,,,,,,,,,,,6.55,134,,,,,,,,,523296,113,,,,,,,ELVANSE,74,,
,,2020-03-30,154,,,,,,,,,,,,,,,5.56,134,,,,,,,,,086901,113,,,,,,,AGOMELATINE RATIOPHARM,74,,
,,2020-03-20,154,,,,,,,,,,,,,,,14.72,134,,,,,,,,,408102,112,,,,,,,METHYLPHENIDATE SANDOZ,74,,
,,2019-07-02,154,,,,,,,,,,,,,,,23.31,134,,,,,,,,,001411,112,,,,,,,KETOMEX,74,,
,,2021-01-22,154,,,,,,,,,,,,,,,9.54,133,,,,,,,,,176263,112,,,,,,,SCOPODERM,73,,
,,2023-10-13,154,,,,,,,,,,,,,,,8.27,133,,,,,,,,,007544,112,,,,,,,EFEXOR DEPOT,72,,
,,2022-12-06,154,,,,,,,,,,,,,,,132.77,133,,,,,,,,,400592,112,,,,,,,LEVAZYR,72,,
,,2019-02-28,154,,,,,,,,,,,,,,,21.0,133,,,,,,,,,085987,112,,,,,,,TACROLIMUS ACCORD,72,,
,,2021-09-25,154,,,,,,,,,,,,,,,33.31,132,,,,,,,,,467421,112,,,,,,,TADALAFIL KRKA,72,,
,,2019-08-15,154,,,,,,,,,,,,,,,20.19,132,,,,,,,,,078632,112,,,,,,,ATROVENT ECO,72,,
,,2023-01-30,154,,,,,,,,,,,,,,,114.35,132,,,,,,,,,029706,112,,,,,,,ALFUZOSIN HYDROCHLORIDE ORION,71,,
,,2018-09-28,154,,,,,,,,,,,,,,,6.17,132,,,,,,,,,565366,112,,,,,,,LETROZOLE SANDOZ,71,,
,,2022-08-28,154,,,,,,,,,,,,,,,144.14,132,,,,,,,,,158839,112,,,,,,,MAKROGOLI ORION,71,,
,,2022-08-01,154,,,,,,,,,,,,,,,37.84,132,,,,,,,,,115931,112,,,,,,,PEGULOS,71,,
,,2017-11-17,154,,,,,,,,,,,,,,,50.93,132,,,,,,,,,164551,111,,,,,,,MULTIVITA MONIVITAMIINI,71,,
,,2021-11-24,154,,,,,,,,,,,,,,,1.24,132,,,,,,,,,168036,111,,,,,,,LOSARSTAD COMP,71,,
,,2022-05-11,154,,,,,,,,,,,,,,,49.66,131,,,,,,,,,478719,111,,,,,,,IMIGRAN RADIS,70,,
,,2023-12-25,154,,,,,,,,,,,,,,,2.57,131,,,,,,,,,460502,111,,,,,,,SELOCOMP ZOC,70,,
,,2019-12-27,154,,,,,,,,,,,,,,,18.08,130,,,,,,,,,422246,111,,,,,,,HARMONET,70,,
,,2021-07-23,154,,,,,,,,,,,,,,,17.41,130,,,,,,,,,431814,111,,,,,,,ETORICOXIB SANDOZ,70,,
,,2021-07-06,154,,,,,,,,,,,,,,,27.58,130,,,,,,,,,444851,111,,,,,,,ELMEX,70,,
,,2021-02-10,154,,,,,,,,,,,,,,,25.73,130,,,,,,,,,186538,111,,,,,,,BETNOVAT SCALP,70,,
,,2022-02-13,154,,,,,,,,,,,,,,,25.59,130,,,,,,,,,080629,111,,,,,,,MINISUN D-VITAMIINI,70,,
,,2022-11-24,154,,,,,,,,,,,,,,,34.39,129,,,,,,,,,011489,111,,,,,,,CANDESTAD,70,,
,,2020-11-12,154,,,,,,,,,,,,,,,19.96,129,,,,,,,,,068579,110,,,,,,,ARIPIPRAZOLE ACCORD,69,,
,,2019-09-05,154,,,,,,,,,,,,,,,7.16,129,,,,,,,,,453633,110,,,,,,,DOXITIN,69,,
,,2019-09-06,154,,,,,,,,,,,,,,,7.29,129,,,,,,,,,489092,110,,,,,,,OLANZAPINE MYLAN,69,,
,,2019-09-27,154,,,,,,,,,,,,,,,16.28,129,,,,,,,,,556250,110,,,,,,,PRIMOLUT NOR,69,,
,,2023-02-20,154,,,,,,,,,,,,,,,37.58,129,,,,,,,,,148564,110,,,,,,,LIPOLAN,69,,
,,2021-05-01,154,,,,,,,,,,,,,,,1.45,129,,,,,,,,,144832,110,,,,,,,NARAMIG,69,,
,,2020-10-31,154,,,,,,,,,,,,,,,35.15,129,,,,,,,,,073048,109,,,,,,,QUESTRAN,68,,
,,2019-06-09,154,,,,,,,,,,,,,,,34.94,128,,,,,,,,,555666,109,,,,,,,PREGABALIN SANDOZ,68,,
,,2022-07-26,154,,,,,,,,,,,,,,,22.89,128,,,,,,,,,091006,109,,,,,,,MADOPAR QUICK,68,,
,,2020-09-28,154,,,,,,,,,,,,,,,18.46,128,,,,,,,,,032706,109,,,,,,,CREON 10 000,68,,
,,2021-12-24,154,,,,,,,,,,,,,,,218.03,128,,,,,,,,,418673,109,,,,,,,VOLTAREN EMULGEL,68,,
,,2022-04-25,154,,,,,,,,,,,,,,,7.32,128,,,,,,,,,139063,109,,,,,,,ANORO ELLIPTA,68,,
,,2022-01-19,154,,,,,,,,,,,,,,,15.77,128,,,,,,,,,174664,109,,,,,,,CIPROXIN,68,,
,,2022-01-23,154,,,,,,,,,,,,,,,27.17,128,,,,,,,,,584888,109,,,,,,,ABASAGLAR KWIKPEN,68,,
,,2022-01-11,154,,,,,,,,,,,,,,,12.57,128,,,,,,,,,145978,109,,,,,,,ACTOS,68,,
,,2023-08-03,154,,,,,,,,,,,,,,,21.46,127,,,,,,,,,181536,109,,,,,,,IBRANCE,68,,
,,2020-08-12,153,,,,,,,,,,,,,,,18.0,127,,,,,,,,,574831,109,,,,,,,DERMALOG SKIN-CURE,67,,
,,2020-12-20,153,,,,,,,,,,,,,,,19.54,127,,,,,,,,,125317,109,,,,,,,LOCOID CRELO,67,,
,,2023-07-08,153,,,,,,,,,,,,,,,8.09,127,,,,,,,,,008777,108,,,,,,,ESCITALOPRAM RATIOPHARM,67,,
,,2023-07-24,153,,,,,,,,,,,,,,,9.6,127,,,,,,,,,088891,108,,,,,,,SOLIFENACIN ORION,67,,
,,2023-11-26,153,,,,,,,,,,,,,,,3.45,127,,,,,,,,,554074,108,,,,,,,QUETIAPIN HEXAL,67,,
,,2018-04-11,153,,,,,,,,,,,,,,,1.66,127,,,,,,,,,054147,108,,,,,,,KETO,66,,
,,2017-12-03,153,,,,,,,,,,,,,,,34.09,126,,,,,,,,,539973,108,,,,,,,FEMILAR,66,,
,,2019-11-28,153,,,,,,,,,,,,,,,44.33,126,,,,,,,,,588574,108,,,,,,,GLUCOSAMIN PHARMA NORD,66,,
,,2019-11-20,153,,,,,,,,,,,,,,,18.38,126,,,,,,,,,151589,108,,,,,,,TROSPIUM VERMAN,66,,
,,2021-06-24,153,,,,,,,,,,,,,,,18.85,126,,,,,,,,,130880,107,,,,,,,ESBRIET,66,,
,,2021-06-27,153,,,,,,,,,,,,,,,161.03,126,,,,,,,,,390918,107,,,,,,,BURANA-CAPS,66,,
,,2020-02-26,153,,,,,,,,,,,,,,,1.5,126,,,,,,,,,172627,107,,,,,,,DONEPEZIL KRKA,66,,
,,2020-02-03,153,,,,,,,,,,,,,,,5.79,126,,,,,,,,,599317,107,,,,,,,HYDREX,65,,
,,2021-10-08,153,,,,,,,,,,,,,,,26.13,126,,,,,,,,,048424,107,,,,,,,DULOXETINE ACCORD,65,,
,,2021-09-24,153,,,,,,,,,,,,,,,13.73,126,,,,,,,,,163675,107,,,,,,,QUETIAPINE ACCORD,65,,
,,2023-01-13,153,,,,,,,,,,,,,,,13.16,126,,,,,,,,,143196,107,,,,,,,ENGERIX-B,65,,
,,2018-09-03,153,,,,,,,,,,,,,,,12.96,126,,,,,,,,,009083,107,,,,,,,OLMETEC PLUS,65,,
,,2017-11-16,153,,,,,,,,,,,,,,,47.09,126,,,,,,,,,532945,106,,,,,,,CIMZIA,65,,
,,2022-05-04,153,,,,,,,,,,,,,,,21.18,125,,,,,,,,,542197,106,,,,,,,GONAL-F,65,,
,,2019-12-09,153,,,,,,,,,,,,,,,21.94,125,,,,,,,,,388694,106,,,,,,,ANKSILON,65,,
,,2021-07-16,153,,,,,,,,,,,,,,,17.6,125,,,,,,,,,148251,106,,,,,,,PHYSIONEAL 40 GLUCOSE CLEAR-FLEX,64,,
,,2018-08-29,153,,,,,,,,,,,,,,,31.62,125,,,,,,,,,114447,106,,,,,,,SERTRALIN HEXAL,64,,
,,2023-03-26,153,,,,,,,,,,,,,,,29.67,125,,,,,,,,,463481,106,,,,,,,LETROZOL STADA,64,,
,,2021-02-09,153,,,,,,,,,,,,,,,6.85,125,,,,,,,,,543469,105,,,,,,,DEVISOL,64,,
,,2018-12-13,153,,,,,,,,,,,,,,,48.15,125,,,,,,,,,190703,105,,,,,,,ARIPIPRAZOLE ORION,64,,
,,2018-12-06,153,,,,,,,,,,,,,,,47.85,125,,,,,,,,,034793,105,,,,,,,DUTESTER,64,,
,,2022-02-14,153,,,,,,,,,,,,,,,1.27,125,,,,,,,,,179773,105,,,,,,,LOSARTAN/HYDROCHLOROTHIAZIDE SANDOZ,64,,
,,2021-02-18,153,,,,,,,,,,,,,,,22.25,124,,,,,,,,,025109,105,,,,,,,LIPISTAD,63,,
,,2021-02-19,153,,,,,,,,,,,,,,,8.17,124,,,,,,,,,083531,105,,,,,,,RETAFER,63,,
,,2020-11-04,153,,,,,,,,,,,,,,,31.42,124,,,,,,,,,112098,105,,,,,,,ORICYCLIN,63,,
,,2019-09-10,153,,,,,,,,,,,,,,,30.67,124,,,,,,,,,075880,104,,,,,,,CERIDAL LIPOLOTION,63,,
,,2019-09-29,153,,,,,,,,,,,,,,,16.22,124,,,,,,,,,575571,104,,,,,,,GLUCOSAMIN ORIFARM,63,,
,,2018-11-16,153,,,,,,,,,,,,,,,2.6,124,,,,,,,,,383190,104,,,,,,,TANONALLA,63,,
,,2023-05-06,153,,,,,,,,,,,,,,,5.23,124,,,,,,,,,510564,104,,,,,,,LEVOCETIRIZIN STADA,63,,
,,2020-09-23,153,,,,,,,,,,,,,,,37.82,124,,,,,,,,,011547,104,,,,,,,FEMODEN,62,,
,,2022-07-16,153,,,,,,,,,,,,,,,1.07,124,,,,,,,,,402570,104,,,,,,,SINGULAIR,62,,
,,2022-01-04,153,,,,,,,,,,,,,,,11.93,124,,,,,,,,,540229,104,,,,,,,CARBALAN PERUSVOIDE,62,,
,,2022-01-10,153,,,,,,,,,,,,,,,23.45,124,,,,,,,,,010132,104,,,,,,,HYDROXYUREA MEDAC,62,,
,,2018-05-25,153,,,,,,,,,,,,,,,22.88,123,,,,,,,,,016323,104,,,,,,,FEMOSTON,62,,
,,2023-08-29,153,,,,,,,,,,,,,,,33.28,123,,,,,,,,,023367,104,,,,,,,PAMOL F,62,,
,,2021-03-17,152,,,,,,,,,,,,,,,33.87,123,,,,,,,,,183574,103,,,,,,,PIMAFUCORT,62,,
,,2022-10-15,152,,,,,,,,,,,,,,,9.65,123,,,,,,,,,122518,103,,,,,,,RISOLID,62,,
,,2019-04-02,152,,,,,,,,,,,,,,,19.68,123,,,,,,,,,007623,103,,,,,,,COVERSYL COMP NOVUM,61,,
,,2019-04-22,152,,,,,,,,,,,,,,,8.96,123,,,,,,,,,534941,103,,,,,,,PROVERA,61,,
,,2022-09-12,152,,,,,,,,,,,,,,,16.01,123,,,,,,,,,038448,103,,,,,,,OFEV,61,,
,,2022-06-14,152,,,,,,,,,,,,,,,2.25,123,,,,,,,,,384498,103,,,,,,,CREON,61,,
,,2020-03-31,152,,,,,,,,,,,,,,,1.72,123,,,,,,,,,012831,103,,,,,,,DESLORATADINE TEVA,61,,
,,2021-06-04,152,,,,,,,,,,,,,,,11.05,123,,,,,,,,,155341,103,,,,,,,MEDIKINET,61,,
,,2021-06-11,152,,,,,,,,,,,,,,,9.78,122,,,,,,,,,481663,103,,,,,,,SINEMET DEPOT,60,,
,,2022-03-20,152,,,,,,,,,,,,,,,19.69,122,,,,,,,,,395924,102,,,,,,,VENLAFAXIN RATIOPHARM,60,,
,,2022-03-04,152,,,,,,,,,,,,,,,18.98,122,,,,,,,,,371975,102,,,,,,,MINISUN D-VITAMIINI 50 MIKROG PURUTABL,60,,
,,2020-02-23,152,,,,,,,,,,,,,,,31.58,122,,,,,,,,,586427,102,,,,,,,DIENORETTE,60,,
,,2020-02-27,152,,,,,,,,,,,,,,,18.84,122,,,,,,,,,077878,102,,,,,,,OVITRELLE,60,,
,,2018-06-09,152,,,,,,,,,,,,,,,17.02,122,,,,,,,,,490210,102,,,,,,,MULTAQ,60,,
,,2021-10-11,152,,,,,,,,,,,,,,,17.82,122,,,,,,,,,101972,102,,,,,,,CLOTAM,60,,
,,2021-09-06,152,,,,,,,,,,,,,,,27.07,122,,,,,,,,,015417,102,,,,,,,TARDOCILLIN 1200,60,,
,,2021-04-07,152,,,,,,,,,,,,,,,180.59,122,,,,,,,,,003911,101,,,,,,,ZECLAR OD,60,,
,,2021-04-05,152,,,,,,,,,,,,,,,10.54,121,,,,,,,,,574673,101,,,,,,,ADALAT,59,,
,,2020-05-23,152,,,,,,,,,,,,,,,70.35,121,,,,,,,,,400508,101,,,,,,,MULTIVITA ASCORBIN,59,,
,,2021-04-22,152,,,,,,,,,,,,,,,92.23,121,,,,,,,,,000552,101,,,,,,,NEBIVOLOL ORION,59,,
,,List truncated...,,,,,,,,,,,,,,,,List truncated...,,,,,,,,,,List truncated...,,,,,,,,List truncated...,,,
