EVENT_AGE,Frequency,APPROX_EVENT_DAY,Frequency,CDA_ID_SALATTU,Frequency,DOC_GROUP_SALATTU,Frequency,DOC_TYPE_CODE,Frequency,DOC_VERSION,Frequency,TYPE_1_AMOUNT,Frequency,TYPE_1_SIZE,Frequency,TYPE_2_AMOUNT,Frequency,TYPE_2_SIZE_UNIT,Frequency,TYPE_3_TIME,Frequency,TYPE_3_UNIT,Frequency,ATC_CODE,Frequency,PREPARATION_TYPE_CODE,Frequency,PRODUCT_CODE,Frequency,RESEPTISTATUS,Frequency,LAAKEMUOTOKOODI,Frequency,DRUG_NAME_C,Frequency,DOSE_QUANTITY_TEXT,Frequency,RENEWAL_BAN,Frequency,MED_EXCHANGE_BAN,Frequency,DOSE_DISTRIBUTION,Frequency,ORGANIZATION_OID_SALATTU,Frequency,ERIKOISALA_CODE,Frequency
69.924,54,2017-04-13,183,List truncated...,,List truncated...,,1,476872,1,476872,1.0,206435,,107036,,496176,,496186,,396808,,396809,N02BE01,21951,1.0,366414,,29866,1.0,447381,235.0,163542,BURANA,15191,10 mg,35365,0,498720,0,497042,0,492514,12A7BDF6408B077325D1E5EC82120AB6,13740,76111-222,122437
63.257,52,2017-01-11,182,,,,,2,13136,2,21262,,107018,100 kpl,68135,100.0,1037,fol,1038,2.0,27188,d,48508,M01AE01,17516,,107037,383992,13180,,29915,173.0,106062,PANADOL FORTE,13377,5 mg,29363,1,1280,1,2958,1,7486,FFF79CA0590BB6FFEE99ADBC749C5D04,11728,76111,90209
67.49,52,2023-03-13,180,,,,,3,9992,3,1467,2.0,53762,100 fol,44238,200.0,342,kpl,679,365.0,22576,a,45622,,11035,9.0,16018,552208,8099,0.0,22704,,29915,PANACOD,9434,20 mg,26121,,,,,,,126C65C23B597E9846C366A83BF15EA3,8967,,65205
68.971,52,2019-06-04,179,,,,,,,4,268,4.0,50214,30 fol,29305,30.0,278,tabletti,400,1.0,19732,mo,8706,A02BC02,10395,2.0,4409,193102,4358,,,250.0,23062,SOMAC,9198,500 mg,20279,,,,,,,A5BF03B75B0347AA7B074D62CA546DC4,5981,86173-680,50717
62.693,51,2017-05-22,178,,,,,,,5,78,3.0,26667,98 fol,24900,400.0,258,tabl,368,730.0,16679,wk,351,C07AB07,8978,6.0,3379,425967,3232,,,16.0,19275,KEFEXIN,7055,,18343,,,,,,,3692236D095C41A1416D2841CB3B90EA,3975,98,19392
65.023,51,2019-03-13,178,,,,,,,List truncated...,,8.0,18336,20 fol,20326,800.0,151,g,250,24.0,3058,List truncated...,,J01DB01,8034,7.0,1224,124347,3116,,,28.0,16493,THYROXIN,6549,100 mg,16980,,,,,,,F39BF78C7D6A26CD2C27A9A0EFE0A21C,3346,86167-670,14643
70.981,51,2017-04-05,178,,,,,,,,,6.0,11903,30 kpl,17616,1.0,138,tbl,160,12.0,2239,,,R03AC02,7165,4.0,718,169275,3021,,,17.0,10039,PREDNISOLON,5358,1 g,16296,,,,,,,CA3555E1A77B3663A08326A9B6769BA0,2897,86173-656,12915
65.784,50,2017-03-14,177,,,,,,,,,5.0,6672,28 fol,14526,300.0,134,tablettia,149,6.0,1421,,,M01AH05,7150,10.0,393,552190,2987,,,344.0,8789,ARCOXIA,4729,40 mg,16192,,,,,,,8D563A5B8FA87871FFDD1AA18DCAAE49,2051,66111-901,9955
67.914,50,2017-02-07,177,,,,,,,,,12.0,6633,14 fol,8445,20.0,101,ml,139,3.0,1004,,,H03AA01,6962,3.0,245,490086,2923,,,462.0,6751,PARA-TABS,4447,600 mg,12830,,,,,,,42490EEF1AAB2A627642CF56ADA6FD2E,1940,86171-430,9201
List truncated...,,2022-11-18,177,,,,,,,,,10.0,4377,50 fol,6682,60.0,80,List truncated...,,30.0,969,,,N02AJ06,6216,11.0,157,425959,2886,,,45.0,6732,DUACT,4394,50 mg,11840,,,,,,,3462C23CA0D1C7962C90B2D9F156038B,1886,86181-500,6707
,,2017-03-25,176,,,,,,,,,16.0,1804,10 fol,6487,50.0,76,,,7.0,889,,,G03CA03,6053,List truncated...,,428896,2685,,,349.0,5532,SIRDALUD,4333,25 mg,11044,,,,,,,7A5AB171D1016CD86F877F878D3346DF,1870,76111-111,6666
,,2023-12-06,174,,,,,,,,,24.0,1238,24 fol,6361,2.0,62,,,400.0,787,,,N05CF01,5781,,,547968,2538,,,352.0,5418,AMORION,4079,500/30 mg,9591,,,,,,,8A206CDBB92E082958F75E3E2F6CEF90,1853,86111-590,5397
,,2019-12-04,174,,,,,,,,,7.0,863,120 annosta,5346,10.0,58,,,180.0,688,,,H02AB06,5713,,,434993,2522,,,330.0,4696,IMOVANE,3999,15 mg,9572,,,,,,,BF9ABE1CBC4D559A3185B9F738C4D7B2,1815,86161-580,4711
,,2017-10-22,174,,,,,,,,,20.0,788,56 fol,5271,150.0,58,,,90.0,650,,,J01CA04,5533,,,425975,2262,,,328.0,4476,VAGIFEM,3945,150 mg,7944,,,,,,,787BCEEE57F82F13A956469C71D99F00,1756,86162-370,3043
,,2017-06-05,173,,,,,,,,,15.0,745,100 g,5087,130.0,56,,,800.0,598,,,C10AA05,5522,,,167770,2243,,,29.0,4281,OPAMOX,3821,300 mg,7457,,,,,,,669B19B66F899D39381FBE37A39AF4D3,1674,86183-440,2932
,,2019-02-13,173,,,,,,,,,9.0,705,60 annosta,4973,40.0,53,,,10.0,478,,,C08CA01,5368,,,193086,2181,,,281.0,4181,FURESIS,3627,750 mg,6882,,,,,,,78F17B9D00F4A6DC2113393B2D26550A,1635,86115-170,2696
,,2017-02-01,173,,,,,,,,,30.0,237,60 fol,4383,600.0,51,,,720.0,425,,,R01BA52,5238,,,98460,1958,,,541.0,4077,KETIPINOR,3570,2,5 mg,6649,,,,,,,19CC26EC31AE3EAE50EC187BDA027A52,1624,76211,2679
,,2017-11-20,173,,,,,,,,,13.0,234,10 ml,4189,List truncated...,,,,5.0,381,,,A10BA02,4931,,,098460,1923,,,234.0,3961,ATORVASTATIN ORION,3282,75 mg,6145,,,,,,,C47737D29B5DA55AB7F4BAD2BC962756,1623,86175-140,2617
,,2019-11-07,172,,,,,,,,,14.0,223,30 g,3848,,,,,14.0,282,,,C10AA01,4733,,,545319,1817,,,655.0,3685,VENTOLINE DISKUS,3116,200 mikrog/annos,6122,,,,,,,0501BB9CA97FC674E2415A9891AE9C34,1485,76111-666,2455
,,2021-01-28,172,,,,,,,,,18.0,163,200 annosta,3801,,,,,4.0,272,,,M03BX02,4693,,,557827,1810,,,244.0,3374,TENOX,2791,2 mg,5683,,,,,,,7DA9B27CADB012D5F9286D183E94E2CE,1464,66111-900,2421
,,2017-05-07,172,,,,,,,,,25.0,107,90 fol,3318,,,,,731.0,242,,,N05BA04,4689,,,537944,1774,,,14.0,3329,LYRICA,2780,7,5 mg,5565,,,,,,,8BE8D28E8C46EAFCD2A709783F39CAE0,1464,86131-230,2153
,,2019-10-28,172,,,,,,,,,32.0,101,10 kpl,3077,,,,,366.0,198,,,A12AX,4637,,,550111,1502,,,139.0,3275,LEPONEX,2626,400 mg,5300,,,,,,,A09650237D2B2EE906EFF139F0E27592,1408,76211-111,1942
,,2017-06-06,171,,,,,,,,,50.0,84,5 ml,2812,,,,,364.0,190,,,N05AH04,4339,,,474551,1489,,,159.0,3068,AVAMYS,2623,1000 mg,5172,,,,,,,5805912D673A5936E9E18707BCCC718C,1350,86167-656,1895
,,2023-11-02,171,,,,,,,,,11.0,70,50 g,2711,,,,,100.0,186,,,N02AX02,4049,,,486605,1487,,,177.0,2956,METFOREM,2612,800 mg,5034,,,,,,,8B8C9781B409219F5A059AEC4A067F64,1337,86115-160,1725
,,2017-03-24,171,,,,,,,,,40.0,62,7 fol,2666,,,,,700.0,185,,,S01AA01,4047,,,533158,1486,,,210.0,2910,TRIPTYL,2517,0,1 %,4870,,,,,,,237714FD474CA03FC2CA0C23FB997DEC,1299,86113-180,1615
,,2017-03-23,171,,,,,,,,,52.0,53,3,5 g,2418,,,,,740.0,135,,,S01XA20,3955,,,000976,1389,,,225.0,2827,NASONEX,2342,200 mg,4790,,,,,,,7FC9C3306D4389A4297EDB1FB45ADE72,1294,86111-599,1413
,,2016-04-06,171,,,,,,,,,26.0,52,200 ml,2315,,,,,360.0,133,,,C03CA01,3949,,,476127,1356,,,605.0,2158,DYMISTA,2321,30 mg,4729,,,,,,,67F3F517A2FC607F995C5FBF1AA59806,1256,86172-130,1400
,,2022-12-21,170,,,,,,,,,List truncated...,,0,5 ml,2311,,,,,60.0,108,,,A02BC05,3749,,,476861,1355,,,143.0,1978,CARDACE,2317,1 mg,4594,,,,,,,A88D177C68A6831D9D87B99CE4A09389,1232,70,1372
,,2021-04-22,170,,,,,,,,,,,500 g,2216,,,,,200.0,105,,,N06AX11,3601,,,088261,1351,,,350.0,1966,AMLODIPIN ORION,2277,8/60 mg,4355,,,,,,,B4773D804C157E10B47B9EA8A3B29ED2,1212,86113-190,1340
,,2017-05-10,170,,,,,,,,,,,180 kpl,2198,,,,,8.0,94,,,M01AB05,3551,,,108969,1348,,,251.0,1742,BUVENTOL EASYHALER,2268,100 U/ml,4099,,,,,,,63FDE0185960008C282D8F1A77261CE5,1202,86131-202,1332
,,2019-05-15,170,,,,,,,,,,,12 fol,2074,,,,,31.0,91,,,J01AA02,3526,,,479543,1279,,,224.0,1690,PROPRAL,2179,10 mikrog,4081,,,,,,,442E8064088C846B4079309A74F7139E,1189,86112-570,1240
,,2017-11-21,170,,,,,,,,,,,1 kpl,2052,,,,,28.0,69,,,N02AA59,3501,,,067710,1233,,,136.0,1608,SIMVASTATIN ORION,2136,90 mg,3805,,,,,,,6576E6E6F6F8E870E3A6209716063572,1182,86192-560,1188
,,2017-10-13,170,,,,,,,,,,,6 fol,1994,,,,,35.0,67,,,C09CA01,3482,,,88261,1231,,,66.0,1542,OFTAGEL,2086,250 mg,3583,,,,,,,1A2207FE2FEF7F237D2BCA4A2E9A1A90,1172,86111-630,1175
,,2023-11-20,169,,,,,,,,,,,100 x 1 fol,1960,,,,,21.0,63,,,C10AA07,3447,,,976,1135,,,498.0,1540,MIRTAZAPIN ORION,2062,4 mg,3498,,,,,,,7C32903059074F76B6C05A09933942D9,1154,99112-222,1066
,,2020-03-11,169,,,,,,,,,,,3 x 28 fol,1947,,,,,750.0,63,,,C09CA06,3314,,,007061,1126,,,543.0,1537,CALCICHEW D3 FORTE SITRUUNA,2020,50 mikrog/annos,3472,,,,,,,777D3EE836D66867573EE7B3B1794F89,1101,86175-656,1039
,,2017-02-20,169,,,,,,,,,,,100 ml,1747,,,,,732.0,58,,,C09AA05,3147,,,087312,1075,,,245.0,1514,SELEXID,2008,100 mikrog,3303,,,,,,,AD18212D7E71F077CAC45FAD76B87F77,1096,86111-656,1028
,,2016-05-30,169,,,,,,,,,,,90 kpl,1589,,,,,List truncated...,,,,N05CH01,3052,,,130864,1062,,,564.0,1469,BEMETSON,1974,500 mg/10 mikrog,3266,,,,,,,DF1FD74EA6917672E9A056FACBD3844D,1092,86181-556,1023
,,2022-06-09,168,,,,,,,,,,,15 g,1543,,,,,,,,,N02AA05,3019,,,460295,1053,,,839.0,1412,OFTAN AKVAKOL,1901,0,5 mg,3223,,,,,,,4F6E69B312639A8427C649ACDD830CC1,1068,86192-550,1000
,,2020-03-16,168,,,,,,,,,,,500 ml,1521,,,,,,,,,N03AX16,3016,,,474403,1053,,,149.0,1271,OFTAN CHLORA,1854,3 mg,3065,,,,,,,7B0B027FC28476BF2D6951FE8F36822E,1051,10,955
,,2018-09-24,168,,,,,,,,,,,140 annosta,1407,,,,,,,,,N05AH02,2979,,,119478,1039,,,109.0,1225,DOXIMED,1851,5 mg/ml,2974,,,,,,,0E73CC8CCE432F039ADB8FE9D5DDDCA5,1050,86171-656,947
,,2023-12-10,168,,,,,,,,,,,4 kpl,1324,,,,,,,,,R06AE07,2972,,,448447,1036,,,13.0,1217,TRIMOPAN,1817,10 mg/g,2958,,,,,,,E9E82ABCBC1BE145A9CF988FACBA9767,1049,76111-812,928
,,2017-11-01,168,,,,,,,,,,,20 ml,1295,,,,,,,,,M01AE02,2955,,,499533,1012,,,315.0,1159,V-PEN MEGA,1777,60 mg,2775,,,,,,,F8D27930E70427995BB75FE55DD0EB5B,1049,86111-597,923
,,2022-11-30,168,,,,,,,,,,,8 fol,1255,,,,,,,,,N05CD07,2879,,,116928,988,,,206.0,1143,DIAPAM,1700,2 %,2415,,,,,,,6B8BB5F6B90E42E6DCFEB8228671B8B3,1032,86114-380,899
,,2019-03-06,168,,,,,,,,,,,1000 g,1206,,,,,,,,,J01CA08,2875,,,532952,984,,,869.0,1098,NORSPAN,1699,120 mg,2384,,,,,,,3360F9D5C6B36B40FDDB4C30D52F247C,1019,86131-240,893
,,2022-11-15,168,,,,,,,,,,,5 x 3 ml,1188,,,,,,,,,J01CE02,2724,,,127235,984,,,21.0,901,LOSARTAN ORION,1623,125/50 mikrog/annos,2304,,,,,,,4A63F88D41ABC2480C322E72CFFAF884,1019,86192-656,886
,,2023-11-21,167,,,,,,,,,,,60 kpl,1105,,,,,,,,,N05CF02,2669,,,023635,982,,,535.0,848,LITALGIN,1583,25 mikrog,2264,,,,,,,246C6333DE3844886601229543073E97,1010,86134-100,853
,,2020-03-18,167,,,,,,,,,,,10 x 0,4 ml,1093,,,,,,,,,N06AB10,2663,,,169264,978,,,510.0,797,DIFORMIN RETARD,1540,1 mg/ml,2116,,,,,,,257055CEECCC5B047A7877A11CF8F600,1010,86111-640,829
,,2019-09-22,167,,,,,,,,,,,100,1087,,,,,,,,,R01AD12,2660,,,380766,973,,,343.0,760,VENTOLINE EVOHALER,1538,27,5 mikrog/suihke,2109,,,,,,,A0A40122B50D09DACA4AD6EE0A8D8D43,1009,86134-110,781
,,2017-03-17,166,,,,,,,,,,,120 x 0,5 g,1019,,,,,,,,,N06AA09,2636,,,434811,961,,,211.0,721,ZOPINOX,1519,8 mg,2102,,,,,,,E44A7FF65D3695710E17D889DF497BCF,1004,86111-600,780
,,2023-10-05,166,,,,,,,,,,,1 fol,965,,,,,,,,,R06AX27,2512,,,87312,954,,,889.0,699,TRAMAL,1509,2,5 mg/g,2007,,,,,,,C3256D23E4214DA41BF90EDB03D5B20A,997,86111-610,777
,,2019-02-06,166,,,,,,,,,,,25 fol,921,,,,,,,,,R01AD09,2475,,,67710,946,,,200.0,693,KLEXANE,1496,160 mg,1912,,,,,,,A2881249B3CC59A9BCA457FCD0AB443C,991,86131-203,773
,,2022-11-23,166,,,,,,,,,,,1 ml,853,,,,,,,,,N06AX16,2435,,,388702,945,,,366.0,667,NORFLEX,1492,0,4 mg,1873,,,,,,,F38402E739EEEB113B364093C27EE419,990,76111-479,764
,,2018-02-20,166,,,,,,,,,,,48 fol,820,,,,,,,,,G04BE03,2367,,,7061,943,,,74.0,584,BISOPROLOL RATIOPHARM,1492,100 mg/ml,1665,,,,,,,963BDCB490C090DC52E239F394FBF89C,989,86198-150,757
,,2021-12-03,166,,,,,,,,,,,20 kpl,809,,,,,,,,,R01AD58,2323,,,403048,931,,,565.0,583,VI-SIBLIN,1488,0,1 mg/annos,1625,,,,,,,2FF903A911A47FFD4CC482F8E120F18F,973,86161-656,695
,,2017-06-13,165,,,,,,,,,,,3 x 21 fol,781,,,,,,,,,C07AA05,2303,,,584609,930,,,130.0,575,MAREVAN FORTE,1487,80 mg,1574,,,,,,,B296B62DC09DAAD2B87833F79D0F9ED0,971,86131-220,666
,,2020-03-09,165,,,,,,,,,,,25 kpl,772,,,,,,,,,J01CR02,2191,,,007072,927,,,356.0,571,DINIT,1463,500/5 mg,1544,,,,,,,0D98BB93263ED86B503598670CF45CD2,970,86111-593,514
,,2017-03-28,165,,,,,,,,,,,8 kpl,754,,,,,,,,,B01AA03,2189,,,185983,926,,,240.0,569,OFTAN DEXA-CHLORA,1457,610 mg/g,1537,,,,,,,2B08F0078E245AD2F158ADD49AE9D7E2,963,86131-356,509
,,2021-04-26,165,,,,,,,,,,,5 g,747,,,,,,,,,D07AC01,2184,,,547976,926,,,316.0,561,PRIMPERAN,1456,23,2 mg/g,1469,,,,,,,F0E90ADC7B64D125FE4E5978009D56A6,956,76111-722,491
,,2017-02-05,165,,,,,,,,,,,30 x 0,25 ml,739,,,,,,,,,N02AE01,2128,,,463133,918,,,547.0,494,DOXIMYCIN,1454,1,25 mg/annos,1450,,,,,,,1EFE423B1021DA2CD45C04AC67F7B4DF,951,86115-656,491
,,2017-02-08,165,,,,,,,,,,,50 kpl,693,,,,,,,,,J01EA01,2096,,,184911,914,,,233.0,490,OXYNORM,1434,1 milj.IU,1432,,,,,,,C0088167E66F22E9CA0387CA85DE5675,942,86111-598,483
,,2018-09-18,165,,,,,,,,,,,400 g,678,,,,,,,,,R03AK07,1991,,,565663,913,,,333.0,441,VOLTAREN FORTE,1425,875/125 mg,1386,,,,,,,B8D0579B0F1316BDD0301DCFDE415835,938,80,461
,,2016-04-15,165,,,,,,,,,,,3 x 140 annosta,670,,,,,,,,,N05BA01,1986,,,431530,894,,,739.0,429,FLAVAMED,1394,5/2,5 mg,1347,,,,,,,B3142F3FB0537C88A586B6D36F3E38CE,935,10R,445
,,2017-11-11,165,,,,,,,,,,,96 fol,669,,,,,,,,,B01AB05,1941,,,550236,893,,,396.0,427,CODESAN COMP,1391,10 mg/ml,1341,,,,,,,1DC12967869FB38F6516F654EB9ED269,931,86131-200,445
,,2017-11-24,165,,,,,,,,,,,200 kpl,659,,,,,,,,,N03AX12,1868,,,136945,892,,,199.0,363,ROSUVASTATIN ORION,1355,16 mg,1330,,,,,,,CADADA58D16636B357B102382B1D4446,919,86183-656,443
,,2021-02-24,165,,,,,,,,,,,150 annosta,635,,,,,,,,,C07AB02,1851,,,7072,879,,,194.0,331,EMCONCOR CHF,1341,665 mg,1322,,,,,,,14A84FC3A3F5D797ED123C03FAAD7A9E,917,86171-432,443
,,2019-03-18,165,,,,,,,,,,,180 g,633,,,,,,,,,G04CA02,1846,,,175935,863,,,351.0,307,ATARAX,1338,75/750 mg,1286,,,,,,,62FA14E639A626DA6B121EB7C5FBBB9A,917,86112-656,427
,,2020-11-10,165,,,,,,,,,,,40 fol,612,,,,,,,,,A06AC01,1831,,,474643,852,,,214.0,288,PANADOL EXTEND,1322,1,25 mg/ml,1191,,,,,,,D9F076F275036B9B10E7292EC9A090CA,910,86131-201,406
,,2017-01-23,165,,,,,,,,,,,4 fol,598,,,,,,,,,C01DA08,1767,,,532960,846,,,108.0,280,KALCIPOS-D,1320,12 g,1168,,,,,,,B7ABB1F143B815FDFFC2EE52B91C471C,907,86171-434,382
,,2016-11-17,165,,,,,,,,,,,60 g,597,,,,,,,,,M02AA15,1726,,,525162,844,,,228.0,262,TARGINIQ,1316,75 mikrog,1097,,,,,,,F749F67E3B27C7910D1820689910EF71,892,86111-456,381
,,2018-03-14,164,,,,,,,,,,,14 kpl,546,,,,,,,,,A03FA01,1694,,,085506,834,,,160.0,259,PRONAXEN,1299,550 mg,1095,,,,,,,92D05BAC84CB8741BAE7DD007EC59418,886,86111-756,380
,,2019-02-27,164,,,,,,,,,,,112 fol,542,,,,,,,,,S01CA01,1604,,,398800,815,,,993.0,245,NITROFUR-C,1296,40 mg/ml,1052,,,,,,,7D0C4D23635D63EFEBDDEE7E48562B70,874,86131-210,374
,,2022-12-29,164,,,,,,,,,,,50 x 12 g,532,,,,,,,,,C09AA02,1601,,,481549,808,,,313.0,244,ERDOPECT,1295,400 mikrog/annos,1016,,,,,,,C0DF4D9356727F678BFDCBA1F570EC5A,864,77,364
,,2017-05-19,164,,,,,,,,,,,28 annosta,525,,,,,,,,,P01AB01,1588,,,030627,800,,,401.0,242,SILDENAFIL ORION,1283,1/2 mg/ml,1001,,,,,,,8F9B6F426D5264F07C4C841C2988F56E,862,10M,360
,,2017-05-15,164,,,,,,,,,,,1000 ml,519,,,,,,,,,A03DA02,1583,,,451971,794,,,267.0,230,NEXIUM,1273,100 mikrog/annos,1001,,,,,,,49C3C7B0D9CF47983F6CA543B55454F5,840,86162-656,359
,,2017-05-31,164,,,,,,,,,,,4 ml,513,,,,,,,,,R05FA02,1582,,,007181,793,,,89.0,206,ZANIDIP,1263,250 mikrog/annos,940,,,,,,,AF38082FDFF45622675884C56E2475FB,838,86166-650,320
,,2023-03-14,164,,,,,,,,,,,30 ml,508,,,,,,,,,C08CA13,1572,,,585786,780,,,18.0,175,ESOMEPRAZOL ORION,1244,0,1 mg,926,,,,,,,BFF5DF638988099850521F07F50FC1CE,834,86171-431,301
,,2022-11-16,164,,,,,,,,,,,40 g,505,,,,,,,,,B01AC06,1565,,,186376,765,,,148.0,172,COCILLANA,1232,5 mikrog/h,907,,,,,,,818FCD39FDDCA43D6155E74C03497E29,830,86153-722,298
,,2022-11-07,164,,,,,,,,,,,23 g (120 dos),500,,,,,,,,,A10AE04,1553,,,402859,764,,,93.0,165,EMCONCOR,1229,1 mg/g,897,,,,,,,3FAB1B57206582F7D86B967FE1730270,815,86511-410,298
,,2020-11-11,164,,,,,,,,,,,5 fol,495,,,,,,,,,M03BC01,1535,,,6203,751,,,784.0,161,AQUALAN L,1229,35/450 mg,895,,,,,,,D7B64050DC4B4DA9C06025C0D43A67D2,813,86111-592,297
,,2016-05-11,164,,,,,,,,,,,84 fol,489,,,,,,,,,J02AC01,1491,,,588994,745,,,265.0,159,AMORION COMP,1227,500/20 mg,886,,,,,,,7AB2667646D94EDF858AD0D87B88D0B2,801,86176-420,276
,,2023-11-30,163,,,,,,,,,,,25 g,489,,,,,,,,,R01AD08,1468,,,6222,732,,,184.0,155,FUCIDIN,1223,1/10 mg/g,858,,,,,,,30DEB98E06A3FEAC03C19C5FDD9CFE24,800,86155-350,261
,,2019-11-17,163,,,,,,,,,,,42 fol,479,,,,,,,,,N02CC01,1462,,,063219,726,,,151.0,147,PRIMASPAN,1211,1 %,837,,,,,,,3A09F463E54BE72ADD8F3114C6F2C731,788,86113-656,246
,,2019-11-19,163,,,,,,,,,,,24 kpl,477,,,,,,,,,A02BC01,1461,,,420914,717,,,829.0,145,FLIXONASE,1208,0,5/0,4 mg,812,,,,,,,3AF3016ED5CAFAF6E8E7AC0744264808,787,86111-620,245
,,2017-12-04,163,,,,,,,,,,,15 fol,469,,,,,,,,,R05CB06,1412,,,471557,708,,,527.0,144,VENLAFAXIN ORION,1187,47,5 mg,811,,,,,,,F84D8E29EDFF9E5EE288C89FE82401D2,780,50,235
,,2017-03-22,163,,,,,,,,,,,60 x 0,35 ml,465,,,,,,,,,R03DC03,1411,,,019874,701,,,126.0,140,MOTIFENE DUAL,1181,3,2 mg/ml,805,,,,,,,28EAF1685853585C61B7FCF39933DC3E,762,65,229
,,2023-09-27,163,,,,,,,,,,,12 kpl,453,,,,,,,,,A02BC03,1402,,,160763,688,,,271.0,136,AMOXIN,1174,160 mikrog/annos,779,,,,,,,4F9E0445FEAB4A51BCCC56F85E97787B,757,86111-595,228
,,2019-02-26,163,,,,,,,,,,,12 x 1 fol,441,,,,,,,,,N05BB01,1400,,,30627,681,,,512.0,132,XARELTO,1166,5 %,772,,,,,,,11A2F39330DC8884B5C6124865E73BC6,756,58,227
,,2017-02-09,163,,,,,,,,,,,150 g,438,,,,,,,,,N06AX21,1400,,,006989,673,,,338.0,128,ORLOC,1144,160/4,5 mikrog/annos,768,,,,,,,3EA2B8D63D641E13DC5289C46D574C15,751,86513-694,227
,,2019-05-09,163,,,,,,,,,,,150 kpl,436,,,,,,,,,N02AA55,1393,,,87320,670,,,785.0,122,DALACIN,1142,5 mg/g,753,,,,,,,1FE93E11AF1F5DA677B9ED79508F4EEB,750,20,225
,,2019-09-28,163,,,,,,,,,,,11 + 42 fol,420,,,,,,,,,R05CB15,1381,,,486571,669,,,219.0,122,FLAGYL,1134,2 mg/g,736,,,,,,,0D49DF1E1088B60E2D79487482D3AB36,746,20O,220
,,2016-12-26,162,,,,,,,,,,,15 kpl,419,,,,,,,,,J01MA02,1345,,,006222,648,,,11.0,122,PARASETAMOLI,1130,500 mg/400 IU,736,,,,,,,E2D4F6AA2781D03FE91C80E0C2F02CAD,746,30,217
,,2017-03-02,162,,,,,,,,,,,51 g,407,,,,,,,,,A10AB05,1335,,,537324,647,,,39.0,121,ELIQUIS,1129,500/125 mg,736,,,,,,,4549D74AC769426B5B280A26A915559B,740,86133-460,214
,,2018-01-17,162,,,,,,,,,,,18 fol,406,,,,,,,,,N06AB04,1334,,,469437,647,,,242.0,108,STILNOCT,1123,20/12,5 mg,721,,,,,,,015ECF29B4CBB781E76738A508AC3339,733,55,213
,,2022-09-08,162,,,,,,,,,,,100 annosta,400,,,,,,,,,C01DA14,1322,,,460402,644,,,546.0,104,CANDESARTAN ORION,1105,-,712,,,,,,,CECEF885196AEECBE20B102D3282ECE4,732,86131-856,208
,,2017-03-16,162,,,,,,,,,,,20 g,396,,,,,,,,,N05AH03,1314,,,154309,641,,,511.0,93,MELATONIINI,1078,0,5 mg/g,711,,,,,,,AEA0C58178773156CF30B3ACA7BEFCCA,727,80A,206
,,2016-12-01,162,,,,,,,,,,,4,3 g,382,,,,,,,,,L04AX03,1311,,,75533,640,,,38.0,92,GABRION,1068,10 mikrog/h,691,,,,,,,21A5917273FA852C632BBFD8C62C2FA5,724,40,203
,,2021-06-10,162,,,,,,,,,,,10 g,377,,,,,,,,,J01XE01,1296,,,85506,629,,,488.0,88,ATACAND,1053,2,5 mikrog,684,,,,,,,05FEA78A54321266E92B85265097D123,724,86150-656,199
,,2020-02-25,162,,,,,,,,,,,60 x 0,5 ml,362,,,,,,,,,R03AK06,1285,,,052300,620,,,6001.0,87,MIRANAX,1046,0,5 %,641,,,,,,,97BFD0D915CEC31162C28B904BEE4EA0,722,86111-356,199
,,2017-02-28,162,,,,,,,,,,,3 x 60 annosta,360,,,,,,,,,C09DA01,1283,,,149408,607,,,216.0,86,HISTEC,1045,100/25 mg,631,,,,,,,D18B9778F92B771E82D248C3501EA942,711,86131-656,198
,,2017-02-03,162,,,,,,,,,,,3 x 10 g,356,,,,,,,,,A10BJ06,1274,,,450734,598,,,129.0,80,KALEORID,1044,0,25 mg,606,,,,,,,31EC0D0484463FB48B2C2FA733841891,708,66712-111,197
,,2016-10-27,162,,,,,,,,,,,10 + 10 g,353,,,,,,,,,D06AX01,1271,,,7181,594,,,499.0,77,BISOPROLOL ORION,1034,12,5 mg,591,,,,,,,14C1793F1BAF27B3FED62F252BCA9E2D,696,86166-656,196
,,2023-12-05,162,,,,,,,,,,,3 fol,348,,,,,,,,,A12BA01,1244,,,075533,589,,,355.0,75,ZOLT,1028,2,5/120 mg,589,,,,,,,B723DBED942BE20FB94AA0C5A3E4F507,695,86115-161,189
,,2018-02-23,162,,,,,,,,,,,9 fol,347,,,,,,,,,M04AA01,1238,,,011271,587,,,495.0,69,PEGORION,1027,670 mg/ml,588,,,,,,,299DE90C97CD1679CDA2704B751F2D96,681,86134-656,188
,,2017-10-16,162,,,,,,,,,,,3 kpl,339,,,,,,,,,B01AF02,1237,,,19874,583,,,698.0,66,HYDREX SEMI,1023,95 mg,586,,,,,,,F44E57368CF1F8C3836316FA2CDF3314,677,86113-181,187
,,2016-05-25,162,,,,,,,,,,,3 ml,338,,,,,,,,,R03BA05,1233,,,106070,581,,,334.0,66,AMLODIPIN ACTAVIS,1022,1,5 milj.IU,569,,,,,,,BD9FB46086152336025EB5D5E7D6EBFB,676,10E,186
,,2019-01-24,162,,,,,,,,,,,7,5 ml,308,,,,,,,,,R05DA01,1232,,,006203,579,,,121.0,65,BISOPROLOL ACTAVIS,1000,16/12,5 mg,559,,,,,,,C1C9D66DA5E37589AA753000B9570743,671,10G,186
,,2018-01-15,161,,,,,,,,,,,10 x 0,6 ml,308,,,,,,,,,B01AF01,1209,,,31796,577,,,280.0,62,BETMIGA,997,2/10 mg/ml,556,,,,,,,ABEA693AEB8592E4B4DFC187382FF953,666,30N,186
,,2017-03-07,161,,,,,,,,,,,2 ml,307,,,,,,,,,A06AD15,1198,,,001024,577,,,147.0,60,MELATONIN ORION,991,20 mikrog/24 h,549,,,,,,,4E1C141058E5D8A671B279AC759BA04F,665,86111-856,182
,,2022-10-21,161,,,,,,,,,,,3 x 120 annosta,306,,,,,,,,,J01FA10,1183,,,489609,575,,,384.0,54,PREVENAR 13,988,1,5 mg,532,,,,,,,413124E8D362D64EF365569FB25EB7EF,654,11,181
,,2022-10-04,161,,,,,,,,,,,80 g,305,,,,,,,,,C10AX09,1180,,,587345,575,,,164.0,53,STELLA,982,20/10 mg/g,531,,,,,,,F45E66AAB4496785D8726403E074A2AC,650,66211-900,181
,,2022-09-27,161,,,,,,,,,,,98 kpl,298,,,,,,,,,M01AX05,1167,,,431809,571,,,708.0,52,TREXAN,980,37,5 mg,484,,,,,,,5A40E1F3637BF0F79A64B8B5F6981E34,649,10K,174
,,2022-09-16,161,,,,,,,,,,,21 fol,294,,,,,,,,,D07AB02,1167,,,577619,568,,,188.0,50,OZEMPIC,976,500 mg/20 mikrog,481,,,,,,,4D70DF1D221D05D6CA6DED8ACD262EEA,646,86131-280,174
,,2017-03-15,161,,,,,,,,,,,3 x 1 ml,293,,,,,,,,,D07AC13,1167,,,16919,564,,,List truncated...,,TRADOLAN RETARD,973,20/1 mg/g,479,,,,,,,FA36F22D42A7ADF859B738AAE51E37F7,643,86184-450,174
,,2017-08-29,161,,,,,,,,,,,32 fol,293,,,,,,,,,C03DA01,1146,,,087320,555,,,,,SIMVASTATIN RATIOPHARM,969,50 mg/ml,464,,,,,,,1E3448B895877791F12822189E1D1335,641,86131-290,171
,,2023-01-15,161,,,,,,,,,,,300 kpl,291,,,,,,,,,C03AA03,1105,,,7083,555,,,,,ETORICOXIB KRKA,967,3 mg/ml,463,,,,,,,796DE1F8918727DCC10256F5039B7B6C,639,86114-356,169
,,2016-10-05,161,,,,,,,,,,,200 fol,290,,,,,,,,,B01AC04,1096,,,106088,550,,,,,LANTUS,955,27,5 mikrog/annos,457,,,,,,,2F35C17B680D602F58F0B3441003A1CB,636,99112-111,166
,,2017-11-08,161,,,,,,,,,,,3 x 2,5 ml,287,,,,,,,,,N06AB06,1076,,,545673,549,,,,,VOLTAREN RETARD,955,300 mikrog,456,,,,,,,AB67C311E83367161FE195AB3FFCAA3C,629,95,165
,,2019-03-19,161,,,,,,,,,,,2 x 50 kpl,283,,,,,,,,,C01DA02,1068,,,554309,547,,,,,BRINTELLIX,930,500 mg/100 000 IU,453,,,,,,,4ACFEA5DD9AC5EB253BECD7DB031A5C6,629,86152-320,164
,,2020-11-26,161,,,,,,,,,,,4 x 1 fol,275,,,,,,,,,G04BD12,1054,,,113704,547,,,,,AMOXIN COMP,922,70 mg,449,,,,,,,A0C260D3C4AC097698462F83B374DB3F,627,99112-333,159
,,2019-10-16,161,,,,,,,,,,,120 x 0,6 ml,266,,,,,,,,,A10BH01,1052,,,78623,544,,,,,FLIXOTIDE DISKUS,909,50/1000 mg,447,,,,,,,A593D9339B54CAF6547062421A838DC8,625,86171-433,159
,,2017-01-17,161,,,,,,,,,,,90 x 1 fol,259,,,,,,,,,R03BA02,1042,,,23635,542,,,,,VIMOVO,894,50/12,5 mg,445,,,,,,,AAE2879304756DEB25F08E9A6B87DCAC,624,60A,154
,,2023-02-11,161,,,,,,,,,,,20 x 1 fol,254,,,,,,,,,S01GX01,1021,,,34694,542,,,,,ELOCON,891,1/2 mg/g,440,,,,,,,3F6A5A2D94EB3411DDF896C1A2AD94D4,622,60,148
,,2016-11-09,161,,,,,,,,,,,400 G,246,,,,,,,,,J07AL02,1007,,,016919,540,,,,,AERIUS,885,0,5 mg/annos,439,,,,,,,222D23D60EC9694F6BA40BB61035EEAA,618,86511-691,145
,,2017-09-21,161,,,,,,,,,,,56 kpl,239,,,,,,,,,G03AC09,995,,,024310,539,,,,,JANUVIA,878,50 mikrog/ml,437,,,,,,,6CD8E8581A175361E572067A490FB36C,617,86162-372,144
,,2020-01-17,161,,,,,,,,,,,2 x 98 fol,238,,,,,,,,,N06AX26,989,,,581637,537,,,,,CARTEXAN,877,37,5/325 mg,434,,,,,,,109868E095C6F353760348A31ACA3082,612,86165-470,140
,,2017-03-04,160,,,,,,,,,,,200 g,238,,,,,,,,,D07AD01,983,,,59969,534,,,,,TRAMAL RETARD,876,6 mg/ml,432,,,,,,,4CA2A1AD9E7FE8179BE709C638E70989,612,20G,123
,,2022-10-15,160,,,,,,,,,,,60 suihketta (30 annosta),231,,,,,,,,,N05BA06,980,,,471490,533,,,,,VOLTAREN RAPID,866,0,5 mg+1 mg,432,,,,,,,F2FE34E562A02088B9C4CF3F8EE5513D,611,86131-204,121
,,2020-12-02,160,,,,,,,,,,,250 kpl,230,,,,,,,,,J05AB01,978,,,521208,525,,,,,BUFOMIX EASYHALER,863,200/25 mg,430,,,,,,,AD8152601A89AD168CE0D272158A209F,610,86191-540,120
,,2022-09-20,160,,,,,,,,,,,35 fol,226,,,,,,,,,N03AX09,975,,,2087,525,,,,,HEINIX,852,50/250 mikrog/annos,429,,,,,,,E7397945E9441B79E3E9286129775A9B,607,58Y,118
,,2020-03-04,160,,,,,,,,,,,28 kpl,221,,,,,,,,,N06AX12,970,,,533502,523,,,,,ALVESCO,849,2,5/25 mg,429,,,,,,,76EB3E9F12B46F646E4E9FAC48F7FCC6,607,86150-751,117
,,2022-03-23,160,,,,,,,,,,,120 fol,218,,,,,,,,,C09CA03,962,,,034694,519,,,,,VOXRA,842,0,02/3 mg,427,,,,,,,46F47E5C9E05780759E72F359FFC9190,603,86151-300,117
,,2017-11-06,160,,,,,,,,,,,30 x 0,4 ml,214,,,,,,,,,N05AX08,945,,,124105,513,,,,,SYMBICORT TURBUHALER,842,2,4 mikrog/0,5 ml,419,,,,,,,85E319A758B1A92B8833EE7EB5BB3D17,595,86181-520,117
,,2023-03-15,160,,,,,,,,,,,3 g,210,,,,,,,,,M01AC06,943,,,047534,512,,,,,ESCITALOPRAM ORION,832,2,5 %,417,,,,,,,C2E5C2C7294974B7DD0D7E482DF5F6A6,592,86157-480,116
,,2023-03-21,160,,,,,,,,,,,20 x 12 g,206,,,,,,,,,R03BB04,918,,,176107,510,,,,,CHAMPIX,827,160/500 mg,415,,,,,,,BC614E2A7D12671CE5D48AFCA29B6E8D,587,86182-510,114
,,2020-11-03,160,,,,,,,,,,,10 x 0,45 ml,205,,,,,,,,,M01AX25,917,,,8259,509,,,,,OMEPRAZOL RATIOPHARM,815,6 mg,410,,,,,,,CC7073D1773FCE79231937A41ECA3F77,586,86131-206,110
,,2017-01-25,160,,,,,,,,,,,2 x 60 g,204,,,,,,,,,M03BC51,910,,,402083,507,,,,,OXYCONTIN,810,12,5/5 mg,405,,,,,,,036E34652797ABE60D6C3CF829AB6A2C,583,86511-656,110
,,2018-11-11,160,,,,,,,,,,,900 g,198,,,,,,,,,S01BA04,899,,,416719,505,,,,,DIFLUCAN,809,100/12,5 mg,382,,,,,,,9959599B78D3370E75DF7F7A6CE4820D,582,86172-656,109
,,2021-05-11,160,,,,,,,,,,,6 x 21 fol,194,,,,,,,,,M01AE52,894,,,004801,503,,,,,SPIRONOLACTONE ORION,808,10/5 mg,363,,,,,,,6836504A8C51A1E478C72C3454E1AEB3,580,86154-340,109
,,2016-11-18,160,,,,,,,,,,,30 annosta,192,,,,,,,,,R06AX22,874,,,1024,502,,,,,APURIN SANDOZ,807,25/250 mikrog/annos,355,,,,,,,6EE79AD17E0C50C7F0784B8F45504AF3,577,86153-656,108
,,2020-10-21,160,,,,,,,,,,,100 st,186,,,,,,,,,D01AC20,861,,,007083,501,,,,,SIMVASTATIN ACTAVIS,801,2/5 mg/ml,351,,,,,,,60FF359E40BE93B2FE2EAC1DE06BF97A,574,86131-260,107
,,2017-09-24,160,,,,,,,,,,,1 annos,182,,,,,,,,,N03AG01,855,,,584896,501,,,,,ORMOX,797,30/400 mg/ml,348,,,,,,,56E05113D2F2661C629BDA66FC8AD5F4,570,20U,106
,,2022-04-30,160,,,,,,,,,,,5 x 20 fol,182,,,,,,,,,N07BA03,850,,,6989,499,,,,,SERETIDE DISKUS,792,80/12,5 mg,334,,,,,,,69DFDA0A35B4355174491521B025AD36,569,86174-490,105
,,2017-10-25,160,,,,,,,,,,,100 KPL,180,,,,,,,,,R03BA08,849,,,388694,493,,,,,TEMESTA,792,3 mg/ml+0,25 mg/ml,327,,,,,,,BACC9EB5D94F19AFA1435D571D153E88,566,86114-382,100
,,2021-08-24,160,,,,,,,,,,,6 annosta,180,,,,,,,,,A06AD11,845,,,4801,489,,,,,NOVORAPID FLEXPEN,780,50/500 mikrog/annos,326,,,,,,,411C1C8DDF695BC8F0BD7D49ACC315EB,565,10F,99
,,2021-03-04,159,,,,,,,,,,,60 x 1 fol,180,,,,,,,,,S01ED51,840,,,11326,488,,,,,DUODART,780,0,2/10 mg/ml,324,,,,,,,14F3919103B5DCE413116BEA2CC9F4D1,551,86181-501,97
,,2018-01-23,159,,,,,,,,,,,5 kpl,178,,,,,,,,,G04CA52,813,,,40148,488,,,,,DERMOVAT,770,100000 IU/ml,323,,,,,,,D5092719384DEA3A4D2A828AE7453AA3,545,96,90
,,2017-03-08,159,,,,,,,,,,,30 x 0,3 ml,174,,,,,,,,,B03BB01,809,,,402792,488,,,,,LOSATRIX,754,300 U/ml,322,,,,,,,1682B67242FE03CF1C5802052282C123,544,66111,88
,,2020-12-08,159,,,,,,,,,,,56 x 1 fol,174,,,,,,,,,N04BC05,807,,,195632,486,,,,,VISCOTEARS,740,0,088 mg,319,,,,,,,82C426D2760B5B7A26713033468C7852,535,86167-672,87
,,2019-04-13,159,,,,,,,,,,,3 x 50 g,173,,,,,,,,,A07EC02,805,,,118101,478,,,,,ATORVASTATIN KRKA,740,50/500 mikrog/g,315,,,,,,,95687E20F0A4EB491FAA2D129CECD1EC,535,86513-656,77
,,2019-04-29,159,,,,,,,,,,,120 ml,166,,,,,,,,,N05BA12,801,,,389460,477,,,,,CETIRIZIN-RATIOPHARM,737,0,2 mg,314,,,,,,,616499543BA99E8854FE9ED228B00420,533,86131-207,75
,,2022-06-01,159,,,,,,,,,,,250 ml,165,,,,,,,,,C09DA06,795,,,101857,475,,,,,LOCOID,734,0,125 mg,310,,,,,,,E3DD69781F6F9721E111D749CB9AC158,530,86111-596,75
,,2018-04-10,159,,,,,,,,,,,50 ml,163,,,,,,,,,A07DA03,792,,,107799,474,,,,,OXIKLORIN,730,0,5/20 mg/g,310,,,,,,,AC1D122E7133F8B21426E939A2960C0B,530,86167-671,71
,,2020-03-19,159,,,,,,,,,,,10 x 10 g,160,,,,,,,,,J01FF01,773,,,540294,473,,,,,JARDIANCE,724,10/10 mg/g,303,,,,,,,FF7D5F0C1623E1F0BAEEECF91F84276D,530,86132-400,66
,,2021-01-27,159,,,,,,,,,,,120 x 0,4 ml,159,,,,,,,,,A10AE05,768,,,537332,472,,,,,PENOMAX,721,20 mikrog/h,301,,,,,,,A0F802CA7C2E3D466FC7B085F55223DF,527,86131-270,65
,,2016-06-08,159,,,,,,,,,,,60 x 0,2 ml,156,,,,,,,,,G04CB01,757,,,63219,467,,,,,LINATIL,721,2 mg/ml,300,,,,,,,A4288DFBC667EF99C55F19E860003624,523,86131-256,64
,,2022-12-15,159,,,,,,,,,,,300 ml,154,,,,,,,,,P01BA02,755,,,179374,464,,,,,RIVATRIL,721,4000 IU (40 mg)/0,4 ml,300,,,,,,,402CFB17E4C60C6EA98A233F5E187C64,520,86131-205,62
,,2017-02-25,159,,,,,,,,,,,28 x 1 fol,151,,,,,,,,,N03AE01,751,,,017621,463,,,,,MIRTAZAPIN ACTAVIS,717,0.1 mg,293,,,,,,,55D1A5240C3B38BBDBCA99E8D655C7EB,519,99112-120,62
,,2016-10-22,159,,,,,,,,,,,90 x 0,3 ml,150,,,,,,,,,A10BK03,725,,,040148,459,,,,,V-PEN 1500,714,3MG,292,,,,,,,B82F8DEF29D6BDD4D7F0FCD5D31CA18E,518,86131-756,62
,,2023-12-03,159,,,,,,,,,,,0,6 ml,144,,,,,,,,,G01AF01,724,,,560664,459,,,,,MELATONIN VITABALANS,705,0,5 mg/ml,292,,,,,,,30077B91980B1FB20DF37B0A6C3B7251,508,86181-530,62
,,2017-11-12,159,,,,,,,,,,,6 x 28 fol,144,,,,,,,,,C05AA08,723,,,409927,459,,,,,SPIRIVA RESPIMAT,698,0,6 mg/g,291,,,,,,,8699F4998ACBED0865A3EE62A115BB58,507,86184-656,60
,,2017-11-13,159,,,,,,,,,,,15 + 30 g,142,,,,,,,,,N05AX12,712,,,128853,457,,,,,OXAMIN,692,32 mg,291,,,,,,,1D1D22AC8E97E69C1394AEE2A3EA8769,500,10I,58
,,2022-05-20,159,,,,,,,,,,,3 x 28 kpl,140,,,,,,,,,J05AB11,707,,,383968,457,,,,,LOMUDAL,688,20 mg/ml,288,,,,,,,F218A0989EA13C26882D381374D69E57,492,46111,58
,,2019-12-08,159,,,,,,,,,,,5 x 0,5 ml,138,,,,,,,,,G03AA12,704,,,484011,457,,,,,MONTELUKAST ORION,687,880 mg/g,286,,,,,,,BFA5AF46828AD2E11EF53D2BB69B9202,491,86154-656,56
,,2019-12-05,159,,,,,,,,,,,10 x 1 fol,137,,,,,,,,,C03EA01,702,,,122952,457,,,,,ARTELAC,682,7.5 mg,282,,,,,,,2C981791F1A10D53247D3E210925CDAA,490,86181-503,54
,,2022-11-24,159,,,,,,,,,,,3 x 3 ml,136,,,,,,,,,N06BA04,697,,,545657,454,,,,,PRECOSA,675,0,03/3 mg,263,,,,,,,61EFD6B0C696DFC0599517B83AE6B3E9,484,86111-594,54
,,2019-10-01,159,,,,,,,,,,,10 x 0,8 ml,134,,,,,,,,,R06AE09,696,,,16294,449,,,,,BRICANYL TURBUHALER,671,1/30 mg/g,263,,,,,,,6C3C514FC75F6289864ED82A4CBA44A7,484,10H,52
,,2019-10-14,159,,,,,,,,,,,3 x 30 annosta,132,,,,,,,,,R03BA01,695,,,418896,449,,,,,MAREVAN,670,5/50 mg,259,,,,,,,C9D9F5BCF4912B74323B455F4E898402,483,86176-656,50
,,2017-04-18,159,,,,,,,,,,,91 x 1 g,125,,,,,,,,,G02BA03,683,,,5502,449,,,,,ESCITALOPRAM ACTAVIS,668,0,25 mg/ml,255,,,,,,,827179AE8102A61EB33BE0DC3BAA4030,482,List truncated...,
,,2021-05-12,159,,,,,,,,,,,30 x 1 fol,120,,,,,,,,,A07FA02,680,,,458349,448,,,,,SERTRALIN ORION,664,1/0,5 mg,245,,,,,,,6C475F066B44BF4066AD3377C16C94E2,477,,
,,2018-11-05,159,,,,,,,,,,,5 x 1 kpl,120,,,,,,,,,G04CA01,677,,,394965,448,,,,,BISOPROLOL ACCORD,664,20 mg/ml+5 mg/ml,245,,,,,,,D9C01759DECF596B46AF4DF98F0DCE77,474,,
,,2017-09-20,159,,,,,,,,,,,2 x 2 ml,119,,,,,,,,,S01AE05,673,,,554071,445,,,,,CIPRALEX,661,667 mg/ml,244,,,,,,,9D25AEF00DCD9FB958926B38FD121490,472,,
,,2018-02-27,159,,,,,,,,,,,3 x 5 ml,119,,,,,,,,,R03AC03,671,,,132071,442,,,,,IBUPROFEENI,653,11,6 mg/g,237,,,,,,,938352CAD494017B02D347BF6ADEF899,472,,
,,2020-01-30,159,,,,,,,,,,,1 pakkaus,116,,,,,,,,,B03AA01,668,,,053461,441,,,,,SELOKEN ZOC,651,5/120 mg,237,,,,,,,C67080C1D86889437AB6C82BF8FC2092,471,,
,,2018-01-22,158,,,,,,,,,,,12 x 250 mg,115,,,,,,,,,C09CA07,664,,,407069,439,,,,,LEVEMIR FLEXPEN,647,1 miljIU,236,,,,,,,3FEF1B1EE8EF603B723319E5BD7DA45B,466,,
,,2016-08-31,158,,,,,,,,,,,2,5 ml,114,,,,,,,,,H02AB02,660,,,021489,436,,,,,KEFALEX,646,2.5 mg,235,,,,,,,FFE5ED06C39493B61E013C394AD69262,457,,
,,2017-03-12,158,,,,,,,,,,,50 x 4 g,110,,,,,,,,,D07AB08,655,,,141096,435,,,,,CYMBALTA,642,4500 anti-Xa IU,234,,,,,,,1D6A3EF255460E747FA7504C95A136F9,457,,
,,2019-02-18,158,,,,,,,,,,,2 kpl,106,,,,,,,,,C08CA02,653,,,123273,435,,,,,APOLAR,636,0,18 mg,233,,,,,,,89285663922C22713D3E96F3BCBA08EF,457,,
,,2022-12-02,158,,,,,,,,,,,14+14+30,105,,,,,,,,,D01BA02,652,,,004795,435,,,,,PLAVIX,625,1/20 mg/g,230,,,,,,,294EDA54072BAC573546944D6574607C,453,,
,,2020-02-11,158,,,,,,,,,,,180 annosta,99,,,,,,,,,J07BA01,649,,,481467,429,,,,,DEPRAKINE,608,20 mg/annos,230,,,,,,,A0192DE1EF3766ABDB095D4E441F74C0,451,,
,,2017-02-14,158,,,,,,,,,,,35 kpl,95,,,,,,,,,M02AA07,637,,,566075,428,,,,,OFTAQUIX,606,800 IU,221,,,,,,,12BD53E125AA9C226BF78B027A3B84A0,450,,
,,2016-09-28,158,,,,,,,,,,,60 x 0,25 ml,92,,,,,,,,,G04BE08,606,,,117655,427,,,,,EZETROL,599,18 mikrog,217,,,,,,,2F841D3ACF48B4A11EBB7A2AC13D5AF4,448,,
,,2018-10-02,158,,,,,,,,,,,15 ml,92,,,,,,,,,A07EC01,604,,,47534,426,,,,,CALCICHEW D3 FORTE MINTTU,598,100/6 mikrog/annos,217,,,,,,,90868C34B1B72470D91229554C904CF4,443,,
,,2019-05-31,158,,,,,,,,,,,6 x 1 fol,91,,,,,,,,,N06AA10,601,,,002087,425,,,,,AERINAZE,597,160/12,5 mg,215,,,,,,,3A06D3079F47CD88FC577FD6BFFAED72,443,,
,,2017-11-19,158,,,,,,,,,,,C,89,,,,,,,,,G03DC02,599,,,037604,424,,,,,TAMSULOSIINIHYDROKLORIDI ORION,595,0,25 mg/annos,214,,,,,,,9636B3C96AD9EEF40B375AA6FEBA0DF3,441,,
,,2017-11-02,158,,,,,,,,,,,60 x 0,4 ml,89,,,,,,,,,C09BA02,597,,,478115,423,,,,,KESTINE,590,0,05 %,211,,,,,,,145B72B5B82E2086FE074F6571447F9F,436,,
,,2022-05-10,158,,,,,,,,,,,11,25 mg,89,,,,,,,,,N06DX01,582,,,154028,423,,,,,HYDROCORTISON,584,18 mg,208,,,,,,,E61190C0124532FFAA84357CEBF6CA08,435,,
,,2021-02-16,158,,,,,,,,,,,2 x 15 g,88,,,,,,,,,D07CC01,565,,,573121,422,,,,,LAMICTAL,583,1/40 mg,201,,,,,,,C9D9BE4B4CE0E9DEDC7D84D3C47048E1,434,,
,,2020-11-02,158,,,,,,,,,,,2 fol,88,,,,,,,,,S02CA03,561,,,005502,422,,,,,SEPRAM,574,20 IU/g + 20 mg/g,199,,,,,,,19FE3CE71A9EBC29087A153EC363C81A,430,,
,,2019-09-18,158,,,,,,,,,,,1,7 ml,85,,,,,,,,,N06AB03,554,,,005209,421,,,,,DIOVAN,571,30/200 mg/ml,199,,,,,,,70C18B4C2FD8A71F344A90D29502C242,429,,
,,2017-01-29,158,,,,,,,,,,,4 x 1 annos,84,,,,,,,,,S02AA03,549,,,008259,419,,,,,CITALOPRAM ORION,569,2,5/1,5 mg,199,,,,,,,0322A88EFE3A7DB8707242D246361D13,428,,
,,2017-04-07,158,,,,,,,,,,,100 tabletti,82,,,,,,,,,D11AH01,548,,,6102,418,,,,,OBSIDAN FE++,568,23,75 mg,197,,,,,,,DB58F8FC93569B5695D4EFAB8E15FCAB,424,,
,,2023-05-24,158,,,,,,,,,,,2 annosta,81,,,,,,,,,J01MA12,545,,,149386,416,,,,,TAMSUMIN,565,184/22 mikrog/annos,197,,,,,,,D58379C4EFD30792B7519076ABE7AC3F,423,,
,,2017-10-03,158,,,,,,,,,,,250 g,79,,,,,,,,,B03BA03,543,,,417463,415,,,,,CERAZETTE,563,5/12,5 mg,196,,,,,,,C0783613DEEC5BE675FADE333FD69F61,421,,
,,2017-10-06,158,,,,,,,,,,,30 FOL,78,,,,,,,,,C01AA05,535,,,82685,410,,,,,CERALAN,562,15 mikrog/ml,194,,,,,,,F5A794A47EE92D103126D8B7FB5EFE84,421,,
,,2017-10-08,158,,,,,,,,,,,60 suihketta,77,,,,,,,,,N06CA01,533,,,011326,410,,,,,CIPROXIN-HYDROCORTISON,561,1440 ELISA U/ml,194,,,,,,,9A82F73634E0C6B4985548DD3C5B5F39,419,,
,,2017-10-31,158,,,,,,,,,,,240 annosta,75,,,,,,,,,D07AA02,508,,,006183,404,,,,,NORITREN,559,1,5 g,192,,,,,,,CEE6CBA5E9DE77D66C61DEBB42555DFA,417,,
,,2019-01-09,158,,,,,,,,,,,10 x 12 g,75,,,,,,,,,S01BA01,500,,,064818,399,,,,,BECLOMET EASYHALER,557,2 mg/35 mikrog,185,,,,,,,3278B82933BFB3CFEA48F91F20D89C43,407,,
,,2019-01-30,158,,,,,,,,,,,30 x 0,5 g,73,,,,,,,,,B01AB10,500,,,52300,399,,,,,ARTHRYL,554,100 IU/ml,185,,,,,,,F179A73A53FAB392CB7950568FD56534,406,,
,,2017-03-01,157,,,,,,,,,,,30 x 5 g,73,,,,,,,,,S01AA13,499,,,450775,396,,,,,SALAZOPYRIN EN,553,0,5/30 mg/g,183,,,,,,,AF9587B420F08B8EF2F2EB5A6FB8C557,405,,
,,2022-10-25,157,,,,,,,,,,,100x1 tabl,72,,,,,,,,,D07XC01,494,,,441279,392,,,,,ETORICOXIB ORION,552,24 mg,178,,,,,,,DDA00B32DE07989554E03184964966DB,398,,
,,2017-06-21,157,,,,,,,,,,,24 x 1 fol,72,,,,,,,,,A02BC04,488,,,018904,391,,,,,LEVOLAC,551,20/50 mikrog/annos,174,,,,,,,98EBA9778CB71C6040DE3A823FC81EEF,396,,
,,2017-12-05,157,,,,,,,,,,,3 x 10 ml,71,,,,,,,,,D07CA01,486,,,50463,389,,,,,IBUMAX,550,150/20 mikrog,174,,,,,,,DA6AE12166EBB84EB69C9110528264CD,393,,
,,2017-12-09,157,,,,,,,,,,,15 x 0,25 ml,71,,,,,,,,,N06DA02,481,,,8468,386,,,,,PANTOPRATSOLI,547,20 mg/g,173,,,,,,,2E93B62CBDFD1F748D76C354E67FABF3,389,,
,,2016-12-04,157,,,,,,,,,,,0,65 ml,70,,,,,,,,,C01CA24,476,,,481473,384,,,,,FELDEN,546,200/6 mikrog/annos,172,,,,,,,8BB28BC9D102B42A5E2CB487C59C331A,387,,
,,2023-09-18,157,,,,,,,,,,,1 x (5000 IU + 1 ml),70,,,,,,,,,A10BD07,474,,,395469,383,,,,,ASACOL,544,92/22 mikrog/annos,167,,,,,,,2E848E6927E33CD2D09F4FB9242DA55F,381,,
,,2023-10-17,157,,,,,,,,,,,20 FOL,69,,,,,,,,,G03FA01,472,,,546192,382,,,,,NORVASC,543,20MIKROG,166,,,,,,,5147586A23D7EEB8DE89E80E1BDE66B7,381,,
,,2020-02-18,157,,,,,,,,,,,180 x 0,5 ml,68,,,,,,,,,N04BA02,472,,,469940,379,,,,,MIRENA,540,25 mg/ml,165,,,,,,,1A45788F89968C3A6DC50032241011EF,380,,
,,2020-02-09,157,,,,,,,,,,,18 x 1 fol,68,,,,,,,,,G03BA03,464,,,76033,377,,,,,XATRAL CR,537,1000 mg/4 ml,163,,,,,,,4A283C6F37C39DA28C783BC33C0DD9BC,380,,
,,2023-09-03,157,,,,,,,,,,,10 x 1 ml,67,,,,,,,,,B02AA02,461,,,172163,377,,,,,COHEMIN DEPOT,537,1,5 mikrog/annos,159,,,,,,,97C16918086B89FCE2CCA9FA69AAB457,377,,
,,2021-09-26,157,,,,,,,,,,,1 x (I+II),67,,,,,,,,,L02BG04,461,,,053563,377,,,,,PRED FORTE,531,4,45 mg/g,157,,,,,,,6F3863421379D942FE77875F55E18406,377,,
,,2023-01-26,157,,,,,,,,,,,N:o C,67,,,,,,,,,C09DA03,459,,,21489,376,,,,,ESOMEPRAZOL ACTAVIS,528,50 mikrog/24 h,156,,,,,,,E6AE25606ACCA0F71E274223945DDA1A,376,,
,,2017-05-04,157,,,,,,,,,,,100 tabl,65,,,,,,,,,A01AA01,451,,,010215,375,,,,,NITROGLYCERIN ORION,525,50 mg/g,151,,,,,,,0B4FB873BAA19B05D894139D0525FEAE,375,,
,,2019-05-23,157,,,,,,,,,,,450 g,64,,,,,,,,,B01AC30,448,,,10215,374,,,,,DESLORATADINE ACTAVIS,521,20 %,150,,,,,,,789BC9B5C8A00B466DC0B1DD9373B1FE,375,,
,,2023-12-01,157,,,,,,,,,,,4 g,63,,,,,,,,,A04AA01,447,,,90070,372,,,,,ZITHROMAX,519,0.1 %,148,,,,,,,99E59C22BD9AD6B4E69AA50DE6D9103F,375,,
,,2021-11-05,157,,,,,,,,,,,5 x 1,5 ml,62,,,,,,,,,J01EE02,437,,,050463,371,,,,,LOSARTAN KRKA,519,160/800 mg,146,,,,,,,C4E395F33C211BDE1FAB32C8FD4DC007,372,,
,,2019-09-02,157,,,,,,,,,,,4 x 200 ml,62,,,,,,,,,S01EE01,436,,,520759,370,,,,,PEVISONE,511,200 mg/g,145,,,,,,,5F7F64E08998A371BC076ADDEA726A39,371,,
,,2017-01-18,157,,,,,,,,,,,120 kpl,61,,,,,,,,,N02AJ13,435,,,7519,370,,,,,PROGYNOVA,511,7,5 mg/ml,145,,,,,,,ABC2DE748EF7F2B1A99356F2DCE1A769,370,,
,,2023-02-04,157,,,,,,,,,,,10 x 0,35 ml,60,,,,,,,,,N02AB03,428,,,112973,369,,,,,PULMICORT TURBUHALER,506,36 mg,143,,,,,,,7F536711AFDEB84FDCB5C7184E722861,369,,
,,2023-05-26,157,,,,,,,,,,,90 x 0,2 ml,59,,,,,,,,,A10AB04,421,,,445240,369,,,,,CIRCADIN,502,0.5 mg,141,,,,,,,EC893CDA5C3CE17BAAFA211D96B80AFA,369,,
,,2017-04-24,157,,,,,,,,,,,120 g,58,,,,,,,,,A03CA02,419,,,143534,368,,,,,NITRO,498,0,03 %,141,,,,,,,6125762DF80BBEF2029C52630A796BB2,364,,
,,2019-06-05,157,,,,,,,,,,,180 fol,58,,,,,,,,,H02AB07,418,,,453522,367,,,,,DIPROSALIC,494,225 mg,141,,,,,,,5EF44A70D53552DF7E0EEA2E5E78B0B9,362,,
,,2017-10-07,157,,,,,,,,,,,10 x 0,2 ml,57,,,,,,,,,A11CC05,418,,,151938,366,,,,,LIPCUT,493,300/0,5 mg,140,,,,,,,BEE0A8074E211C4F25D76A6A17ED4B33,361,,
,,2022-09-21,156,,,,,,,,,,,20 x 0,35 ml,56,,,,,,,,,M05BX04,416,,,007519,365,,,,,BUDESONID EASYHALER,488,1 mg/ml + 5 mg/ml,139,,,,,,,7D918B3DD069C8C18E05307D8608BF9B,359,,
,,2023-11-27,156,,,,,,,,,,,3 x 56 annosta,56,,,,,,,,,A10BK01,414,,,469485,365,,,,,CANDESARTAN ACTAVIS,485,0,0625 mg,137,,,,,,,D201AC72A4FD7B536534F0ECA460B3B0,359,,
,,2015-11-26,156,,,,,,,,,,,1x125 mg + 2x80 mg,53,,,,,,,,,D05AX52,414,,,155457,363,,,,,NORGESIC,484,55 mikrog/annos,137,,,,,,,6BBCEEC126BF8DCDAEB0BCDC26C9D799,358,,
,,2019-11-04,156,,,,,,,,,,,500 kpl,53,,,,,,,,,G01AA10,411,,,521282,363,,,,,INNOHEP,479,11,25 mg,136,,,,,,,BFE318FEDD77EC7B32442692D1A73E28,357,,
,,2017-12-19,156,,,,,,,,,,,10 x 3 ml,53,,,,,,,,,G04CB02,409,,,006102,362,,,,,SERETIDE EVOHALER,479,50/170 mikrog/24 h,134,,,,,,,3AD075178C1E8D239723D83DC9EC02C6,354,,
,,2018-03-27,156,,,,,,,,,,,12 x 0,2 g,52,,,,,,,,,C09DA07,406,,,048876,362,,,,,ROSUVASTATIN ACTAVIS,478,1,5 miljIU,133,,,,,,,C9A5C4EC3BF963E7EE55C627C3A0BCC5,354,,
,,2023-09-19,156,,,,,,,,,,,475 g,51,,,,,,,,,S01BC10,404,,,078623,361,,,,,FUCITHALMIC,477,10 mg/annos,133,,,,,,,EECFB9AE45D3D463DF24B8FA5B064BF1,354,,
,,2016-06-05,156,,,,,,,,,,,400 ml,51,,,,,,,,,L04AX01,402,,,090070,360,,,,,FUCICORT,476,14 mg,133,,,,,,,912DA7780E76C3823324AEBEE5DB2B39,353,,
,,2022-03-08,156,,,,,,,,,,,60 x 2,5 ml,51,,,,,,,,,M05BA04,400,,,489034,359,,,,,TICOVAC,472,0,3 mg/ml,132,,,,,,,F8D609FE04F9427FBBF5366EC1645D93,353,,
,,2019-02-16,156,,,,,,,,,,,3 x 60 suihketta,50,,,,,,,,,M01AE03,394,,,008468,357,,,,,VALAVIR,465,12 mikrog/annos,132,,,,,,,D12FE8A90819B943E073D84091C518DE,351,,
,,2017-02-17,156,,,,,,,,,,,List truncated...,,,,,,,,,,H02AB04,391,,,444089,356,,,,,SERONIL,465,4 g,129,,,,,,,58985C50B89A165486B16D2D040DE4BE,348,,
,,2016-10-03,156,,,,,,,,,,,,,,,,,,,,,G04BX01,388,,,24310,355,,,,,TAVANIC,465,37,5 mikrog/24 h,128,,,,,,,CC33494DABE6467024CD182E7780E11A,348,,
,,2017-05-06,156,,,,,,,,,,,,,,,,,,,,,R06AX13,387,,,550269,355,,,,,PROTOPIC,459,0,5 mikrog,127,,,,,,,704E259D72731B9F04CCEA6B68EA9D22,346,,
,,2016-04-28,156,,,,,,,,,,,,,,,,,,,,,A10BH05,382,,,175703,353,,,,,FLAGYL COMP,457,12 mikrog/h,127,,,,,,,00E0379FE97E0188C376BCD1D1491DF9,345,,
,,2016-04-18,156,,,,,,,,,,,,,,,,,,,,,G03CA04,380,,,583491,352,,,,,BURANA SLOW,456,50 mikrog/ml + 5 mg/ml,126,,,,,,,540EA4E8EACC91B1D5B12D1123F64AC7,342,,
,,2021-11-10,156,,,,,,,,,,,,,,,,,,,,,G03FA14,376,,,19720,351,,,,,MICARDIS,454,1/2,5 mg,126,,,,,,,EA2CD1FBC5715BDE264BEC5BE6F8FD4A,340,,
,,2019-12-07,156,,,,,,,,,,,,,,,,,,,,,C09AA04,375,,,154633,349,,,,,ESTRADOT,453,250/100 mg,125,,,,,,,21A56C53F39D5DFB3F11D5A188374D11,340,,
,,2022-02-09,156,,,,,,,,,,,,,,,,,,,,,M01AH01,373,,,59987,347,,,,,METOHEXAL,450,32/12,5 mg,124,,,,,,,B6236DC30651144AA63CCA1EE8B9F802,340,,
,,2019-03-16,156,,,,,,,,,,,,,,,,,,,,,R03AK10,366,,,445069,346,,,,,FORXIGA,450,500 MG,122,,,,,,,5C5103DA8587322B5B09C7B3E0F06404,339,,
,,2019-03-25,156,,,,,,,,,,,,,,,,,,,,,R03AK08,363,,,198582,345,,,,,CERALAN PLUS,446,25 mikrog/h,122,,,,,,,E6DD680DCF1749080B1112B5AC0934A7,339,,
,,2022-11-12,156,,,,,,,,,,,,,,,,,,,,,A07AA02,360,,,183803,345,,,,,ATACAND PLUS,445,20 mikrog,121,,,,,,,98D0B6EB91117086BC334EE28A02B3E8,339,,
,,2019-10-06,156,,,,,,,,,,,,,,,,,,,,,G03DB01,358,,,195065,344,,,,,OFTAN DEXA,444,0.1 mg/annos,121,,,,,,,63904696BB8949C6A8AF1673C193B7D7,337,,
,,2019-10-07,156,,,,,,,,,,,,,,,,,,,,,N06DA03,357,,,401828,344,,,,,LOSATRIX COMP,441,75/20 mikrog,120,,,,,,,34D021B553D169F1CF76B56D6448ADF0,336,,
,,2023-05-29,156,,,,,,,,,,,,,,,,,,,,,C07AG02,356,,,460287,343,,,,,OLANZAPIN ORION,441,595 mg,120,,,,,,,9F95E4811309DBE2803476D347593C8B,335,,
,,2017-09-25,156,,,,,,,,,,,,,,,,,,,,,S01CA03,355,,,19758,341,,,,,ROSUVASTATIN ACCORD,438,3,35 mg/ml,119,,,,,,,ECEBD3B7D70F5ABD16016561A58A89B1,335,,
,,2017-09-28,156,,,,,,,,,,,,,,,,,,,,,A02BX13,350,,,48876,338,,,,,PARIET,437,25/125 mikrog/annos,119,,,,,,,450D17684B64FD1E77A5FA53BFE7C36E,331,,
,,2017-10-17,156,,,,,,,,,,,,,,,,,,,,,D07BB04,350,,,059969,337,,,,,DITRIM DUPLO,437,21 mikrog/annos,119,,,,,,,1D8BDE8844A8E4E0704C306FA3C4DD71,331,,
,,2016-05-13,156,,,,,,,,,,,,,,,,,,,,,C10AA03,342,,,420209,337,,,,,FINASTERID ORION,430,160/25 mg,118,,,,,,,DCEB8BFA614A29836B595F8E35122246,330,,
,,2019-01-13,156,,,,,,,,,,,,,,,,,,,,,G03AA10,338,,,490437,335,,,,,MOBIC,430,0,3 mg/ml+5 mg/ml,117,,,,,,,0B74F82FD00C4E455628725D682A419F,329,,
,,2018-05-24,156,,,,,,,,,,,,,,,,,,,,,B01AE07,335,,,054309,335,,,,,DURAPHAT,429,12,5 mg F-/g,116,,,,,,,0D89A758CBB9523E84C6737663774D40,329,,
,,2018-05-28,156,,,,,,,,,,,,,,,,,,,,,N02BF01,334,,,73372,332,,,,,TRIKOZOL,427,40/12,5 mg,114,,,,,,,8CBAEDFADB8A7AB8A53137E780301403,327,,
,,2022-09-15,155,,,,,,,,,,,,,,,,,,,,,N05AN01,334,,,11260,332,,,,,DOLAN,426,45 mg,112,,,,,,,7C2F1E7E068534CBF13627DF4241ED96,326,,
,,2022-09-18,155,,,,,,,,,,,,,,,,,,,,,S02CA05,333,,,5209,332,,,,,MELOXICAM ORION,422,50 mikrog,112,,,,,,,6D7C0E4CD80FC25290ADBB061109912C,326,,
,,2022-06-14,155,,,,,,,,,,,,,,,,,,,,,N07CA01,333,,,070110,331,,,,,puuttuu,421,9,5 mg/24 h,111,,,,,,,949390ABA47C995DB80EDFD5E28E94A5,326,,
,,2023-11-16,155,,,,,,,,,,,,,,,,,,,,,J07BC20,332,,,593527,329,,,,,PANADOL NOVUM,419,15 mikrog/ml+5 mg/ml,111,,,,,,,62F9A2CE9A5131B3307E404FA1F447E2,326,,
,,2019-11-03,155,,,,,,,,,,,,,,,,,,,,,D10BA01,331,,,11271,328,,,,,XANOR,418,5/160 mg,110,,,,,,,D3BFE60A333212B86E2AAFE63F4981AE,324,,
,,2017-12-10,155,,,,,,,,,,,,,,,,,,,,,S02CA02,327,,,020847,328,,,,,LIBRAX,418,0,75 %,110,,,,,,,17276BF8C1CB2790646909181E0B3C87,324,,
,,2017-03-13,155,,,,,,,,,,,,,,,,,,,,,A04AA02,327,,,463869,328,,,,,VENLAFAXIN KRKA,412,3 mg/g,108,,,,,,,11DD06D1778370CEC311B87BE4F98C2E,323,,
,,2018-03-02,155,,,,,,,,,,,,,,,,,,,,,N03AX14,326,,,472092,326,,,,,XYZAL,411,25/100 mg,108,,,,,,,EEFAE756981420FA17F80B3161638D9B,322,,
,,2015-12-08,155,,,,,,,,,,,,,,,,,,,,,C10AA04,314,,,438416,326,,,,,COZAAR,409,4,6 mg/24 h,108,,,,,,,ED29DDD46D8573129C1F739F678F5EB2,319,,
,,2016-06-04,155,,,,,,,,,,,,,,,,,,,,,R06AX26,313,,,016294,326,,,,,PREDNISON,406,20/75 mikrog,107,,,,,,,33D747BC9846225CB46D5B4111CE33F2,318,,
,,2023-09-24,155,,,,,,,,,,,,,,,,,,,,,N05AA02,313,,,007902,325,,,,,DIOVAN COMP,403,200/30 mg,105,,,,,,,2B0AC7C8618E8CADEFE942A0981C87C9,314,,
,,2023-09-20,155,,,,,,,,,,,,,,,,,,,,,L04AD01,311,,,478402,324,,,,,IBUXIN,402,0,25 mikrog,104,,,,,,,A35E74E4EC06584310CB004BC49EB31C,314,,
,,2023-10-26,155,,,,,,,,,,,,,,,,,,,,,N03AF02,309,,,130596,324,,,,,MEDITHYROX,402,50 mg/annos,104,,,,,,,05D807C9D99D40D4BDB211D05CAA3CF1,312,,
,,2021-09-28,155,,,,,,,,,,,,,,,,,,,,,N02BF02,307,,,457903,322,,,,,CIPROXIN,401,1,53 mg/suihke,104,,,,,,,E2A7CBC570208C1300EC8143530C1972,311,,
,,2021-04-29,155,,,,,,,,,,,,,,,,,,,,,L04AD02,306,,,492298,322,,,,,SIFROL,401,0.4 mg,104,,,,,,,3935E56B95131FE6CAE6A2890ECAE467,310,,
,,2017-02-06,155,,,,,,,,,,,,,,,,,,,,,D06BX01,304,,,008519,318,,,,,EPIPEN,395,500 mikrog/annos,104,,,,,,,DC8B1735DDD154A04F15171BE4573477,310,,
,,2017-02-15,155,,,,,,,,,,,,,,,,,,,,,G04BD08,303,,,185371,318,,,,,CANODERM,393,10 mg/ml+5 mg/ml,103,,,,,,,0D3B756306287CD5BA178B18ECAF8DE5,310,,
,,2016-10-01,155,,,,,,,,,,,,,,,,,,,,,D01AE15,303,,,8519,316,,,,,KLOTRIPTYL MITE,387,320/9 mikrog/annos,103,,,,,,,4F8AF1C8D564C8094EB6DBAD9CF4D7A7,309,,
,,2017-05-23,155,,,,,,,,,,,,,,,,,,,,,C02AC05,302,,,576450,316,,,,,ETORICOXIB RATIOPHARM,385,87/5/9 mikrog,103,,,,,,,144306E4AD4AC3E43C67E1975A97A243,309,,
,,2017-05-24,155,,,,,,,,,,,,,,,,,,,,,S03CA04,302,,,494371,316,,,,,IMIGRAN,383,0,35 mg,100,,,,,,,FB34FE389B90EFEED5FA7E6785F57622,308,,
,,2017-11-03,155,,,,,,,,,,,,,,,,,,,,,R01AD01,302,,,006998,315,,,,,SOMNOR,382,110 mg,99,,,,,,,87F0F9905BD1565259ED574B73FA8CA8,308,,
,,2020-11-22,155,,,,,,,,,,,,,,,,,,,,,D07BA04,297,,,170092,312,,,,,ENALAPRIL ORION,381,250/10 mikrog/annos,98,,,,,,,EB7F43435169431AD599AA7228084A4F,307,,
,,2023-02-22,155,,,,,,,,,,,,,,,,,,,,,J01AA04,297,,,10966,312,,,,,CONCERTA,379,125 mikrog/annos,98,,,,,,,1AC5B2C65D420EA800AFED9D1615CBAD,307,,
,,2017-01-27,155,,,,,,,,,,,,,,,,,,,,,J01FA06,297,,,148586,310,,,,,LIPITOR,378,7,5 mg/g,95,,,,,,,171ADC9BD36DFE15611CC246D50EC6EF,307,,
,,2023-02-25,155,,,,,,,,,,,,,,,,,,,,,A06AB08,296,,,518897,309,,,,,AMLORATIO,377,10/160 mg,95,,,,,,,31F3BD4804CF0807B0D15AC2D2B1E3F9,306,,
,,2019-10-31,155,,,,,,,,,,,,,,,,,,,,,M02AA10,291,,,518332,308,,,,,PREGABALIN ORION,376,125 mg,95,,,,,,,D3FCC83E6E78B5B519E63709E67306B4,305,,
,,2017-01-30,155,,,,,,,,,,,,,,,,,,,,,N02CC03,291,,,032214,308,,,,,FLUCONAZOL ORION,375,0,025 %,94,,,,,,,DA020ED209A696F5EF0CA99BBBD9CD14,304,,
,,2017-04-20,155,,,,,,,,,,,,,,,,,,,,,D01AC02,287,,,186611,306,,,,,TRAJENTA,372,1000000 IU,94,,,,,,,AFF4064EB6D3E0B020F532E7EDF9E802,303,,
,,2016-11-28,155,,,,,,,,,,,,,,,,,,,,,C01BC04,285,,,550277,305,,,,,JANUMET,371,54 mg,93,,,,,,,C7E31D7C3DFB251594CBCD3654736CA3,302,,
,,2018-11-01,155,,,,,,,,,,,,,,,,,,,,,G02BB01,282,,,589143,305,,,,,GABAPENTIN RATIOPHARM,369,40/50 mg,92,,,,,,,300C3B86024369743200248D9A012B5A,302,,
,,2021-05-29,155,,,,,,,,,,,,,,,,,,,,,C08CA05,282,,,001102,304,,,,,NEVANAC,367,50/850 mg,91,,,,,,,C9B2F8FA7C77A63615C742E375F33941,300,,
,,2020-10-17,155,,,,,,,,,,,,,,,,,,,,,D11AH02,281,,,010573,304,,,,,RELVAR ELLIPTA,367,0,25 mg/0,5 ml,91,,,,,,,2D4EAEB35F712CF1D9A07A70765423C4,299,,
,,2019-06-01,155,,,,,,,,,,,,,,,,,,,,,J01FA09,279,,,534263,304,,,,,ORUDIS,366,50 mikrog/g,91,,,,,,,DD548AE5191764C1B2C24FCEC83E190B,295,,
,,2017-09-18,155,,,,,,,,,,,,,,,,,,,,,N06AA12,278,,,082685,303,,,,,OMEPRAZOL ACTAVIS,366,2,5/12,5 mg,91,,,,,,,3EF97AF4038AE326BC949E107BC87B4A,294,,
,,2017-10-10,155,,,,,,,,,,,,,,,,,,,,,N06AB05,277,,,080034,303,,,,,DULOXETINE ORION,366,150 mikrog,90,,,,,,,D38A2EB14C3D08F1CE390C555FCEC91B,293,,
,,2021-12-02,155,,,,,,,,,,,,,,,,,,,,,N02CC04,273,,,384407,303,,,,,AMLODIPIN KRKA,364,0,1 mg/g,90,,,,,,,F81999B300ECDF909CE59F6DF3060639,293,,
,,2018-02-19,155,,,,,,,,,,,,,,,,,,,,,N03AF01,272,,,110972,303,,,,,NEOPROCT YHDISTELMÄPAKKAUS,363,25 mikrog/24 h,90,,,,,,,F524997DF6B6BA20194BA9CA1A14BAEE,293,,
,,2019-04-03,154,,,,,,,,,,,,,,,,,,,,,C09DB01,271,,,073372,301,,,,,NEOPROCT,361,10,8/10 mg,90,,,,,,,10E6F60F8BA867FE4BFED148E8F34365,292,,
,,2017-06-03,154,,,,,,,,,,,,,,,,,,,,,J07BB02,266,,,019720,301,,,,,PREDNISOLONI,359,25/600 mikrog/annos,89,,,,,,,BD4ABE5AC15EE1F3A4156C176A7327C5,291,,
,,2022-09-23,154,,,,,,,,,,,,,,,,,,,,,N02CC06,264,,,047579,301,,,,,DAIVOBET,357,7 mg,89,,,,,,,8CD0051C2219493A4E0B14CB191D73C6,291,,
,,2022-09-17,154,,,,,,,,,,,,,,,,,,,,,D07BC01,264,,,183277,300,,,,,OFTAN C-C,355,40 mikrog/ml,88,,,,,,,C5DB1C98DB3AA6E6B423694647A8176F,290,,
,,2019-11-30,154,,,,,,,,,,,,,,,,,,,,,A07EA06,264,,,018285,299,,,,,MICARDISPLUS,353,500 mg/800 IU,87,,,,,,,1ECC817CA61C1EADA43BC4D6613E7E68,286,,
,,2021-01-20,154,,,,,,,,,,,,,,,,,,,,,D02AE01,264,,,590925,299,,,,,BISOPROACT,351,27.5 mikrog/annos,86,,,,,,,FFCFA9164CCE29A6F0E5FCBD0808632B,284,,
,,2017-08-28,154,,,,,,,,,,,,,,,,,,,,,N02CC07,261,,,16395,298,,,,,GAVISCON,350,2,5/2,5 mikrog,86,,,,,,,21E96FD0214CB9FF5A8E963DA10182B3,282,,
,,2020-02-20,154,,,,,,,,,,,,,,,,,,,,,A10AE06,260,,,396554,295,,,,,DUOCORT,350,250 mikrog,86,,,,,,,B25F0243C4D910BB7E4495326622A6D6,282,,
,,2020-02-24,154,,,,,,,,,,,,,,,,,,,,,G03HB01,260,,,379305,294,,,,,CIALIS,349,35 mg,86,,,,,,,2678E10A1ECC4C4A6FC156768755877E,280,,
,,2019-02-05,154,,,,,,,,,,,,,,,,,,,,,C05AA04,259,,,006192,292,,,,,OTIBORIN FORTE,349,0,5/2,5 mg/annos,86,,,,,,,DDBA59F7102FA777AF462D7CB8A308AC,280,,
,,2019-02-03,154,,,,,,,,,,,,,,,,,,,,,N06AX22,259,,,435115,291,,,,,CRESTOR,348,40 mikrog/ml + 5 mg/ml,85,,,,,,,A2E20E4B3A0BB847279A45FCE30FE104,280,,
,,2022-12-09,154,,,,,,,,,,,,,,,,,,,,,J01CF05,256,,,450361,290,,,,,EMGESAN,347,80/400 mg,84,,,,,,,94DE59A8F51DD0E1E7AE899A14601432,279,,
,,2019-02-14,154,,,,,,,,,,,,,,,,,,,,,A10BJ02,251,,,018759,290,,,,,DAKTACORT,342,19,5 mg,84,,,,,,,F99C1E273CD553B0BFC78EEF35FC4D7C,277,,
,,2021-10-24,154,,,,,,,,,,,,,,,,,,,,,A11CC03,249,,,076033,289,,,,,TEROLUT,342,60 mikrog,84,,,,,,,38FD1A23C643B0CCEDE39FC7920BE306,277,,
,,2021-09-09,154,,,,,,,,,,,,,,,,,,,,,A11EA,249,,,18285,289,,,,,DONEPEZIL ORION,339,190 mg,84,,,,,,,72BB40B3F284D24D5D4F06FD0BC8B032,275,,
,,2017-02-23,154,,,,,,,,,,,,,,,,,,,,,L02AE02,247,,,6826,288,,,,,BISOPROLOLI,339,125/5 mikrog/annos,82,,,,,,,15DE94DAD105181A19E7F9615536BA9D,275,,
,,2023-01-13,154,,,,,,,,,,,,,,,,,,,,,C09AA03,242,,,6998,287,,,,,ALLONOL,339,5mg,82,,,,,,,9FDDA67C85074C46D6EBF3B752C4CCC4,274,,
,,2023-01-22,154,,,,,,,,,,,,,,,,,,,,,C07BB07,241,,,479186,287,,,,,MEMANTIN ORION,339,0,9 mg/ml,82,,,,,,,BDF862660E2B24341FABDB6194393E08,274,,
,,2016-04-14,154,,,,,,,,,,,,,,,,,,,,,L04AA06,240,,,175398,284,,,,,VOLTAREN,334,10/10 mg,81,,,,,,,6AF65F8F40CE6FD10457BDFEE4F863E8,274,,
,,2017-11-16,154,,,,,,,,,,,,,,,,,,,,,S01EC04,239,,,156018,283,,,,,LAMOTRIGIN ORION,334,1.25 mg/annos,80,,,,,,,BA09CF48F48351D985E6A23C95E875C5,273,,
,,2017-11-28,154,,,,,,,,,,,,,,,,,,,,,H03BB01,234,,,067530,283,,,,,DAKTARIN,333,20 mikrog/annos,78,,,,,,,A62CD2EFD8CA26C893DA4C420FE08816,273,,
,,2021-11-24,154,,,,,,,,,,,,,,,,,,,,,G03FA12,233,,,591443,283,,,,,CIPROFLOXACIN ORION,333,0,120/0,015 mg/24 h,78,,,,,,,8C485C17C51B16BB1E048821F6DD8114,272,,
,,2021-02-18,154,,,,,,,,,,,,,,,,,,,,,C07AB03,232,,,015095,280,,,,,ASASANTIN RETARD,332,68 mg,76,,,,,,,14EEB7E4FBD7919A071B29D9030759C6,272,,
,,2019-03-28,154,,,,,,,,,,,,,,,,,,,,,J01EE01,231,,,004378,280,,,,,CETRAXAL COMP,332,6000 IU (60 mg)/0,6 ml,76,,,,,,,C595BF2C23C9353A327DE05B9EB2DCC8,270,,
,,2019-09-24,154,,,,,,,,,,,,,,,,,,,,,G03DA04,227,,,100099,280,,,,,SEROQUEL PROLONG,331,2,25 mg/ml,76,,,,,,,5ABADACCAF5C459F615145E9046C21B0,270,,
,,2023-02-09,154,,,,,,,,,,,,,,,,,,,,,N01BB02,226,,,4378,279,,,,,INHIXA,329,5 MG,75,,,,,,,16AFFEEE3E30908A18997BA0650DAFF4,268,,
,,2017-10-11,154,,,,,,,,,,,,,,,,,,,,,A09AA02,225,,,573790,277,,,,,IMODIUM,329,12 mg/ml,75,,,,,,,7B91F222D983CCEFC75EEDF44F5696AB,267,,
,,2017-09-06,154,,,,,,,,,,,,,,,,,,,,,S01GX08,225,,,453,276,,,,,PRADAXA,329,80/25 mg,74,,,,,,,D875CBF850F4C2726EA39F446378D0E4,261,,
,,2015-01-27,154,,,,,,,,,,,,,,,,,,,,,J01AA07,221,,,116160,276,,,,,VENLAFAXIN ACTAVIS,328,10 mg/g+0,25 mg/g,74,,,,,,,E18CAB69987DFACC8689599C3AF70EDF,261,,
,,2021-12-09,154,,,,,,,,,,,,,,,,,,,,,C07AB12,221,,,016395,275,,,,,ABILIFY,328,12,5/50 mg,74,,,,,,,DD413AD0C661DF5C568A9A54ECF8AC7F,261,,
,,2016-05-31,154,,,,,,,,,,,,,,,,,,,,,D01AE16,220,,,482026,274,,,,,KEFALEKSIINI,327,20/10 mg,74,,,,,,,439CD696D631782A46AEB34793171B1B,259,,
,,2018-02-07,154,,,,,,,,,,,,,,,,,,,,,A02BA02,218,,,141238,274,,,,,INNOVAIR,326,2.5 mg/g,73,,,,,,,DB5280D8E647B7C021DFBF87A3C79F92,259,,
,,2019-01-29,154,,,,,,,,,,,,,,,,,,,,,G03AA09,214,,,32214,274,,,,,EZETIMIBE ORION,326,5000 IU,73,,,,,,,1FBBC796D23626EC4C561CAC0F96A24A,259,,
,,2018-01-30,153,,,,,,,,,,,,,,,,,,,,,A06AD65,214,,,176909,274,,,,,TRAMADOLI,325,10 MG,71,,,,,,,F6ECAAF4B4165E73E1DF0ECFC6BCDCF2,258,,
,,2022-06-10,153,,,,,,,,,,,,,,,,,,,,,S01BA07,214,,,5145,273,,,,,MIRTAZAPIN KRKA,324,1/5 mg,71,,,,,,,F7A186C39BFB184F46424E62AA899E62,257,,
,,2015-11-30,153,,,,,,,,,,,,,,,,,,,,,N05AB03,212,,,481705,270,,,,,LITO,322,1 mg/72 h,71,,,,,,,68707E9278EC5E975740F77977396299,257,,
,,2017-12-02,153,,,,,,,,,,,,,,,,,,,,,R01AX06,212,,,1102,269,,,,,FLIXOTIDE EVOHALER,321,30 MU/0,5 ml,71,,,,,,,10E85D7DFE27872B11C716F77E7D79CE,252,,
,,2021-06-09,153,,,,,,,,,,,,,,,,,,,,,A12AA04,210,,,15095,269,,,,,ATORVASTATIN ACCORD,319,60 mg/ml,70,,,,,,,BE6B6CB9E44CF03C6A7743F6EE2613CF,252,,
,,2018-03-26,153,,,,,,,,,,,,,,,,,,,,,B03BA01,206,,,135269,269,,,,,DEXAMETASON,318,250 mikrog/0,5 ml,70,,,,,,,AEA7E63F9B114FC65E940CE6029A6A54,251,,
,,2021-01-26,153,,,,,,,,,,,,,,,,,,,,,J07BC02,202,,,7902,268,,,,,CARBALAN,314,3500 anti-Xa IU,70,,,,,,,038108FF62026360C972410086B06F46,250,,
,,2019-02-12,153,,,,,,,,,,,,,,,,,,,,,L02BA01,202,,,077887,266,,,,,TWINRIX ADULT,314,92/55/22 mikrog/annos,70,,,,,,,FE4E41407A3223FDA1A80E9BFEAA7A9A,249,,
,,2015-08-20,153,,,,,,,,,,,,,,,,,,,,,G03AA14,200,,,161473,266,,,,,METOPROLOL ORION,312,2,5/5 mg,70,,,,,,,B45C48B202E879746CAA7839F62605A5,249,,
,,2021-10-18,153,,,,,,,,,,,,,,,,,,,,,S01XA02,199,,,017248,266,,,,,FUNGORIN,311,32/25 mg,69,,,,,,,FBA7D7F21DB77A57C2F1FF62C16D9E08,249,,
,,2021-10-26,153,,,,,,,,,,,,,,,,,,,,,S01EE05,196,,,405688,265,,,,,TRAMPALGIN,308,500 mikrog,69,,,,,,,5DD123CA408BDA906C5CEF5EFC42F34A,249,,
,,2023-01-18,153,,,,,,,,,,,,,,,,,,,,,J01MA14,196,,,575571,265,,,,,ESTROGEL,306,5/160/12,5 mg,68,,,,,,,2ABC91A801AD3EFF0EB781CB990C2378,249,,
,,2017-02-04,153,,,,,,,,,,,,,,,,,,,,,G04BE01,193,,,560718,265,,,,,MEDROL,305,10/160/12,5 mg,67,,,,,,,845A570FD0CC65DE5327631D0D3C40C0,248,,
,,2016-10-25,153,,,,,,,,,,,,,,,,,,,,,A06AC51,193,,,030252,265,,,,,SANDIMMUN NEORAL,304,5 mg/annos,67,,,,,,,D4167383C390FE1D3163D8912A17AD19,248,,
,,2017-05-17,153,,,,,,,,,,,,,,,,,,,,,C05BA01,192,,,54309,264,,,,,AVODART,303,600 MG,67,,,,,,,19B21F3AC57D8C17CEE6BDB51E1D7314,248,,
,,2017-05-29,153,,,,,,,,,,,,,,,,,,,,,R03AC13,191,,,539973,264,,,,,TERRA-CORTRIL-P,302,1 mg + 1/1 mg,66,,,,,,,6849604E4AF20A4E59BC7B6B69528AA9,245,,
,,2017-05-05,153,,,,,,,,,,,,,,,,,,,,,J05AH02,190,,,566992,263,,,,,ETORIKOKSIBI,302,20 mikrog/ml,66,,,,,,,F9DEF1A9CBE5C6CF5ADF2E5069411093,244,,
,,2017-05-11,153,,,,,,,,,,,,,,,,,,,,,N03AX11,190,,,391643,261,,,,,ULTRACORTENOL,300,1000 IU/ml,65,,,,,,,DFD53591E1C76758481E75E453DF3323,243,,
,,2019-05-05,153,,,,,,,,,,,,,,,,,,,,,L01BC06,190,,,5963,258,,,,,NEURONTIN,300,3mg,65,,,,,,,65955903AB20053A91904348A6C475CB,242,,
,,2016-04-13,153,,,,,,,,,,,,,,,,,,,,,N06BA12,186,,,013485,257,,,,,GLUCOSAMIN ORION,299,145 mg,64,,,,,,,F142FD7F97C91E53295D1B1A22185EC7,242,,
,,2023-12-09,153,,,,,,,,,,,,,,,,,,,,,G03GA05,186,,,31814,256,,,,,DESLORATADINE SANDOZ,299,2/5 mg,64,,,,,,,45E207A8B36A646255F73A2AD337B38F,242,,
,,2017-11-17,153,,,,,,,,,,,,,,,,,,,,,R03AK11,185,,,031796,256,,,,,BETASERC,296,300 IU/0,5 ml,63,,,,,,,B9960C7D5C3A278DAB407D35018BB2B2,241,,
,,2021-11-11,153,,,,,,,,,,,,,,,,,,,,,H02AB09,184,,,135210,255,,,,,SIBICORT,296,5MG,63,,,,,,,E21603F75A637DC63192AE922C3EC216,241,,
,,2021-11-16,153,,,,,,,,,,,,,,,,,,,,,A11DB,184,,,17248,254,,,,,AZITHROMYCIN ORION,295,80 mikrog/annos,63,,,,,,,CC8D2BF791F83D85BD138714F14D3EA4,241,,
,,2021-02-06,153,,,,,,,,,,,,,,,,,,,,,D10AD01,184,,,165953,254,,,,,ACLOVIR,291,200 mg/ml,63,,,,,,,3B0E6DA63BA9E75888293D42DDEA29DE,240,,
,,2018-12-06,153,,,,,,,,,,,,,,,,,,,,,R03DA04,183,,,116327,254,,,,,TELFAST,290,20 MG,62,,,,,,,66336C98A4F7247F1815B5A440605E28,240,,
,,2021-02-25,153,,,,,,,,,,,,,,,,,,,,,A10BB12,183,,,172592,253,,,,,PROLIA,289,0,1 %/2,5 %,61,,,,,,,5B08F3DC157E5AD904A994896D3BCCDD,240,,
,,2019-03-01,153,,,,,,,,,,,,,,,,,,,,,N02CC05,182,,,011207,253,,,,,PARACETAMOL RATIOPHARM,288,5/47,5 mg,60,,,,,,,ABD4428B5C8F03704AC47E29CED613FC,240,,
,,2022-11-02,153,,,,,,,,,,,,,,,,,,,,,M01AB01,182,,,011260,253,,,,,DIUREX MITE,287,5/80 mg,60,,,,,,,480CFBD737DE85A2F9F922C6CB0F7E51,239,,
,,2019-10-02,153,,,,,,,,,,,,,,,,,,,,,C08DA01,181,,,6183,252,,,,,RYBELSUS,287,1/2 mg,59,,,,,,,B0D4B92012B392754468B12CEAAA07BB,238,,
,,2023-02-16,153,,,,,,,,,,,,,,,,,,,,,R03AL01,179,,,537928,252,,,,,DEXAMETASON ABCUR,287,6 mikrog/annos,59,,,,,,,41BC53C601EA907837DE7EB48B3153C9,238,,
,,2023-02-06,153,,,,,,,,,,,,,,,,,,,,,J02AC02,179,,,093284,251,,,,,OLANZAPIN RATIOPHARM,286,10/25 mg,59,,,,,,,BB5AD8EF30ECBD91497A493FEEF542C9,236,,
,,2023-02-03,153,,,,,,,,,,,,,,,,,,,,,J01XX05,178,,,24321,250,,,,,LECROLYN,286,320 mg,59,,,,,,,7DA1DE05E855A7E658360A3B290FE09D,236,,
,,2017-04-01,153,,,,,,,,,,,,,,,,,,,,,M01AG02,177,,,482612,250,,,,,DESLORATADIN ORION,285,900 IU/1,5 ml,58,,,,,,,D9ECF4FA9AF43325F55763C8511EA27F,236,,
,,2021-05-25,153,,,,,,,,,,,,,,,,,,,,,A10BH02,177,,,067728,250,,,,,GLUCOPHAGE,283,5/1000 mg,58,,,,,,,8693ECC975F00DC6687F4FBBB1ED671A,235,,
,,2020-09-01,153,,,,,,,,,,,,,,,,,,,,,D01AC08,176,,,526871,249,,,,,FOLVITE,283,75/30 mikrog,58,,,,,,,19A997343C9329FC7E098F233DC63983,235,,
,,2021-12-07,153,,,,,,,,,,,,,,,,,,,,,L04AB04,176,,,580100,249,,,,,AQUALAN PLUS,282,140 mg,57,,,,,,,A2B07EC65732F04FC6B1245D7C7E4F0B,234,,
,,2021-03-18,152,,,,,,,,,,,,,,,,,,,,,B03XA02,176,,,66278,248,,,,,VICTOZA,280,10 mg/ml+2 mg/ml,57,,,,,,,0CAEF6FC5454EED8F31451EF1841CAA5,234,,
,,2019-04-19,152,,,,,,,,,,,,,,,,,,,,,N07BB01,173,,,395850,248,,,,,SUMATRIPTAN SANDOZ,279,5/1,25 mg,57,,,,,,,095708706EA5D4B2BDB12E5730127133,233,,
,,2017-06-15,152,,,,,,,,,,,,,,,,,,,,,C09DX01,172,,,18904,248,,,,,METOJECT PEN,279,47.5 mg,57,,,,,,,BDB0CCE12071D01382512ECC8382946D,233,,
,,2017-12-07,152,,,,,,,,,,,,,,,,,,,,,N05AF03,169,,,435156,245,,,,,RISPERDAL,276,48 MU/0,5 ml,56,,,,,,,557AA1E26235A882160EBA1113B128B1,233,,
,,2016-03-22,152,,,,,,,,,,,,,,,,,,,,,H04AA01,169,,,424055,244,,,,,VESICARE,275,7/10 mg/ml,56,,,,,,,6DE7C009201823C7C43C2F7B79774A17,232,,
,,2020-03-10,152,,,,,,,,,,,,,,,,,,,,,C02CA01,167,,,192229,244,,,,,ATORVASTATIINI,273,55/22 mikrog/annos,56,,,,,,,64B4C0A9AAEBE19717EF89E552EA92DE,232,,
,,2017-03-10,152,,,,,,,,,,,,,,,,,,,,,A10AC01,167,,,13485,243,,,,,ELIDEL,273,25000 IU/ml,55,,,,,,,99C5FF565AF841B588A1DDF000181FCD,228,,
,,2021-01-25,152,,,,,,,,,,,,,,,,,,,,,N06AX05,167,,,101972,242,,,,,GRANISETRON STADA,270,50 mikrog/h,55,,,,,,,58E51CD0B435048D0FBF97B983641575,228,,
,,2019-02-07,152,,,,,,,,,,,,,,,,,,,,,D10AF01,165,,,007009,241,,,,,BECLONASAL FORTE AQUA,269,500 mg/5 mikrog,54,,,,,,,B46CCED70763EB011F8FB0BFE87576F3,227,,
,,2021-10-21,152,,,,,,,,,,,,,,,,,,,,,B01AC24,162,,,564373,241,,,,,EFEXOR DEPOT,268,40 mg/0,4 ml,54,,,,,,,72C4D8823CC61779FB9B19FC48BEE7BF,226,,
,,2016-10-21,152,,,,,,,,,,,,,,,,,,,,,N05AD01,161,,,567370,239,,,,,DECUBAL CLINIC CREME,267,30 mikrog,54,,,,,,,2EBD7CD2CF82CF2943A816084A21D7AB,225,,
,,2016-10-18,152,,,,,,,,,,,,,,,,,,,,,R01AA07,158,,,17621,239,,,,,VI-SIBLIN S,267,125 mg+80 mg,54,,,,,,,EEF17C939DA36987CCB261857D0E4800,225,,
,,2015-05-06,152,,,,,,,,,,,,,,,,,,,,,C10AC01,158,,,173682,239,,,,,PIMAFUCORT,266,50 mikrog/g + 0,5 mg/g,53,,,,,,,6323BA79B3E79FA659E4B64975C4D17C,225,,
,,2018-10-04,152,,,,,,,,,,,,,,,,,,,,,N06DA04,158,,,014453,239,,,,,SPIRIX,265,100 mg/annos,53,,,,,,,0455D1D5B405C79C9D0152C9851F85E5,225,,
,,2017-05-03,152,,,,,,,,,,,,,,,,,,,,,G03AC10,157,,,022222,239,,,,,SINGULAIR,264,50 MG,51,,,,,,,A14BAAA193B96CC8155569C400B90445,224,,
,,2019-05-30,152,,,,,,,,,,,,,,,,,,,,,G03FB08,157,,,154288,239,,,,,BEMETSON-K,264,1 milj IU,51,,,,,,,344E2EE5E25B1689B90ACD13C32480A3,224,,
,,2023-12-07,152,,,,,,,,,,,,,,,,,,,,,D06BB10,156,,,006826,239,,,,,ZOVIRAX,264,50 mg/0,5 ml,51,,,,,,,E84CFBA70E1762A94018B5057DAA8F29,224,,
,,2021-11-07,152,,,,,,,,,,,,,,,,,,,,,D02AX,153,,,433714,238,,,,,KALCIPOS-D FORTE,263,150 MG,50,,,,,,,B61CD269E2192EB84B2CE88F20AD8F3B,222,,
,,2015-06-04,152,,,,,,,,,,,,,,,,,,,,,A05AA02,152,,,522535,237,,,,,TRESIBA,259,0,26 mg,50,,,,,,,D7DE12839C396B1361E2714A2DA462B2,221,,
,,2022-02-07,152,,,,,,,,,,,,,,,,,,,,,N04BA03,152,,,566182,236,,,,,PRIMOLUT N,257,7,5 mikrog/24 h,50,,,,,,,FCD32316D623EE8FB727265C7178AF74,221,,
,,2023-06-05,152,,,,,,,,,,,,,,,,,,,,,C01BD01,150,,,383976,235,,,,,CAPRILON,255,1 milj IU (mega),50,,,,,,,FD35CC6E1AB483F34A8E58827DF141A8,221,,
,,2020-11-20,152,,,,,,,,,,,,,,,,,,,,,G03GA08,150,,,22222,235,,,,,AMLODIPIINI,255,List truncated...,,,,,,,,31CD602449B51583D763F34F04030D65,219,,
,,2019-10-15,152,,,,,,,,,,,,,,,,,,,,,C08DB01,150,,,53461,235,,,,,OCULAC,252,,,,,,,,,5D98105DDB37DF4C6074E69E07E87667,218,,
,,2019-10-21,152,,,,,,,,,,,,,,,,,,,,,L01BA01,149,,,80034,235,,,,,EXFORGE,252,,,,,,,,,D5CCB8FD8639FD40ED960A919DD823B2,218,,
,,2016-02-05,152,,,,,,,,,,,,,,,,,,,,,L04AA13,145,,,029459,235,,,,,TRIOBE,250,,,,,,,,,361CC1CF41E2ABB165102A685971E6D3,218,,
,,2016-02-17,152,,,,,,,,,,,,,,,,,,,,,L03AA13,143,,,589028,235,,,,,MIGARD,248,,,,,,,,,78279DD9671CA8FA6E8E707B56D8BC82,218,,
,,2016-11-01,152,,,,,,,,,,,,,,,,,,,,,A04AA55,140,,,024321,234,,,,,PRAMIPEXOLE ORION,248,,,,,,,,,C02CE5C571C260AE435650152DA1C5E2,217,,
,,2017-04-30,152,,,,,,,,,,,,,,,,,,,,,R05CB01,138,,,446100,234,,,,,ESTRENA,247,,,,,,,,,C86097FAEF3FD36587930639CA739874,216,,
,,2016-11-16,152,,,,,,,,,,,,,,,,,,,,,A01AB09,136,,,049031,234,,,,,SILDENAFIL SANDOZ,247,,,,,,,,,494BC52F35F569D1530CB0690C3249F9,216,,
,,2017-10-02,152,,,,,,,,,,,,,,,,,,,,,D10AX03,136,,,027169,234,,,,,RELERT,246,,,,,,,,,9A918B2D064D4AC397B836C89F9849A1,216,,
,,2021-12-21,152,,,,,,,,,,,,,,,,,,,,,G03AB08,135,,,70110,233,,,,,ISANGINA,245,,,,,,,,,D1E8D71198280188DFD6D39788A9DA52,215,,
,,2017-09-05,152,,,,,,,,,,,,,,,,,,,,,S01EE03,133,,,545376,233,,,,,TRILEPTAL,244,,,,,,,,,4EF90DCBD1B03DF37A7F585C2DE0437E,215,,
,,2019-01-16,152,,,,,,,,,,,,,,,,,,,,,L03AA02,132,,,77887,233,,,,,NUVARING,244,,,,,,,,,B10C845BA6AFD9C2C87FB14C434C1748,215,,
,,2018-02-12,152,,,,,,,,,,,,,,,,,,,,,M03BX01,132,,,059987,232,,,,,BISOPROLOL KRKA,243,,,,,,,,,484A49BDB7748BC3E230DDAEA8BA313F,215,,
,,2018-05-22,152,,,,,,,,,,,,,,,,,,,,,C09CA08,132,,,20847,231,,,,,KETIAPIINI,242,,,,,,,,,73912438143D38328A643EBB7E220160,214,,
,,2017-03-05,151,,,,,,,,,,,,,,,,,,,,,R06AX29,131,,,130880,230,,,,,VOLTAREN EMULGEL,241,,,,,,,,,664E92FEAD526307573FA8D2262DD072,213,,
,,2021-03-19,151,,,,,,,,,,,,,,,,,,,,,R06AA09,130,,,593319,230,,,,,CIRRUS,241,,,,,,,,,14C41C1E0F26DDE323AC43A84AB9B273,212,,
,,2019-04-16,151,,,,,,,,,,,,,,,,,,,,,R03AL09,126,,,374918,230,,,,,OKSIKODONI,239,,,,,,,,,7C8D0387BDA5AE4E107D2728DC5A1947,212,,
,,2019-04-23,151,,,,,,,,,,,,,,,,,,,,,G03FB05,126,,,164666,230,,,,,ROSUVASTATIN SANDOZ,238,,,,,,,,,A469C454699C3A6F0AF2DFCE3C75A895,211,,
,,2022-09-07,151,,,,,,,,,,,,,,,,,,,,,G01AF02,126,,,031487,229,,,,,OVIXAN,237,,,,,,,,,C9E5E5C5EF4D623727C8AAEE89879BC8,210,,
,,2018-04-07,151,,,,,,,,,,,,,,,,,,,,,N06AX03,126,,,005145,229,,,,,FROIDIR,236,,,,,,,,,755E9908C089EB89B5A3248C8BA91D3C,210,,
,,2017-12-08,151,,,,,,,,,,,,,,,,,,,,,N05CD08,125,,,502735,229,,,,,XALATAN,236,,,,,,,,,87CD06B75B39F687EEB79D2389A79CB3,210,,
,,2020-03-25,151,,,,,,,,,,,,,,,,,,,,,P01BB51,125,,,409763,229,,,,,AZOPT,236,,,,,,,,,4119B9DD923608C97533E91C9F944047,210,,
,,2017-03-21,151,,,,,,,,,,,,,,,,,,,,,A10BG03,125,,,485006,226,,,,,RAMIPRIL RATIOPHARM,235,,,,,,,,,3DFD299530C37FBF9315A1BD1A17255B,209,,
,,2017-03-31,151,,,,,,,,,,,,,,,,,,,,,A07XA04,124,,,386762,226,,,,,SUMATRIPTAN ACCORD,234,,,,,,,,,8E7F04EAE4833043D27EF3239F30AC2F,208,,
,,2021-01-18,151,,,,,,,,,,,,,,,,,,,,,C09BB04,123,,,469291,226,,,,,TETRALYSAL,234,,,,,,,,,95ED883C1C9CF8678C4034B2830B5685,208,,
,,2023-10-23,151,,,,,,,,,,,,,,,,,,,,,G04BD11,122,,,446930,225,,,,,DOXAL,234,,,,,,,,,15A835325BCF96023429C2A1E0A1BC50,206,,
,,2022-03-16,151,,,,,,,,,,,,,,,,,,,,,A01AA03,122,,,584173,224,,,,,ZYPREXA,233,,,,,,,,,419479EFB058A18BCB221237FBD7B9B3,206,,
,,2020-02-26,151,,,,,,,,,,,,,,,,,,,,,D10AF51,122,,,442705,223,,,,,HUMEKTAN,233,,,,,,,,,AD7A455CDFBF7C77DE6E9C4DAA3A2B0C,205,,
,,2020-02-15,151,,,,,,,,,,,,,,,,,,,,,R01AX03,119,,,590078,223,,,,,INDIVINA,233,,,,,,,,,3D3FEE19267C38EE86F361552FBE19C3,203,,
,,2021-09-23,151,,,,,,,,,,,,,,,,,,,,,S01BA02,119,,,586800,223,,,,,PANTOPRAZOL KRKA,232,,,,,,,,,0525FF2D289674945E88A9D690586C5C,203,,
,,2018-09-28,151,,,,,,,,,,,,,,,,,,,,,L01XX05,118,,,422246,222,,,,,LAXOBERON,230,,,,,,,,,2F5C647EF0FDEE216DED4448FC48C61A,203,,
,,2019-05-08,151,,,,,,,,,,,,,,,,,,,,,B01AB04,118,,,4795,221,,,,,MAXALT RAPITAB,230,,,,,,,,,B7ADD1DE9CD1D5F1D9D7BA722FAD3E8D,202,,
,,2019-05-10,151,,,,,,,,,,,,,,,,,,,,,G01AC05,117,,,183574,220,,,,,CALCICHEW D3 EXTRA APPELSIINI,230,,,,,,,,,B4E8D2DD18578E897DEEB497F2CC2EFD,201,,
,,2019-05-21,151,,,,,,,,,,,,,,,,,,,,,S01FA06,117,,,1659,220,,,,,PLENDIL,227,,,,,,,,,1EA390B4F8EC371206E7F61BF1FCBDAC,201,,
,,2017-11-15,151,,,,,,,,,,,,,,,,,,,,,D11AX22,116,,,14453,220,,,,,KEPPRA,226,,,,,,,,,2B85F626DDD255C506ABAD0540E1FA70,201,,
,,2017-11-29,151,,,,,,,,,,,,,,,,,,,,,B03AB05,116,,,490857,220,,,,,ISMOX,226,,,,,,,,,FF1CF583AD3C0B0E379A4252AD28A7E3,199,,
,,2019-12-06,151,,,,,,,,,,,,,,,,,,,,,L04AB01,115,,,106120,220,,,,,MIRTATSAPIINI,225,,,,,,,,,D9B0C4DF5D730C8E85DD7B64DDC04835,199,,
,,2018-12-08,151,,,,,,,,,,,,,,,,,,,,,P02CF01,114,,,573568,220,,,,,CELEBRA,225,,,,,,,,,550961D13FBBD16CC508CD58C5CA28EE,198,,
,,2019-03-04,151,,,,,,,,,,,,,,,,,,,,,N04BC04,113,,,579147,219,,,,,FELODIPIN RATIOPHARM,225,,,,,,,,,88C1AD020F83A6F2E195E59F73A382FC,197,,
,,2017-01-28,151,,,,,,,,,,,,,,,,,,,,,A10BJ05,113,,,47579,219,,,,,AMOKSISILLIINI,225,,,,,,,,,0D0FF2E0B7778E3D12CFDB748A33FC12,197,,
,,2016-02-22,151,,,,,,,,,,,,,,,,,,,,,C09BA04,113,,,090545,219,,,,,FUROSEMIDI,224,,,,,,,,,FB732CC89894FC79AA985F410A607D3B,197,,
,,2023-05-23,151,,,,,,,,,,,,,,,,,,,,,D05BB02,113,,,464743,218,,,,,ESOMEPRAZOL KRKA,223,,,,,,,,,8E77FBD133875296905577BFB5814DB2,197,,
,,2020-09-09,151,,,,,,,,,,,,,,,,,,,,,G03CX01,112,,,123895,217,,,,,ROSUVASTATIINI,222,,,,,,,,,CAC413FF4E67BAE9D6F54DB6B9D8AE88,197,,
,,2017-09-17,151,,,,,,,,,,,,,,,,,,,,,A10BX07,112,,,8641,217,,,,,LANTUS SOLOSTAR,222,,,,,,,,,CA1D9BDCB663271857A605EEF511AA9C,196,,
,,2018-02-22,151,,,,,,,,,,,,,,,,,,,,,S01AE01,111,,,041140,217,,,,,FLUCLOXACILLIN ORION,222,,,,,,,,,5E98E25E4297A852BF8795A42A16F254,196,,
,,2017-09-14,151,,,,,,,,,,,,,,,,,,,,,B01AF03,110,,,29459,216,,,,,AMLODIPIN ACCORD,222,,,,,,,,,53D01EC05DF48739D63ADF7663D5A3FC,196,,
,,2017-09-12,151,,,,,,,,,,,,,,,,,,,,,B03AA07,109,,,59933,216,,,,,IMIGRAN RADIS,221,,,,,,,,,AA9114B2E594198C23E0EBCAA1B2D8AF,195,,
,,2017-10-24,151,,,,,,,,,,,,,,,,,,,,,A02BD07,108,,,521062,216,,,,,NAPROMEX,220,,,,,,,,,EE4B9035FEBFBFD0667CC0F087828E88,195,,
,,2018-02-06,151,,,,,,,,,,,,,,,,,,,,,R01AD11,108,,,029483,216,,,,,NASOFAN,220,,,,,,,,,47E925620ADFED101D298CBD9F589D42,194,,
,,2020-01-21,151,,,,,,,,,,,,,,,,,,,,,R01AD05,108,,,162658,214,,,,,RISPERIDON ORION,219,,,,,,,,,A4B8B4612D4293DDAAEAA2A45FA805C3,194,,
,,2023-08-28,151,,,,,,,,,,,,,,,,,,,,,C07FB02,106,,,137091,214,,,,,PRAVASTATIN ORION,219,,,,,,,,,FC943BF81AD885BAA706FC2084924BCD,194,,
,,2018-01-28,150,,,,,,,,,,,,,,,,,,,,,S01EE04,106,,,379058,213,,,,,NAPROMETIN,218,,,,,,,,,57EE1260C70FDA4FAE19EDCA65FEB810,193,,
,,2023-11-14,150,,,,,,,,,,,,,,,,,,,,,J01CE08,106,,,410,210,,,,,ZADITEN,217,,,,,,,,,22C26AA21E468937B00C159B4644EE70,193,,
,,2015-11-13,150,,,,,,,,,,,,,,,,,,,,,M03AX01,106,,,126949,210,,,,,SPIRIVA,217,,,,,,,,,28D2643364F2254576287934F858D71A,193,,
,,2020-03-08,150,,,,,,,,,,,,,,,,,,,,,R03BB01,104,,,573439,209,,,,,PANTOPRAZOL ACTAVIS,216,,,,,,,,,035E8902DEF460F92512028E46EB1C82,191,,
,,2021-06-01,150,,,,,,,,,,,,,,,,,,,,,N02AA01,102,,,418485,209,,,,,ALPROX,215,,,,,,,,,3F5DE0178F97BB792D552606F2A23B7C,190,,
,,2016-12-08,150,,,,,,,,,,,,,,,,,,,,,N07BA01,101,,,541084,209,,,,,GEFINA,215,,,,,,,,,F289692B4831FA920C366F8C3EEDC02F,190,,
,,2018-03-28,150,,,,,,,,,,,,,,,,,,,,,N05BE01,98,,,7009,208,,,,,PARAMAX FORTE,215,,,,,,,,,C36CB20B04C4B8BE1C94E1118CC25350,189,,
,,2023-10-04,150,,,,,,,,,,,,,,,,,,,,,J07AL01,98,,,314,207,,,,,PENTASA,215,,,,,,,,,C4CD48928E08E6C2A8C57628A62C7776,188,,
,,2016-06-14,150,,,,,,,,,,,,,,,,,,,,,A01AB03,97,,,35568,207,,,,,AZAMUN,214,,,,,,,,,696518EEBF5000DF499D79BAD7FECB01,188,,
,,2022-03-20,150,,,,,,,,,,,,,,,,,,,,,N05AB04,95,,,59951,207,,,,,DIGOXIN ORION SEMI,214,,,,,,,,,107A06F00D2A57E5E782474B1BDFA08F,188,,
,,2022-03-10,150,,,,,,,,,,,,,,,,,,,,,C09BA03,95,,,165931,206,,,,,YASMIN,214,,,,,,,,,859D6E43EF4EC13FE672634469F1ADA4,187,,
,,2019-02-04,150,,,,,,,,,,,,,,,,,,,,,N03AX18,95,,,193789,203,,,,,LINATIL COMP,213,,,,,,,,,E2A31B3547CBC31ACE01D73BB5336E9B,187,,
,,2022-12-05,150,,,,,,,,,,,,,,,,,,,,,C09BA05,94,,,481663,203,,,,,AQUALAN DUO,212,,,,,,,,,DA616DA1C9A6FB920818C5809EEE3D90,187,,
,,2020-02-19,150,,,,,,,,,,,,,,,,,,,,,H01CC01,93,,,441765,203,,,,,XYLOCAIN,211,,,,,,,,,68A08B8DA5D95A88D1493D1BF1FBC582,186,,
,,2021-09-13,150,,,,,,,,,,,,,,,,,,,,,L02BB03,93,,,42379,202,,,,,ONDANSETRON STADA,210,,,,,,,,,E14FFCD0D96B7CBA0194001C58246E7E,186,,
,,2023-09-04,150,,,,,,,,,,,,,,,,,,,,,C03EB01,93,,,72553,202,,,,,METFORMIN ACTAVIS,210,,,,,,,,,DE5957B6D2F0D2BDC24E74F6050F0246,186,,
,,2018-09-12,150,,,,,,,,,,,,,,,,,,,,,D06BB03,92,,,588574,202,,,,,FML LIQUIFILM,210,,,,,,,,,B65D0EA3E0D100EC3BD87781DFAF9583,185,,
,,2016-09-20,150,,,,,,,,,,,,,,,,,,,,,C09DX04,91,,,144493,202,,,,,SYMBICORT TURBUHALER FORTE,209,,,,,,,,,2A52AEEE6165140EEEBFF29D5BE6519F,185,,
,,2018-10-03,150,,,,,,,,,,,,,,,,,,,,,C07AA07,91,,,93047,201,,,,,SPESICOR DOS,208,,,,,,,,,795F9F7D587CD9611E7AE938B1159BFA,184,,
,,2023-04-23,150,,,,,,,,,,,,,,,,,,,,,N05CD02,90,,,155341,201,,,,,VIAGRA,208,,,,,,,,,1A3EE3768B02B2F19ABB3F0AFBC75591,183,,
,,2016-09-10,150,,,,,,,,,,,,,,,,,,,,,C03BA11,90,,,197160,201,,,,,CANDEMOX,208,,,,,,,,,074FF20A915D3F0F1FDCA623F88527CA,183,,
,,2016-09-14,150,,,,,,,,,,,,,,,,,,,,,N04AA02,90,,,495757,201,,,,,ACYRAX,207,,,,,,,,,A1CAF84FEF782EEF9434FE03ED06EE8E,183,,
,,2017-11-09,150,,,,,,,,,,,,,,,,,,,,,S01BC03,90,,,519580,200,,,,,COZAAR COMP,207,,,,,,,,,2948D865D23CAF1BE1476D8FA45F6D60,182,,
,,2021-02-01,150,,,,,,,,,,,,,,,,,,,,,R01AD59,89,,,1008,199,,,,,OMNIC,206,,,,,,,,,DC8F9D56E2777E1394D4B57CA8E1082B,182,,
,,2023-03-02,150,,,,,,,,,,,,,,,,,,,,,S01ED01,88,,,21192,199,,,,,MINIDERM,205,,,,,,,,,7603C9875D61F275FA482E925692021E,182,,
,,2018-12-09,150,,,,,,,,,,,,,,,,,,,,,R03AL06,86,,,58552,199,,,,,LEVOMEPROMAZINE ORION,204,,,,,,,,,C55692D11C5AC1B2A0BB92D0BFB599C1,182,,
,,2019-09-10,150,,,,,,,,,,,,,,,,,,,,,C08CA10,86,,,058552,199,,,,,LOSARTAN/HYDROCHLOROTHIAZIDE ORION,204,,,,,,,,,C6270A70D0C7B32E70EC0B23F49455DD,181,,
,,2019-10-08,150,,,,,,,,,,,,,,,,,,,,,M05BA07,86,,,560698,199,,,,,ABSENOR,203,,,,,,,,,970B286C199F1912963283C6B9E13238,181,,
,,2019-09-25,150,,,,,,,,,,,,,,,,,,,,,D03AX03,86,,,165975,199,,,,,LORATADIN RATIOPHARM,203,,,,,,,,,70A2E6ECA56361AA7311012363300670,181,,
,,2017-01-12,150,,,,,,,,,,,,,,,,,,,,,R01AX02,85,,,470039,197,,,,,TYRAZOL,203,,,,,,,,,CAD1A7C6822666A7503E73687BBCDB0C,181,,
,,2016-11-29,150,,,,,,,,,,,,,,,,,,,,,A10BX04,84,,,136653,197,,,,,FOLIC ACID VITABALANS,202,,,,,,,,,172AA3BA26BCE804A3EA75120FD61908,180,,
,,2020-10-03,150,,,,,,,,,,,,,,,,,,,,,R03AC12,83,,,118072,197,,,,,KLORAMFENIKOLI,202,,,,,,,,,4C0322679E5A2E4B5EBBAAE4DBF91D28,180,,
,,2017-10-04,150,,,,,,,,,,,,,,,,,,,,,S01EC01,82,,,007190,196,,,,,PRIMOLUT-NOR,201,,,,,,,,,CAFA0CDA800F6CADC913D8D7C547BE2F,180,,
,,2017-09-23,150,,,,,,,,,,,,,,,,,,,,,S01BC11,82,,,479568,196,,,,,IMOCUR,200,,,,,,,,,8EAD4937098D26938AA236A1BB436A1A,179,,
,,2018-02-25,150,,,,,,,,,,,,,,,,,,,,,N04BD01,81,,,532226,196,,,,,LOCACORTEN-VIOFORM,200,,,,,,,,,019B64CD06D47FAECBB664EAABBB1F18,179,,
,,2018-05-15,150,,,,,,,,,,,,,,,,,,,,,S01EA05,80,,,383190,196,,,,,OTIBORIN,200,,,,,,,,,211D085A0EE6C09E001368A8D87B803F,179,,
,,2015-09-02,150,,,,,,,,,,,,,,,,,,,,,G03GA02,80,,,482439,196,,,,,VALDOXAN,200,,,,,,,,,495DF89FE3D60FCDA5F386662FE99C90,179,,
,,2018-01-16,149,,,,,,,,,,,,,,,,,,,,,R03AL02,79,,,409474,195,,,,,OFTAN A-PANT,199,,,,,,,,,B0C5220169A27A2D24A2E98D60D94432,179,,
,,2017-03-09,149,,,,,,,,,,,,,,,,,,,,,A10AB06,79,,,006263,195,,,,,BUCORT,199,,,,,,,,,B74249A274E0EBB47184A2D15A8BC04F,178,,
,,2022-10-28,149,,,,,,,,,,,,,,,,,,,,,G04BD04,78,,,191423,195,,,,,ZOELY,199,,,,,,,,,D801E041B75666DBE96E559309D2628A,176,,
,,2022-09-19,149,,,,,,,,,,,,,,,,,,,,,M02AC,78,,,148564,195,,,,,LOPEX,199,,,,,,,,,BAFB8B2FA07D5A4AA66838DCA0E93B47,176,,
,,2020-03-17,149,,,,,,,,,,,,,,,,,,,,,G03AC01,77,,,413261,195,,,,,AMLODIPIN SANDOZ,198,,,,,,,,,36EF133E8BECA5273405AF9B89CA9163,175,,
,,2015-12-07,149,,,,,,,,,,,,,,,,,,,,,N05BA02,76,,,005963,195,,,,,CANDESARTAN KRKA,196,,,,,,,,,BA0DC8DCAA2AE61EBA2C5A051FB8F627,174,,
,,2021-01-19,149,,,,,,,,,,,,,,,,,,,,,G03AC08,76,,,054056,194,,,,,NOVORAPID PENFILL,196,,,,,,,,,9D4C8A439FB4C6BC038C0A9BCCBDB2EC,174,,
,,2023-09-22,149,,,,,,,,,,,,,,,,,,,,,S01FA02,76,,,019758,194,,,,,TAMBOCOR RETARD,196,,,,,,,,,BF86F1DB29F20970D71A2F7E8DDAD431,174,,
,,2023-10-29,149,,,,,,,,,,,,,,,,,,,,,H01BA02,76,,,030790,194,,,,,RAMIPRIL ORION,195,,,,,,,,,208749CE28A1929D112FFB1A0C50C62D,173,,
,,2022-03-21,149,,,,,,,,,,,,,,,,,,,,,N05AX13,75,,,445395,194,,,,,HAVRIX,195,,,,,,,,,364DFB0D6ABAFABF536802722C8ADDDE,173,,
,,2020-02-27,149,,,,,,,,,,,,,,,,,,,,,G04BD09,74,,,7190,194,,,,,ETALPHA,195,,,,,,,,,E986E700426D05DC52BF306A88EE016A,172,,
,,2022-12-13,149,,,,,,,,,,,,,,,,,,,,,L03AA14,74,,,492223,193,,,,,HYPOLOC,195,,,,,,,,,CF3E89DAF35C91DCB188BC7CB15594C0,172,,
,,2022-12-11,149,,,,,,,,,,,,,,,,,,,,,A10BD20,74,,,512891,193,,,,,LEVOCETIRIZIN RATIOPHARM,193,,,,,,,,,ABFA8173C23DD396576C8F3B702703F0,170,,
,,2020-02-29,149,,,,,,,,,,,,,,,,,,,,,N02AJ08,73,,,469452,193,,,,,AGIOCUR,193,,,,,,,,,8DA74D42FB25B5BE8768353BC3E979C1,170,,
,,2019-02-28,149,,,,,,,,,,,,,,,,,,,,,G03GA01,73,,,27169,192,,,,,COSOPT,193,,,,,,,,,02E0399856A4E320770A5818B839A81F,169,,
,,2020-02-16,149,,,,,,,,,,,,,,,,,,,,,C07AB05,72,,,501198,192,,,,,GABAPENTIN ACTAVIS,193,,,,,,,,,F8C4681E1C90FFED7B63C191C94FFA95,169,,
,,2021-09-30,149,,,,,,,,,,,,,,,,,,,,,A04AD01,71,,,000453,192,,,,,YAZ,193,,,,,,,,,C49ECD37E0E5AD5DD0321F45BA53336B,169,,
,,2017-08-10,149,,,,,,,,,,,,,,,,,,,,,L02BG06,71,,,21721,191,,,,,TAFLOTAN,192,,,,,,,,,8EA8DDB72F428E4BD2DD3F610C2A6719,168,,
,,2017-08-15,149,,,,,,,,,,,,,,,,,,,,,N06AG02,71,,,578944,190,,,,,FUCIDIN-HYDROCORTISON,192,,,,,,,,,E5A44C42D6C26F2A1AEBF477F5695542,168,,
,,2021-09-06,149,,,,,,,,,,,,,,,,,,,,,R03AL08,70,,,112495,190,,,,,EXELON,191,,,,,,,,,71E274CCA9D9076B9E666319AADA0286,168,,
,,2021-09-07,149,,,,,,,,,,,,,,,,,,,,,N06BA09,70,,,390825,189,,,,,NEUROTOL SLOW,191,,,,,,,,,9EC106E5F39CD5B99DE788B772AFF0A0,168,,
,,2017-08-25,149,,,,,,,,,,,,,,,,,,,,,A04AD12,70,,,10999,189,,,,,PERATSIN,190,,,,,,,,,DC3670E9069E59F2C0903313087883DA,168,,
,,2021-04-28,149,,,,,,,,,,,,,,,,,,,,,J07BK02,70,,,5876,189,,,,,TERBINAFIN RATIOPHARM,190,,,,,,,,,23082EBAE72081B436E0E2AAB2D8E696,167,,
,,2023-01-25,149,,,,,,,,,,,,,,,,,,,,,D10AD53,70,,,568998,189,,,,,FOLIVER,190,,,,,,,,,9E259074241601854032C4C95377773D,167,,
,,2016-10-14,149,,,,,,,,,,,,,,,,,,,,,J01DC02,69,,,31487,189,,,,,ROSUVASTATIN KRKA,188,,,,,,,,,F62D7ED5829DA8DB6201EAE710627A7A,167,,
,,2017-05-25,149,,,,,,,,,,,,,,,,,,,,,J07BC01,68,,,107414,189,,,,,ROSAZOL,187,,,,,,,,,607BD64839FB6F6A0D19C21446A0E99B,167,,
,,2019-05-11,149,,,,,,,,,,,,,,,,,,,,,C10AB05,68,,,57042,188,,,,,ENALAPRIL KRKA,187,,,,,,,,,EBF97C2EFD43D3BB8B5ECC7A5F482003,165,,
,,2019-05-12,149,,,,,,,,,,,,,,,,,,,,,C07AB08,66,,,3121,188,,,,,CIPROFLOXACIN RATIOPHARM,185,,,,,,,,,42666279AF4A7A2AD9FD72F73D5EBD78,164,,
,,2015-10-26,149,,,,,,,,,,,,,,,,,,,,,A10BD08,66,,,515148,188,,,,,TAMIFLU,184,,,,,,,,,AC715D6BCD8D7BE7558E82ACDCCAF0A7,164,,
,,2021-11-03,149,,,,,,,,,,,,,,,,,,,,,C07AG01,66,,,402343,188,,,,,ENTOCORT,184,,,,,,,,,1B6902B85E0A6CDE37367D99069A66DF,164,,
,,2021-02-15,149,,,,,,,,,,,,,,,,,,,,,N07BB04,66,,,580944,188,,,,,PAMOL,183,,,,,,,,,1C6C41DE2048E94FA859EC94ADE1FEC0,164,,
,,2019-03-03,149,,,,,,,,,,,,,,,,,,,,,L02AE04,65,,,58014,187,,,,,LOCERYL,183,,,,,,,,,E9BB045F5FA54DA0A3AC9E680ED00C7E,163,,
,,2019-03-15,149,,,,,,,,,,,,,,,,,,,,,C10AA02,65,,,535488,187,,,,,AVITCID,183,,,,,,,,,994EFC5349F39E400E466ECF8ADAB79F,163,,
,,2019-03-21,149,,,,,,,,,,,,,,,,,,,,,N05BA09,65,,,577047,187,,,,,SINEMET,182,,,,,,,,,7AE0C5755C3C74FE4B20019F2CA869C9,162,,
,,2022-11-10,149,,,,,,,,,,,,,,,,,,,,,D06BB04,65,,,36228,187,,,,,CARBALAN PLUS,181,,,,,,,,,80D68088129517EF79B49EC99C66F5E9,162,,
,,2020-11-05,149,,,,,,,,,,,,,,,,,,,,,A10BX09,65,,,49031,186,,,,,ESOMEPRAZOL RATIOPHARM,181,,,,,,,,,B6920DCD053F2FE7F41AF85E85C0109C,162,,
,,2017-07-11,149,,,,,,,,,,,,,,,,,,,,,G03DA02,65,,,16315,185,,,,,FLUTIFORM,180,,,,,,,,,C6E9AB734EF24FE0290F0F88C54796CE,162,,
,,2017-01-16,149,,,,,,,,,,,,,,,,,,,,,L01BB02,64,,,575589,184,,,,,TOUJEO,180,,,,,,,,,DF238FF1D0BEFB06A7CAA19CFA5998E3,160,,
,,2023-02-21,149,,,,,,,,,,,,,,,,,,,,,L04AB06,64,,,418673,184,,,,,OVESTIN,179,,,,,,,,,18E9AA08A2F30C1E5BB95C5C89928940,160,,
,,2016-02-16,149,,,,,,,,,,,,,,,,,,,,,A06AH03,64,,,139063,184,,,,,INDOMETIN,179,,,,,,,,,D899C836847E8076D9E6FD225D615069,159,,
,,2021-05-03,149,,,,,,,,,,,,,,,,,,,,,J07AP01,64,,,140327,183,,,,,ORIDIP,179,,,,,,,,,5677D7D228DBFDDBBC19C70248EBE405,159,,
,,2017-04-06,149,,,,,,,,,,,,,,,,,,,,,A03AX13,64,,,435387,183,,,,,ESCITALOPRAM ACCORD,179,,,,,,,,,E67EF00BE66ABE5FDEF73D3BA954347A,158,,
,,2023-05-20,149,,,,,,,,,,,,,,,,,,,,,C05AA01,63,,,010708,183,,,,,DERMOVAT SCALP,178,,,,,,,,,5A3BE630648694D3C73738714EE02E5B,158,,
,,2018-11-03,149,,,,,,,,,,,,,,,,,,,,,R01BA01,62,,,10573,183,,,,,DESOGESTREL SANDOZ,177,,,,,,,,,7FE01DAC59592A8A99326A4DFFA32892,157,,
,,2021-05-24,149,,,,,,,,,,,,,,,,,,,,,J07BK03,62,,,510564,182,,,,,OKSATSEPAAMI,177,,,,,,,,,0EC0F9175475E578452BDD63C2DA9213,157,,
,,2020-10-07,149,,,,,,,,,,,,,,,,,,,,,N05AE04,62,,,443793,180,,,,,CLOTAM,176,,,,,,,,,6693413C4E4A6415CBB1653450DDECBA,157,,
,,2019-06-07,149,,,,,,,,,,,,,,,,,,,,,B01AC07,61,,,172187,180,,,,,GABAPENTIN ACCORD,176,,,,,,,,,9DB4CE4C5A9AB0ACC5DB8A91621D91B4,157,,
,,2017-09-13,149,,,,,,,,,,,,,,,,,,,,,N07AA02,61,,,585869,180,,,,,FIASP,176,,,,,,,,,034A9063AF5CEC2E949A6C59631236E6,156,,
,,2015-01-28,149,,,,,,,,,,,,,,,,,,,,,A11EB,61,,,456128,180,,,,,EXPROS,175,,,,,,,,,9D72C5AED656F84A6E59379C4B861397,156,,
,,2020-01-26,149,,,,,,,,,,,,,,,,,,,,,N06AA06,61,,,066278,180,,,,,METOKLOPRAMIDI,175,,,,,,,,,770EF1BF2ECC7E1665366FAA773A42CA,156,,
,,2021-03-30,148,,,,,,,,,,,,,,,,,,,,,P03AC04,60,,,001008,179,,,,,GALVUS,175,,,,,,,,,AA831B4B25D068E0DC42862C761289A0,155,,
,,2018-01-26,148,,,,,,,,,,,,,,,,,,,,,D11AX21,60,,,050469,178,,,,,FEMOSTON CONTI 0,5/2,5,175,,,,,,,,,C0243B5E99D449F726F87AFD4BF0B41C,155,,
,,2018-01-25,148,,,,,,,,,,,,,,,,,,,,,L02BG03,60,,,79745,178,,,,,ISOTRETINOIN ACTAVIS,174,,,,,,,,,1E634728D2DD78AB233DC2C9DD72CDBE,155,,
,,2022-01-25,148,,,,,,,,,,,,,,,,,,,,,P02CA01,59,,,508939,178,,,,,SPORANOX,174,,,,,,,,,C0B4E47E5422C74324CEB1832F75EE71,155,,
,,2017-03-03,148,,,,,,,,,,,,,,,,,,,,,G03FA17,59,,,525154,178,,,,,COVERSYL NOVUM,174,,,,,,,,,6424F71778E922568F82390EAC74B6E2,154,,
,,2022-10-18,148,,,,,,,,,,,,,,,,,,,,,L01AX03,58,,,009385,178,,,,,FEMOSTON CONTI 1/5,174,,,,,,,,,C37A9C8126AA84E9519E241E1C1B8784,154,,
,,2017-06-01,148,,,,,,,,,,,,,,,,,,,,,N04BD02,58,,,486276,178,,,,,GASTERIX,174,,,,,,,,,199193397ED090EADE259C64498C61BC,153,,
,,2019-04-11,148,,,,,,,,,,,,,,,,,,,,,S01EC54,57,,,555979,178,,,,,RISPERIDON RATIOPHARM,173,,,,,,,,,22A5146510870560C985BFFF44989BE5,153,,
,,2022-09-28,148,,,,,,,,,,,,,,,,,,,,,N05AF05,57,,,003948,177,,,,,SERTRALIN HEXAL,173,,,,,,,,,DD173A7A571ABEAD6C4789C405F6D359,153,,
,,2022-09-29,148,,,,,,,,,,,,,,,,,,,,,R03AL03,56,,,152543,177,,,,,DIVISUN,173,,,,,,,,,B80324EA54CF36B15CFF27052CC52BCA,153,,
,,2017-06-12,148,,,,,,,,,,,,,,,,,,,,,G04BD07,56,,,436410,177,,,,,ALENDRONAT RATIOPHARM,172,,,,,,,,,4FF78C53EBE8FDB8181FF17A91A27694,151,,
,,2015-11-16,148,,,,,,,,,,,,,,,,,,,,,R03DA54,56,,,374587,177,,,,,KESTOX,172,,,,,,,,,4E6CCF4A2B1191E407DD658E8CBCC46C,151,,
,,2015-11-25,148,,,,,,,,,,,,,,,,,,,,,M01AE17,55,,,3948,176,,,,,ALMOGRAN,172,,,,,,,,,8D16DDC47D4AB5F398C75CE3AE9DE13B,151,,
,,2017-12-22,148,,,,,,,,,,,,,,,,,,,,,S01GX09,55,,,071521,176,,,,,RAMIPRIL HEXAL,171,,,,,,,,,B747F5C3BCCE3CAE38E3392E26CBEB6B,150,,
,,2017-03-18,148,,,,,,,,,,,,,,,,,,,,,G03AC03,55,,,144501,176,,,,,CELLCEPT,171,,,,,,,,,9C42F09000A0117C6A432103257C0A62,150,,
,,2016-12-13,148,,,,,,,,,,,,,,,,,,,,,L02BB04,55,,,11207,175,,,,,ACICLOVIR SANDOZ,171,,,,,,,,,4B72625910BFDBBE04FBE3CA5C95E1A8,150,,
,,2018-03-29,148,,,,,,,,,,,,,,,,,,,,,G03DC03,55,,,036228,175,,,,,SIRDALUD RETARD,170,,,,,,,,,700B15E3FA937F0DF2D997AC1EF85D7B,149,,
,,2020-02-05,148,,,,,,,,,,,,,,,,,,,,,M04AA03,54,,,10168,175,,,,,IMUREL,170,,,,,,,,,1C594561BB3061EFB61C67B7C0B795B4,149,,
,,2021-09-18,148,,,,,,,,,,,,,,,,,,,,,A10BJ01,54,,,445481,175,,,,,FLUCONAZOL KRKA,170,,,,,,,,,AB21F5D058943226CD78121D10BB8B63,148,,
,,2021-09-03,148,,,,,,,,,,,,,,,,,,,,,A07EA02,54,,,079745,175,,,,,MEDIKINET CR,169,,,,,,,,,4BC64C4BE9C19BBA214F512473812757,148,,
,,2019-08-24,148,,,,,,,,,,,,,,,,,,,,,L04AX04,54,,,086625,174,,,,,ARANESP,169,,,,,,,,,54C3E0F18A4CB1CF0026E0C22A400009,148,,
,,2017-02-16,148,,,,,,,,,,,,,,,,,,,,,A10AD05,54,,,6192,174,,,,,TRUXAL,168,,,,,,,,,0352A4E33D988992AF39923E70425596,146,,
,,2016-10-24,148,,,,,,,,,,,,,,,,,,,,,A06AG11,53,,,593301,174,,,,,MIRTAZAPIN RATIOPHARM,168,,,,,,,,,52540CFC12F1A9E5141086D4D6C7922E,145,,
,,2016-10-02,148,,,,,,,,,,,,,,,,,,,,,D10AD03,53,,,058014,174,,,,,MONOPROST,167,,,,,,,,,6ED141BA4D6E21E488DF4428B81886F8,145,,
,,2018-09-29,148,,,,,,,,,,,,,,,,,,,,,J01MA06,53,,,087304,173,,,,,CYKLOKAPRON,167,,,,,,,,,6653F5334227774E703652E5D9F92E63,145,,
,,2017-05-02,148,,,,,,,,,,,,,,,,,,,,,V03AE01,52,,,490174,173,,,,,DIUREX,167,,,,,,,,,E3B635DB1F960F76C23A72289B0B98E5,145,,
,,2016-09-01,148,,,,,,,,,,,,,,,,,,,,,H01CA02,52,,,10708,173,,,,,MELATONIINI 3MG,166,,,,,,,,,F2753145A213F8203C711602101CF43B,144,,
,,2017-11-07,148,,,,,,,,,,,,,,,,,,,,,M05BA06,52,,,005494,173,,,,,MERCILON,165,,,,,,,,,52A6548F24790C672E3E55564BD48BF9,144,,
,,2021-02-04,148,,,,,,,,,,,,,,,,,,,,,J07BL01,51,,,461948,172,,,,,ANTABUS,165,,,,,,,,,F38EBF76B76BEAF70B907161A83A77EB,144,,
,,2023-03-09,148,,,,,,,,,,,,,,,,,,,,,H05BX01,51,,,584854,172,,,,,AMARYL,165,,,,,,,,,951C3D96D6874BD491FD29A1A11C7545,144,,
,,2023-03-16,148,,,,,,,,,,,,,,,,,,,,,N01BB20,51,,,75514,172,,,,,ROXITHROMYCIN SANDOZ,165,,,,,,,,,2790329CB6495FF16B35C06491C1FA62,144,,
,,2015-03-17,148,,,,,,,,,,,,,,,,,,,,,H02AA02,50,,,085792,172,,,,,DUPHALAC,164,,,,,,,,,62032592E421B4FC048582C48669C9EA,144,,
,,2023-06-08,148,,,,,,,,,,,,,,,,,,,,,D01AC01,50,,,156506,172,,,,,DUROGESIC,164,,,,,,,,,875A056844665E3EA05C28D62B32F149,143,,
,,2019-03-05,148,,,,,,,,,,,,,,,,,,,,,A10BD15,50,,,122518,171,,,,,TERBINAFIN HEXAL,164,,,,,,,,,3C77E8D90ECFD60686520083B7C657F4,143,,
,,2019-09-12,148,,,,,,,,,,,,,,,,,,,,,B03XA03,50,,,107035,170,,,,,ENCEPUR,164,,,,,,,,,BDB70DC085C391DBE5C6154533617AC4,143,,
,,2019-09-30,148,,,,,,,,,,,,,,,,,,,,,A10BX02,50,,,13353,170,,,,,ATROVENT COMP. ECO,163,,,,,,,,,4E281058E71776A2BB3A5A9D24A15072,143,,
,,2019-10-17,148,,,,,,,,,,,,,,,,,,,,,List truncated...,,,,010168,170,,,,,CLOPIDOGREL ORION,163,,,,,,,,,574B249E9E142EFFFFE1CE74E5D885B3,143,,
,,2019-10-13,148,,,,,,,,,,,,,,,,,,,,,,,,,151852,169,,,,,MONTELUKAST ACCORD,162,,,,,,,,,E240B8E45234C156E764A16E4113FB14,143,,
,,2018-11-15,148,,,,,,,,,,,,,,,,,,,,,,,,,556936,167,,,,,DESLORATADIN MYLAN,162,,,,,,,,,06E022AC0A4B1AEDC77C2AB61627A1AC,143,,
,,2023-05-21,148,,,,,,,,,,,,,,,,,,,,,,,,,524348,167,,,,,AVELOX,162,,,,,,,,,B2F14448987F92F089A93DBC12752641,143,,
,,2017-04-21,148,,,,,,,,,,,,,,,,,,,,,,,,,67728,167,,,,,DIVIGEL,161,,,,,,,,,7F90B6D81EED0332D8A3A75FC4F4A480,142,,
,,2017-04-29,148,,,,,,,,,,,,,,,,,,,,,,,,,555872,167,,,,,EXFORGE HCT,161,,,,,,,,,CE3EFCF76D2C2107AD331B45147CEBFD,142,,
,,2017-04-23,148,,,,,,,,,,,,,,,,,,,,,,,,,106104,167,,,,,NEBIDO,161,,,,,,,,,0E438FC39438BE9357B43F21D0C00B79,142,,
,,2021-05-18,148,,,,,,,,,,,,,,,,,,,,,,,,,195537,166,,,,,TRIMETIN,160,,,,,,,,,82D41CE71FDA71950805CF50D67303A0,142,,
,,2020-09-14,148,,,,,,,,,,,,,,,,,,,,,,,,,408221,166,,,,,AZONA,159,,,,,,,,,346B58057722464DA7F64F423A880CA0,141,,
,,2019-06-03,148,,,,,,,,,,,,,,,,,,,,,,,,,555185,166,,,,,HIRUDOID FORTE,159,,,,,,,,,51A82B17571A7873EE14E5A8B5CCE6F7,141,,
,,2017-10-18,148,,,,,,,,,,,,,,,,,,,,,,,,,082040,166,,,,,ACTIVELLE,159,,,,,,,,,8F547107631018A6B7A85A64AA17BBAD,141,,
,,2021-12-16,148,,,,,,,,,,,,,,,,,,,,,,,,,87304,166,,,,,MOVICOL,158,,,,,,,,,D4407D66D23236E8F085C3BE7D157E3A,141,,
,,2017-09-10,148,,,,,,,,,,,,,,,,,,,,,,,,,386823,166,,,,,SIR. EPHEDRIN,158,,,,,,,,,B8389B1A343E77D4524FD1C6EE039FAD,140,,
,,2019-01-15,148,,,,,,,,,,,,,,,,,,,,,,,,,001115,165,,,,,SLINDA,157,,,,,,,,,5B307D81B9E11211411179D3BA3C54BC,140,,
,,2018-02-10,148,,,,,,,,,,,,,,,,,,,,,,,,,418144,165,,,,,ARDINEX,157,,,,,,,,,5A2D5763D224FEA5344520D95E3E5A3B,140,,
,,2018-01-11,147,,,,,,,,,,,,,,,,,,,,,,,,,008641,164,,,,,LISINOPRIL ORION,156,,,,,,,,,B597C8CF56928D38E56BC3DC7D9A3F9E,140,,
,,2022-10-17,147,,,,,,,,,,,,,,,,,,,,,,,,,035568,164,,,,,PANADOL,156,,,,,,,,,57D6CC5D98F6AB5ED3FE36E11E06D621,139,,
,,2020-12-15,147,,,,,,,,,,,,,,,,,,,,,,,,,30252,163,,,,,CIPROFLOXACIN KRKA,156,,,,,,,,,9601E2640E407E152E66625C4A0B486C,139,,
,,2019-04-28,147,,,,,,,,,,,,,,,,,,,,,,,,,108221,163,,,,,GLUCAGEN,155,,,,,,,,,43683505FFB04B403C5042CD70F29438,139,,
,,2017-06-02,147,,,,,,,,,,,,,,,,,,,,,,,,,017409,163,,,,,XELEVIA,154,,,,,,,,,16CBB390628E2D3A9B31EB2A41EA66DD,139,,
,,2018-04-13,147,,,,,,,,,,,,,,,,,,,,,,,,,000410,163,,,,,LUGESTERON,154,,,,,,,,,789DEA99DF2D0A9F88ED5B2E0E641A97,139,,
,,2018-04-05,147,,,,,,,,,,,,,,,,,,,,,,,,,478479,162,,,,,TSOPIKLONI,154,,,,,,,,,3DA6E33B832204CBFFC19F87694488B4,139,,
,,2017-12-27,147,,,,,,,,,,,,,,,,,,,,,,,,,083993,162,,,,,LETROZOL ACCORD,154,,,,,,,,,2A01416425978D1EDBF123A64693179B,139,,
,,2017-12-29,147,,,,,,,,,,,,,,,,,,,,,,,,,197848,162,,,,,PRATSIOL,154,,,,,,,,,C165DF5756A6596509BD5050585C0EBE,138,,
,,2019-11-18,147,,,,,,,,,,,,,,,,,,,,,,,,,10603,162,,,,,BRILIQUE,153,,,,,,,,,0C5916958BB878B3A6C0441DA9E2F5FC,138,,
,,2019-11-15,147,,,,,,,,,,,,,,,,,,,,,,,,,511839,162,,,,,MAKROGOLI,152,,,,,,,,,FB470F4180879EBF3BDAC57DF88603BF,138,,
,,2020-03-02,147,,,,,,,,,,,,,,,,,,,,,,,,,154320,162,,,,,CARDIOL,151,,,,,,,,,0373457F2F741800A75F4679535DA07E,138,,
,,2017-03-20,147,,,,,,,,,,,,,,,,,,,,,,,,,021192,162,,,,,APOBASE OILY CREME,151,,,,,,,,,BA758E836FCB84C760919613A2B1EEC6,138,,
,,2017-03-30,147,,,,,,,,,,,,,,,,,,,,,,,,,54056,162,,,,,GONAL-F,151,,,,,,,,,B0F23362554560A6687E89A079E81571,137,,
,,2015-12-10,147,,,,,,,,,,,,,,,,,,,,,,,,,149397,162,,,,,OXYCODONE RATIOPHARM,151,,,,,,,,,10475D536A408D61AD41B597C3A3B2F1,137,,
,,2017-08-30,147,,,,,,,,,,,,,,,,,,,,,,,,,169766,162,,,,,KALIUMKLORIDI,150,,,,,,,,,03FF4F1C442043FDF8BA732EDB102129,137,,
,,2023-09-28,147,,,,,,,,,,,,,,,,,,,,,,,,,146560,161,,,,,RETAFYLLIN,149,,,,,,,,,3545A178E8628DA84E6B235A645DC3AD,137,,
,,2023-09-29,147,,,,,,,,,,,,,,,,,,,,,,,,,485449,161,,,,,ROSUVASTATIN RATIOPHARM,149,,,,,,,,,533AACF3777786BAA032B7446BE58B69,136,,
,,2023-10-22,147,,,,,,,,,,,,,,,,,,,,,,,,,565366,161,,,,,ESOMEPRAZOL SANDOZ,149,,,,,,,,,BC394603789E4DF73B629BECBA5CD2CD,136,,
,,2020-02-04,147,,,,,,,,,,,,,,,,,,,,,,,,,108562,161,,,,,LOSARTAN/HYDROCHLOROTHIAZIDE KRKA,149,,,,,,,,,C57E014110C8E3AA3604FCF93F213D70,135,,
,,2022-12-19,147,,,,,,,,,,,,,,,,,,,,,,,,,577932,160,,,,,APOBASE CREME,149,,,,,,,,,696C6C43177625E3C66339CDC5004FE7,135,,
,,2020-02-06,147,,,,,,,,,,,,,,,,,,,,,,,,,066588,160,,,,,OVITRELLE,148,,,,,,,,,B9D0AEDD89135764081C436D85C134A5,134,,
,,2021-10-08,147,,,,,,,,,,,,,,,,,,,,,,,,,010966,159,,,,,TAMOFEN,148,,,,,,,,,40F9862B472E292386440AE0F9147E17,134,,
,,2018-06-07,147,,,,,,,,,,,,,,,,,,,,,,,,,552620,159,,,,,LESCOL DEPOT,148,,,,,,,,,0F0B6B95E688CB7D4C3A2DF0061E1E8F,134,,
,,2019-08-28,147,,,,,,,,,,,,,,,,,,,,,,,,,564623,159,,,,,KANDESARTAANI,146,,,,,,,,,3322B5D2D6A73C4CECE86A0B04A471BD,134,,
,,2021-04-07,147,,,,,,,,,,,,,,,,,,,,,,,,,155333,159,,,,,COTRIM FORTE,146,,,,,,,,,72657500A02D75B3006BE7326A4BED3D,134,,
,,2017-02-02,147,,,,,,,,,,,,,,,,,,,,,,,,,540229,159,,,,,NITROSID,145,,,,,,,,,5DABCF6E98E9ED7D1C4391D2ECCECF33,133,,
,,2023-01-31,147,,,,,,,,,,,,,,,,,,,,,,,,,67587,158,,,,,METFORMIINI,145,,,,,,,,,E339A982CE35176DC1D068C576735296,133,,
,,2017-05-12,147,,,,,,,,,,,,,,,,,,,,,,,,,532945,158,,,,,BETOLVEX,145,,,,,,,,,48558E3893493687172CFDF41862398B,132,,
,,2022-08-23,147,,,,,,,,,,,,,,,,,,,,,,,,,001659,158,,,,,XANOR DEPOT,145,,,,,,,,,A45631E06B3C009598E02BC6CDC13B62,132,,
,,2022-08-28,147,,,,,,,,,,,,,,,,,,,,,,,,,64818,158,,,,,PROTAPHANE FLEXPEN,145,,,,,,,,,631F1740D54A25F9F5A426AB3CCA55D6,132,,
,,2022-05-06,147,,,,,,,,,,,,,,,,,,,,,,,,,182559,158,,,,,SCHERIPROCT NEO KOMBI,145,,,,,,,,,00A4AD51169A6902F74B8DF940171E71,132,,
,,2017-11-27,147,,,,,,,,,,,,,,,,,,,,,,,,,067587,158,,,,,VENLAFAKSIINI,145,,,,,,,,,5F2CFD311D16C58C7619A85DD3FB3497,132,,
,,2022-05-24,147,,,,,,,,,,,,,,,,,,,,,,,,,67579,157,,,,,LOCOID CRELO,144,,,,,,,,,013B419871A365CBEDC2FB19CE8CF87D,132,,
,,2022-05-17,147,,,,,,,,,,,,,,,,,,,,,,,,,048181,157,,,,,TEMGESIC,143,,,,,,,,,30A6533D5262704249F5B7506BB277A0,131,,
,,2018-12-05,147,,,,,,,,,,,,,,,,,,,,,,,,,176263,157,,,,,PIVMESILLINAAMI,142,,,,,,,,,1657773E3A16759E009F1A6D967BC3B7,131,,
,,2019-03-12,147,,,,,,,,,,,,,,,,,,,,,,,,,586545,157,,,,,ASA-RATIOPHARM,141,,,,,,,,,6BEBE633F64BD29B623109ABC5BA9CB4,131,,
,,2020-11-25,147,,,,,,,,,,,,,,,,,,,,,,,,,508886,157,,,,,HIPEKSAL,141,,,,,,,,,43ED6BB2FD721485592705AB30073E76,131,,
,,2019-09-23,147,,,,,,,,,,,,,,,,,,,,,,,,,459404,156,,,,,BACTROBAN NASAL,140,,,,,,,,,CDF625B1BA7A1E8B3CC7F59F87EB1BFF,131,,
,,2019-09-21,147,,,,,,,,,,,,,,,,,,,,,,,,,5436,156,,,,,AKYNZEO,140,,,,,,,,,6BBB1F9C0A78B23B1AB0D763032EEE9E,131,,
,,2019-09-27,147,,,,,,,,,,,,,,,,,,,,,,,,,93021,156,,,,,LETROZOL RATIOPHARM,140,,,,,,,,,67965478E58068E73BFE9CC17EFC93D4,130,,
,,2017-01-15,147,,,,,,,,,,,,,,,,,,,,,,,,,462283,156,,,,,DUCRESSA,139,,,,,,,,,78D45220A6E81671A01EA0DED6A87FF8,130,,
,,2023-02-24,147,,,,,,,,,,,,,,,,,,,,,,,,,096716,156,,,,,NIZORAL,138,,,,,,,,,5811E907FC51E3D7B4F772025234E564,129,,
,,2019-10-26,147,,,,,,,,,,,,,,,,,,,,,,,,,370079,155,,,,,GESTINYL,138,,,,,,,,,FC864EDEFBAFBA0EC8993D4AF03B93A7,129,,
,,2018-11-29,147,,,,,,,,,,,,,,,,,,,,,,,,,190322,155,,,,,PHYSIOTENS,137,,,,,,,,,5F491AB36842275ED7ACD50479A15418,129,,
,,2023-02-27,147,,,,,,,,,,,,,,,,,,,,,,,,,574831,155,,,,,MINISUN,137,,,,,,,,,789D33CB54EAA30E140EF5A6E442ABA0,129,,
,,2018-11-13,147,,,,,,,,,,,,,,,,,,,,,,,,,519994,154,,,,,DIKLOFENAAKKI,137,,,,,,,,,2B51FDC84C758064850E8AEC06BD47D6,128,,
,,2018-11-19,147,,,,,,,,,,,,,,,,,,,,,,,,,165824,154,,,,,ARIPIPRAZOL KRKA,136,,,,,,,,,D94CEC2CF2FAF6B956CB9A3101E786B2,128,,
,,2018-11-17,147,,,,,,,,,,,,,,,,,,,,,,,,,478719,153,,,,,CANDESARTAN/HYDROCHLOROTHIAZIDE ORION,136,,,,,,,,,71D9CDB8055AAD61293EBF26BA4F10ED,128,,
,,2017-01-06,147,,,,,,,,,,,,,,,,,,,,,,,,,582717,153,,,,,TRAMADOL/PARACETAMOL KRKA,136,,,,,,,,,5C08DF6E3CBCB70745D1C1F0D5B8E4DC,127,,
,,2023-05-11,147,,,,,,,,,,,,,,,,,,,,,,,,,429027,153,,,,,SERENASE,136,,,,,,,,,A3330BAEDBF00BF436721B294B13E9F4,127,,
,,2023-05-27,147,,,,,,,,,,,,,,,,,,,,,,,,,510642,153,,,,,TOPIMAX,136,,,,,,,,,0F29901ACB3E3D58E7A7AE85B1F432DE,127,,
,,2020-09-13,147,,,,,,,,,,,,,,,,,,,,,,,,,443135,153,,,,,QLAIRA,135,,,,,,,,,E0495F4AFAEB3776195CDD579555CC4F,127,,
,,2020-10-12,147,,,,,,,,,,,,,,,,,,,,,,,,,166377,153,,,,,SILDENAFIILI,135,,,,,,,,,8259737B727943C443EE3B98E52D4651,127,,
,,2020-09-22,147,,,,,,,,,,,,,,,,,,,,,,,,,117341,152,,,,,EVOREL CONTI,135,,,,,,,,,30EC43B5A8E2F7543E75202961CCECDE,126,,
,,2017-09-29,147,,,,,,,,,,,,,,,,,,,,,,,,,067579,152,,,,,CERADERM,134,,,,,,,,,CB64E26C6C20A450898543509193C70B,126,,
,,2016-05-20,147,,,,,,,,,,,,,,,,,,,,,,,,,073048,151,,,,,ENALAPRIL-RATIOPHARM,134,,,,,,,,,C16721417505FA6BC06FEE17DA5AF116,126,,
,,2020-01-22,147,,,,,,,,,,,,,,,,,,,,,,,,,1115,151,,,,,SKINOREN,134,,,,,,,,,BB3E2253210CF1E28903C3996A545E1D,126,,
,,2018-05-26,147,,,,,,,,,,,,,,,,,,,,,,,,,037669,151,,,,,HYPROSAN,134,,,,,,,,,0E69821AC97413340647342C38C269C6,126,,
,,2022-10-16,146,,,,,,,,,,,,,,,,,,,,,,,,,444844,151,,,,,CALCICHEW APPELSIINI,134,,,,,,,,,DA509C6BE20EA528DB95655800984888,126,,
,,2019-04-22,146,,,,,,,,,,,,,,,,,,,,,,,,,054829,151,,,,,MELATONIINI 3 MG,133,,,,,,,,,BA05AB3011043DA77ACF72E5A2EA9138,125,,
,,2022-09-22,146,,,,,,,,,,,,,,,,,,,,,,,,,148251,151,,,,,SILDENAFIL RATIOPHARM,132,,,,,,,,,44E7C050B87444DA22524DF467535EBF,125,,
,,2022-06-08,146,,,,,,,,,,,,,,,,,,,,,,,,,490276,150,,,,,ADALAT OROS,132,,,,,,,,,F57102EF8B4C6604B9DFFC9FBF94DBB2,124,,
,,2018-04-20,146,,,,,,,,,,,,,,,,,,,,,,,,,075524,150,,,,,VALSARTAN ACTAVIS,132,,,,,,,,,402740B955956ACAD4665E0E453ABDEA,123,,
,,2019-11-05,146,,,,,,,,,,,,,,,,,,,,,,,,,498529,150,,,,,ESSEX,132,,,,,,,,,628578AC7CF615D88EF78FCE9FD93B4A,123,,
,,2017-12-01,146,,,,,,,,,,,,,,,,,,,,,,,,,445888,150,,,,,COZAAR COMP FORTE,131,,,,,,,,,F051EC05AB0AFE3A12D3809C42491D3B,123,,
,,2017-12-06,146,,,,,,,,,,,,,,,,,,,,,,,,,8050,150,,,,,REVITELLE,131,,,,,,,,,D2D805FCC37AA130CC7C61E35EDE4090,123,,
,,2019-11-25,146,,,,,,,,,,,,,,,,,,,,,,,,,175356,150,,,,,EMCONCOR COMP,131,,,,,,,,,C07FDC252A19DDA8F80F6CD1D3763139,123,,
,,2021-06-02,146,,,,,,,,,,,,,,,,,,,,,,,,,478818,149,,,,,MEDIPAM,131,,,,,,,,,920F7DEDE5D7BFFAB731E41FBC5B9736,123,,
,,2021-01-22,146,,,,,,,,,,,,,,,,,,,,,,,,,124743,149,,,,,ATORVASTATIN RATIOPHARM,131,,,,,,,,,83AF6FD49476D7B6A3D53317B382BC89,122,,
,,2023-10-08,146,,,,,,,,,,,,,,,,,,,,,,,,,545467,149,,,,,AZITHROMYCIN RATIOPHARM,131,,,,,,,,,39D5552E0036EA7747C844805B337751,122,,
,,2023-10-15,146,,,,,,,,,,,,,,,,,,,,,,,,,53563,148,,,,,ARAVA,131,,,,,,,,,8D246AEB7DDB60E389FA9352C9250888,122,,
,,2022-12-07,146,,,,,,,,,,,,,,,,,,,,,,,,,008050,148,,,,,NYSTATIN ORIFARM,130,,,,,,,,,BA1EB3828BB571BB572E4CBA3220D526,122,,
,,2022-12-26,146,,,,,,,,,,,,,,,,,,,,,,,,,93284,148,,,,,ENALAPRIL COMP ORION,129,,,,,,,,,5D51FC846472A971439423A0B45E638F,121,,
,,2020-02-13,146,,,,,,,,,,,,,,,,,,,,,,,,,025856,148,,,,,SETIRITSIINI,129,,,,,,,,,2381F81892C7FE7FCFB05C38F1D572BB,121,,
,,2021-10-19,146,,,,,,,,,,,,,,,,,,,,,,,,,484953,148,,,,,LUMIGAN,129,,,,,,,,,97B486552A665BCFA2DB9673C554FF3F,120,,
,,2021-09-11,146,,,,,,,,,,,,,,,,,,,,,,,,,109586,147,,,,,VERPAMIL,128,,,,,,,,,D968A16366F3AD4BB7F308B1226F5C38,120,,
,,2017-02-18,146,,,,,,,,,,,,,,,,,,,,,,,,,374231,147,,,,,ZECLAR OD,128,,,,,,,,,2D0FB93C61BBC151E2CD6E1492CBA5FB,120,,
,,2018-09-27,146,,,,,,,,,,,,,,,,,,,,,,,,,195446,147,,,,,SUMATRIPTAN TEVA,128,,,,,,,,,A57D95ED7617A0DC89210507E574718F,120,,
,,2017-05-09,146,,,,,,,,,,,,,,,,,,,,,,,,,575621,147,,,,,XALCOM,127,,,,,,,,,82C2A627B96E4DA0E2BA7615157D8DA9,120,,
,,2019-05-13,146,,,,,,,,,,,,,,,,,,,,,,,,,085860,147,,,,,AIROMIR AUTOHALER,127,,,,,,,,,B45E3BCE67FD41B8F49CF0288AAED3CA,119,,
,,2019-05-24,146,,,,,,,,,,,,,,,,,,,,,,,,,404541,146,,,,,LOCACORTEN VIOFORM,127,,,,,,,,,DDC82965E1DA6A14C8CAF9438695D1D4,119,,
,,2016-09-13,146,,,,,,,,,,,,,,,,,,,,,,,,,101953,146,,,,,CORDARONE,127,,,,,,,,,8E26232B9D6AA0A9DADCBE634C19C168,119,,
,,2017-11-05,146,,,,,,,,,,,,,,,,,,,,,,,,,21179,146,,,,,TRIMBOW,126,,,,,,,,,5F9F191BFA40E3DC869A860FDD59E12D,119,,
,,2019-12-03,146,,,,,,,,,,,,,,,,,,,,,,,,,175919,146,,,,,DULOXETIN STADA,126,,,,,,,,,D2457197E5F546C086A4FE774EE1C8A3,119,,
,,2023-03-07,146,,,,,,,,,,,,,,,,,,,,,,,,,565473,146,,,,,CANESTEN,125,,,,,,,,,16B229BE7649B323F3B95ACCEE4813D8,118,,
,,2018-12-04,146,,,,,,,,,,,,,,,,,,,,,,,,,568899,145,,,,,DESLORATADIINI,125,,,,,,,,,E0E53C05A7AE5887A325C05E7FC13237,118,,
,,2022-02-14,146,,,,,,,,,,,,,,,,,,,,,,,,,011547,145,,,,,NEUROBION FORTE,124,,,,,,,,,C76219B42D1F0F86ED057EE979835839,118,,
,,2022-11-04,146,,,,,,,,,,,,,,,,,,,,,,,,,059933,144,,,,,CREON 25 000,124,,,,,,,,,69353DC24DD019CBD4A24491D4AA28D4,118,,
,,2022-11-09,146,,,,,,,,,,,,,,,,,,,,,,,,,454367,144,,,,,VAXIGRIPTETRA,124,,,,,,,,,B0EA0A0E916EC5BB2424A0445EBCA3F5,118,,
,,2020-11-09,146,,,,,,,,,,,,,,,,,,,,,,,,,560623,144,,,,,MUCOMYST,124,,,,,,,,,78EF7B7CBEED1622750D6CB774FB5D7C,117,,
,,2019-09-06,146,,,,,,,,,,,,,,,,,,,,,,,,,160972,143,,,,,DIGOXIN ORION MITE,124,,,,,,,,,293648DAD8DBF38E1CE594F24FC67548,117,,
,,2023-02-26,146,,,,,,,,,,,,,,,,,,,,,,,,,592759,143,,,,,XGEVA,123,,,,,,,,,44C82D3B0B9813B89EDC481D79D32E35,117,,
,,2019-10-30,146,,,,,,,,,,,,,,,,,,,,,,,,,183582,141,,,,,HIDRASEC,122,,,,,,,,,060C76FEBCF39C9EFF3CB7FCDFD5E561,116,,
,,2017-01-03,146,,,,,,,,,,,,,,,,,,,,,,,,,586578,141,,,,,ELMEX,122,,,,,,,,,EA4EA8CABBB312ECDF35ABA311EED838,116,,
,,2017-01-04,146,,,,,,,,,,,,,,,,,,,,,,,,,018532,141,,,,,FOOLIHAPPO,122,,,,,,,,,0AD1EC488710C1093435EC641F5050E3,116,,
,,2016-02-24,146,,,,,,,,,,,,,,,,,,,,,,,,,432934,141,,,,,ESSITALOPRAAMI,122,,,,,,,,,AEBEFF16EB9FC8F9EE1018E63D6BE136,116,,
,,2016-11-07,146,,,,,,,,,,,,,,,,,,,,,,,,,176622,141,,,,,ENANTON DEPOT DUAL,122,,,,,,,,,B07D8EB4CF1C677EE6219272ED9659B3,115,,
,,2017-04-04,146,,,,,,,,,,,,,,,,,,,,,,,,,586933,141,,,,,RISPERIDON KRKA,122,,,,,,,,,A16624BE90213306A62119F3B65F5364,115,,
,,2016-11-08,146,,,,,,,,,,,,,,,,,,,,,,,,,29483,140,,,,,DORMIX,121,,,,,,,,,5BDF3B07980E8F4927F0C27678946D30,115,,
,,2017-04-09,146,,,,,,,,,,,,,,,,,,,,,,,,,467867,140,,,,,BISOPROLOL SANDOZ,121,,,,,,,,,B5D8900C34AD349E1E9BC87CEF88AF9C,115,,
,,2023-05-13,146,,,,,,,,,,,,,,,,,,,,,,,,,376235,140,,,,,GANFORT,120,,,,,,,,,2302937F2233A2C7877570F63572AD63,114,,
,,2023-05-31,146,,,,,,,,,,,,,,,,,,,,,,,,,5244,140,,,,,COMFORA,120,,,,,,,,,FC456FDC7803FD06668ED7F4D2F0B24B,114,,
,,2016-11-19,146,,,,,,,,,,,,,,,,,,,,,,,,,154739,140,,,,,MADOPAR,120,,,,,,,,,695FC5CFDD6CDF1FBD9532D8C0AA9B01,114,,
,,2021-05-21,146,,,,,,,,,,,,,,,,,,,,,,,,,558361,140,,,,,LEVEMIR PENFILL,120,,,,,,,,,8F4D092B81F675709409E896A5505367,114,,
,,2020-09-10,146,,,,,,,,,,,,,,,,,,,,,,,,,551994,139,,,,,LOSARTAANI,119,,,,,,,,,885A079B666868BC1D879156394C8E8E,113,,
,,2017-09-16,146,,,,,,,,,,,,,,,,,,,,,,,,,401851,139,,,,,ORICYCLIN,119,,,,,,,,,3C626BF40F492E497EB24477DAC1669E,113,,
,,2016-05-12,146,,,,,,,,,,,,,,,,,,,,,,,,,005932,139,,,,,CERIDAL LIPOLOTION,119,,,,,,,,,09AE71440871678A7578B1A51D5354C8,113,,
,,2017-09-01,146,,,,,,,,,,,,,,,,,,,,,,,,,102509,139,,,,,TOVIAZ,119,,,,,,,,,EEDB68524A10565250A64553A74B6AA5,113,,
,,2017-09-11,146,,,,,,,,,,,,,,,,,,,,,,,,,18532,138,,,,,ESOMEPRATSOLI,119,,,,,,,,,141533CB07ACDE33B3B965905327771C,113,,
,,2018-02-16,146,,,,,,,,,,,,,,,,,,,,,,,,,460378,138,,,,,ZOFRAN ZYDIS,119,,,,,,,,,93C31B8DD1A6B8AEC96A62B3D8BE63F4,112,,
,,2021-08-18,146,,,,,,,,,,,,,,,,,,,,,,,,,021721,138,,,,,TRIMETOPRIIMI,119,,,,,,,,,D9EED3E7074B71D573809785E94EF6AD,112,,
,,2016-12-29,145,,,,,,,,,,,,,,,,,,,,,,,,,467421,138,,,,,KETO,118,,,,,,,,,10E6750D41B4FE37C55111558A77F082,112,,
,,2021-03-17,145,,,,,,,,,,,,,,,,,,,,,,,,,493302,138,,,,,TOUJEO SOLOSTAR,118,,,,,,,,,97929EB300370F6FCC48E5EAFE493DB9,112,,
,,2021-03-10,145,,,,,,,,,,,,,,,,,,,,,,,,,016315,138,,,,,AEROBEC AUTOHALER,118,,,,,,,,,F87CC05A5340A327C88263C40572E989,112,,
,,2022-10-12,145,,,,,,,,,,,,,,,,,,,,,,,,,068579,137,,,,,DONAXYL,117,,,,,,,,,D139B6F3CB1B3E75C1D050612F093058,112,,
,,2020-12-06,145,,,,,,,,,,,,,,,,,,,,,,,,,017218,137,,,,,FRAGMIN,117,,,,,,,,,3B5B7D21D88877F04E03CFDE1ACB1ADE,112,,
,,2020-12-14,145,,,,,,,,,,,,,,,,,,,,,,,,,010603,137,,,,,ZOMIG RAPIMELT,116,,,,,,,,,B739ACF91D062D7C1DFE6A2C31F9CDA6,111,,
,,2020-12-03,145,,,,,,,,,,,,,,,,,,,,,,,,,085969,137,,,,,HUMIRA,116,,,,,,,,,7EBA794A6447C2DB69366040DFEE3212,111,,
,,2022-09-10,145,,,,,,,,,,,,,,,,,,,,,,,,,011282,137,,,,,ETORICOXIB MYLAN,116,,,,,,,,,A22CBA911D07A5C9F65B0846A7BBB38E,111,,
,,2023-07-04,145,,,,,,,,,,,,,,,,,,,,,,,,,79061,137,,,,,ATROVENT NASAL,116,,,,,,,,,6A61EA53CA06A7EBFDE6AE4B0A033E40,111,,
,,2022-06-24,145,,,,,,,,,,,,,,,,,,,,,,,,,555987,137,,,,,COVERAM,116,,,,,,,,,02AE1816F4F874DF4CB2A14511CBEC02,111,,
,,2018-04-18,145,,,,,,,,,,,,,,,,,,,,,,,,,597764,137,,,,,BUPRENORFIINI,116,,,,,,,,,ED81D49204EC87A995EA6B8612D6CF4F,110,,
,,2017-12-21,145,,,,,,,,,,,,,,,,,,,,,,,,,411918,137,,,,,DILZEM,116,,,,,,,,,2F7F9BB02A1117604C194B63266599CC,110,,
,,2019-11-14,145,,,,,,,,,,,,,,,,,,,,,,,,,484664,136,,,,,PARAMAX-COD,115,,,,,,,,,DA115852285D9D64618A85E766CAE42A,110,,
,,2020-03-14,145,,,,,,,,,,,,,,,,,,,,,,,,,21345,136,,,,,ROXITHROMYCIN ORIFARM,115,,,,,,,,,ED36CD00792A86A5D8493262010FF829,110,,
,,2017-03-27,145,,,,,,,,,,,,,,,,,,,,,,,,,029426,136,,,,,TRULICITY,115,,,,,,,,,BA2628E869706B3C5392B1BFEF5D3267,110,,
,,2021-01-21,145,,,,,,,,,,,,,,,,,,,,,,,,,190519,135,,,,,ALDARA,115,,,,,,,,,B3C48D6D32BE103E51E742227CB934BE,110,,
,,2015-12-02,145,,,,,,,,,,,,,,,,,,,,,,,,,490425,135,,,,,TOLVON,115,,,,,,,,,43C51EC408DDF3625AB157C9608CE45A,109,,
,,2023-09-14,145,,,,,,,,,,,,,,,,,,,,,,,,,185660,135,,,,,CANDESARTAN/HYDROCHLOROTHIAZIDE KRKA,115,,,,,,,,,3CA5AE6C9405CAC573EBBD4D19A450AC,109,,
,,2022-03-22,145,,,,,,,,,,,,,,,,,,,,,,,,,093021,135,,,,,LAMISIL,115,,,,,,,,,6D162C8E56934F377758547BD4D57B43,108,,
,,2022-03-03,145,,,,,,,,,,,,,,,,,,,,,,,,,545368,135,,,,,ADVAGRAF,114,,,,,,,,,9126FB3F1379D1CA48AC825CA0440289,108,,
,,2020-02-21,145,,,,,,,,,,,,,,,,,,,,,,,,,005876,135,,,,,OXYRATIO,114,,,,,,,,,4E19CE6BC679146CB671B262EB181D2C,108,,
,,2022-12-20,145,,,,,,,,,,,,,,,,,,,,,,,,,81183,135,,,,,AZITHROMYCIN KRKA,114,,,,,,,,,0C7B394A17C18CEF6AD30DAE433D0BDF,108,,
,,2021-10-20,145,,,,,,,,,,,,,,,,,,,,,,,,,547652,135,,,,,DESOGESTREL RATIOPHARM,114,,,,,,,,,A2EDD3096510731825970FC8301C69DB,108,,
,,2021-09-27,145,,,,,,,,,,,,,,,,,,,,,,,,,482257,135,,,,,DULOKSETIINI,114,,,,,,,,,96394A0CABBE5A7C2FF9DF0528B38B09,108,,
,,2019-08-21,145,,,,,,,,,,,,,,,,,,,,,,,,,145799,135,,,,,PRIMOLUT NOR,114,,,,,,,,,CB169EB34641A0C6E944EA250FEAF505,108,,
,,2019-08-27,145,,,,,,,,,,,,,,,,,,,,,,,,,442936,134,,,,,RAMIPRIL ACTAVIS,114,,,,,,,,,7C3DB51AF8EBB5FD7D4FE1A371EE62E3,108,,
,,2021-04-08,145,,,,,,,,,,,,,,,,,,,,,,,,,017213,134,,,,,RAMIPRIILI,114,,,,,,,,,3237168E32E9A385117A79633EED8296,108,,
,,2021-04-30,145,,,,,,,,,,,,,,,,,,,,,,,,,081183,134,,,,,OXIS TURBUHALER,114,,,,,,,,,0AAEF4EB8A81CC426970DE9EFE834057,107,,
,,2021-04-27,145,,,,,,,,,,,,,,,,,,,,,,,,,474411,134,,,,,SCHERIPROCT NEO,114,,,,,,,,,BD986CC4388F562AB94BE424D8FC31C8,107,,
,,2016-01-27,145,,,,,,,,,,,,,,,,,,,,,,,,,139758,134,,,,,FEMOSTON 1/10,113,,,,,,,,,E36881EDEEE8639003267D84CE9A60E9,107,,
,,2017-02-24,145,,,,,,,,,,,,,,,,,,,,,,,,,28121,133,,,,,MONTELUKAST KRKA,113,,,,,,,,,5C449F4FCB3DE0D6AEC75E9DCCC660FB,107,,
,,2017-02-10,145,,,,,,,,,,,,,,,,,,,,,,,,,479535,133,,,,,PROGRAF,113,,,,,,,,,08CEF28AAB5B69ABCAF1578E56FAAC8B,107,,
,,2016-10-28,145,,,,,,,,,,,,,,,,,,,,,,,,,450353,133,,,,,ORISANTIN,113,,,,,,,,,4FFD7C6467DCA983B5BF8F34600785C6,106,,
,,2016-10-17,145,,,,,,,,,,,,,,,,,,,,,,,,,528418,133,,,,,EXOCIN,113,,,,,,,,,F2E17F3B37C29374F02DA71FA4B9A0FF,106,,
,,2023-04-13,145,,,,,,,,,,,,,,,,,,,,,,,,,564882,132,,,,,MATRIFEN,112,,,,,,,,,657BD0E79A185EDF133710BC9F3631AA,106,,
,,2019-05-06,145,,,,,,,,,,,,,,,,,,,,,,,,,590822,131,,,,,CITALOPRAM-RATIOPHARM,112,,,,,,,,,92BD497F80DB13CF7FA12FC2AB7E5ADA,106,,
,,2022-08-29,145,,,,,,,,,,,,,,,,,,,,,,,,,005976,131,,,,,METRONIDAZOL ACTAVIS,112,,,,,,,,,DC1DC3DEF77B0AA49850FEA91709E3B2,106,,
,,2019-05-28,145,,,,,,,,,,,,,,,,,,,,,,,,,070798,130,,,,,MELATONIN,111,,,,,,,,,0CC8F1A4767B3A9CD93B20E2C8B80E19,106,,
,,2016-09-08,145,,,,,,,,,,,,,,,,,,,,,,,,,131851,130,,,,,KETOMEX,111,,,,,,,,,A6FCBE0383020260EF2C909DCC915CF7,105,,
,,2016-04-19,145,,,,,,,,,,,,,,,,,,,,,,,,,497436,130,,,,,OLMETEC,110,,,,,,,,,1BCF8568377FA4723F242772B43D395A,105,,
,,2023-12-04,145,,,,,,,,,,,,,,,,,,,,,,,,,059205,130,,,,,OPTIPAR,110,,,,,,,,,C19FB0B6A44365CCCB2099060E87A76D,105,,
,,2022-05-18,145,,,,,,,,,,,,,,,,,,,,,,,,,421696,130,,,,,SIMVASTATIN KRKA,110,,,,,,,,,4A448DA9CC51A0BBCEE1B453171AB8B0,105,,
,,2019-12-01,145,,,,,,,,,,,,,,,,,,,,,,,,,553206,130,,,,,SOOLANTRA,110,,,,,,,,,AEAC7F2B2B7E284ACD5385B16E1BDB1A,104,,
,,2020-04-11,145,,,,,,,,,,,,,,,,,,,,,,,,,053452,129,,,,,SILDENAFIL PFIZER,110,,,,,,,,,DD5A2039267CF93E16BD79163B3DBC84,104,,
,,2015-06-03,145,,,,,,,,,,,,,,,,,,,,,,,,,482646,129,,,,,SOFTACORT,109,,,,,,,,,849E1371CE87397C8A07B611E63B3299,104,,
,,2023-03-01,145,,,,,,,,,,,,,,,,,,,,,,,,,5932,129,,,,,MALARONE,109,,,,,,,,,6308F78FE789879078DE8F1D8C9C4B48,104,,
,,2023-03-10,145,,,,,,,,,,,,,,,,,,,,,,,,,423745,128,,,,,LANSOPRAZOL KRKA,108,,,,,,,,,FEEE7A99C840486E388C3388357383E3,104,,
,,2023-03-23,145,,,,,,,,,,,,,,,,,,,,,,,,,572084,128,,,,,HELIPAK K,108,,,,,,,,,B9E3BF30EBF0AAA53C3960CD5B96EDA1,104,,
,,2018-12-07,145,,,,,,,,,,,,,,,,,,,,,,,,,483167,128,,,,,APIKSABAANI,108,,,,,,,,,D96FA5CBCD6EF5DBA1B0310D96ECF0C8,104,,
,,2022-02-04,145,,,,,,,,,,,,,,,,,,,,,,,,,595947,128,,,,,ROZEX,108,,,,,,,,,0ECBC9F4A90DD7C4F006AAE1AF04A90B,104,,
,,2021-02-23,145,,,,,,,,,,,,,,,,,,,,,,,,,473135,128,,,,,OLANTSAPIINI,107,,,,,,,,,9E3C71141B3077B6FC1EF319BF9C55AA,103,,
,,2022-02-21,145,,,,,,,,,,,,,,,,,,,,,,,,,5926,128,,,,,TRAMADOL HEXAL,107,,,,,,,,,1D0AD8338BD65E1B22AAF81C0CC29856,102,,
,,2022-11-26,145,,,,,,,,,,,,,,,,,,,,,,,,,21967,128,,,,,ESTRADIOLI,107,,,,,,,,,672DE8F5E6963E19A6DA7D311DCDBEC2,102,,
,,2019-03-20,145,,,,,,,,,,,,,,,,,,,,,,,,,112098,128,,,,,KLOTSAPIINI,107,,,,,,,,,AEB185655CADC876FC040A438E5A6BB3,102,,
,,2020-11-18,145,,,,,,,,,,,,,,,,,,,,,,,,,021967,127,,,,,NASACORT,107,,,,,,,,,C9528210EB3F4D339FF214A965454FCF,102,,
,,2019-09-11,145,,,,,,,,,,,,,,,,,,,,,,,,,526918,127,,,,,DOKSISYKLIINI,107,,,,,,,,,A6465B0B19CB80725169EBBEBB698634,102,,
,,2019-09-15,145,,,,,,,,,,,,,,,,,,,,,,,,,182343,127,,,,,TRAMADIN,106,,,,,,,,,E13B04F80603CEE6E01F15CEE2B86BA8,102,,
,,2020-06-11,145,,,,,,,,,,,,,,,,,,,,,,,,,616,127,,,,,LIXIANA,106,,,,,,,,,B549AAF7D112C3B3ACC4EE6856B771FA,101,,
,,2017-01-19,145,,,,,,,,,,,,,,,,,,,,,,,,,068046,127,,,,,PAUSANOL,106,,,,,,,,,621DBA1055F46AD98660DEABA201C523,101,,
,,2023-02-14,145,,,,,,,,,,,,,,,,,,,,,,,,,575290,127,,,,,ISOTRETINOIN ORION,106,,,,,,,,,41EC6E4CA14650CB627EEDAFD7F9AC88,101,,
,,2018-11-20,145,,,,,,,,,,,,,,,,,,,,,,,,,384410,127,,,,,HUMALOG KWIKPEN,105,,,,,,,,,83CEE31502CD8E23D4D2ABEF4FF0C056,101,,
,,2017-01-20,145,,,,,,,,,,,,,,,,,,,,,,,,,438591,127,,,,,ZANTAC,105,,,,,,,,,66C1182098436A4ECF07CD593A597727,101,,
,,2021-05-07,145,,,,,,,,,,,,,,,,,,,,,,,,,013353,126,,,,,OFTAN TROPICAMID,105,,,,,,,,,4DF043E1FCC95B550BD4FE1C556AF0A0,100,,
,,2023-02-07,145,,,,,,,,,,,,,,,,,,,,,,,,,395404,126,,,,,ATORVARATIO,105,,,,,,,,,D090F61F6F1277407927BA3D5413C6AA,99,,
,,2023-05-22,145,,,,,,,,,,,,,,,,,,,,,,,,,012869,126,,,,,DIANE NOVA,104,,,,,,,,,BBF3CC97396C192E6EF170C28094E9A5,99,,
,,2023-05-30,145,,,,,,,,,,,,,,,,,,,,,,,,,476895,126,,,,,BYDUREON,104,,,,,,,,,89BA3C2646A3F02FEBC9286342B64051,99,,
,,2016-11-22,145,,,,,,,,,,,,,,,,,,,,,,,,,041050,126,,,,,LENZETTO,104,,,,,,,,,DF4A08290409888886D48465C9DD12F5,99,,
,,2019-06-06,145,,,,,,,,,,,,,,,,,,,,,,,,,114440,126,,,,,TAPTIQOM,103,,,,,,,,,3E70338AD015EB1D5807DDFCB98235B5,99,,
,,2020-09-05,145,,,,,,,,,,,,,,,,,,,,,,,,,589010,126,,,,,NEOTIGASON,103,,,,,,,,,9463876F3D5872882A46563D10D15F87,99,,
,,2018-02-26,145,,,,,,,,,,,,,,,,,,,,,,,,,37669,125,,,,,VALSARTAN KRKA,103,,,,,,,,,EDAA71F947044C5AB018EBDA78BE3FF1,99,,
,,2016-05-06,145,,,,,,,,,,,,,,,,,,,,,,,,,005244,125,,,,,CANDEXETIL,103,,,,,,,,,9CA6990F4C7B2FDB6F1FCC4DE9916DFC,99,,
,,2016-05-05,145,,,,,,,,,,,,,,,,,,,,,,,,,093047,125,,,,,AZARGA,103,,,,,,,,,0D7FD704D5A1A8BB3EDB18537DE322B8,99,,
,,2017-10-23,145,,,,,,,,,,,,,,,,,,,,,,,,,192444,125,,,,,HUMALOG,102,,,,,,,,,7B39EE7F22AF8F85766A55CA210E682B,99,,
,,2016-05-18,145,,,,,,,,,,,,,,,,,,,,,,,,,46724,125,,,,,ATENBLOCK,102,,,,,,,,,4E82EF3219DC965DCEB40728607233AB,99,,
,,2017-10-29,145,,,,,,,,,,,,,,,,,,,,,,,,,052081,125,,,,,MALTOFER,102,,,,,,,,,32462BF157830E4090366849FC24480E,98,,
,,2015-10-02,145,,,,,,,,,,,,,,,,,,,,,,,,,553651,125,,,,,CAVERJECT DUAL,101,,,,,,,,,934184137F26D48A9D5A5714BF8FC386,98,,
,,2021-03-09,144,,,,,,,,,,,,,,,,,,,,,,,,,438432,125,,,,,QUESTRAN,101,,,,,,,,,AD181495BF0DE3E8F057AA2CD2C3E9FD,98,,
,,2019-04-30,144,,,,,,,,,,,,,,,,,,,,,,,,,478876,124,,,,,NEULASTA,101,,,,,,,,,FB3E8AC272B69E88DD4A86E7CA612905,98,,
,,2022-10-06,144,,,,,,,,,,,,,,,,,,,,,,,,,012966,124,,,,,TESTOGEL,101,,,,,,,,,B2A02FB512F2F5FF7614522A04F6FBEF,98,,
,,2023-11-09,144,,,,,,,,,,,,,,,,,,,,,,,,,420630,124,,,,,ZYRTEC,100,,,,,,,,,A8FDB935DD5F0457968BB879DC429FA7,98,,
,,2023-11-04,144,,,,,,,,,,,,,,,,,,,,,,,,,75524,124,,,,,RETAFER,100,,,,,,,,,C73ACAD1C6ECB517486500880DC9E593,98,,
,,2022-06-06,144,,,,,,,,,,,,,,,,,,,,,,,,,434643,124,,,,,ELVANSE ADULT,100,,,,,,,,,4ED2CB66D9C1F967870EC8115B764ED5,98,,
,,2015-12-04,144,,,,,,,,,,,,,,,,,,,,,,,,,188988,124,,,,,BAKLOFEN MYLAN,100,,,,,,,,,2961BF02245F3A0D60F6D2266199FC48,98,,
,,2022-03-11,144,,,,,,,,,,,,,,,,,,,,,,,,,537305,123,,,,,LORATADIN ACTAVIS,100,,,,,,,,,B02A9E8E4E8E2426034FC4680FB8F011,97,,
,,2020-02-12,144,,,,,,,,,,,,,,,,,,,,,,,,,128207,123,,,,,YASMINELLE,100,,,,,,,,,4C339195EB80FC247F12C883EC4F988A,97,,
,,2022-12-23,144,,,,,,,,,,,,,,,,,,,,,,,,,129106,123,,,,,VELMETIA,99,,,,,,,,,F446C2E15005794FC5D87D099ADA5E5E,97,,
,,2021-09-14,144,,,,,,,,,,,,,,,,,,,,,,,,,193843,123,,,,,PARACETAMOL-RATIOPHARM,99,,,,,,,,,4A74DECA0E36DA0A574A40F505A2A581,97,,
,,2018-06-01,144,,,,,,,,,,,,,,,,,,,,,,,,,477919,123,,,,,MYCOSTATIN,99,,,,,,,,,FBF6C332719CB91735D5C6AB1D6E543B,97,,
,,2021-10-05,144,,,,,,,,,,,,,,,,,,,,,,,,,573705,123,,,,,CIPROFLOXACIN HEXAL,98,,,,,,,,,F174946942AF63FEC72175EC74702CE9,97,,
,,2021-09-24,144,,,,,,,,,,,,,,,,,,,,,,,,,581819,122,,,,,TITSANIDIINI,98,,,,,,,,,9AF2F64303202BA09005D2393371B402,97,,
,,2021-04-13,144,,,,,,,,,,,,,,,,,,,,,,,,,007102,122,,,,,SIPROFLOKSASIINI,98,,,,,,,,,A23F945624A9A7A839A8EC05391357C1,96,,
,,2020-05-05,144,,,,,,,,,,,,,,,,,,,,,,,,,068001,122,,,,,PNEUMOVAX,98,,,,,,,,,E237CC64893B35E05B46CA3E3F71C4B5,96,,
,,2017-02-21,144,,,,,,,,,,,,,,,,,,,,,,,,,496320,122,,,,,OXYCODONE ORION,98,,,,,,,,,AC8D145460051C00D420AF86556A17B3,96,,
,,2016-10-29,144,,,,,,,,,,,,,,,,,,,,,,,,,85860,122,,,,,BURANA-CAPS,97,,,,,,,,,D3CCFDC7553ED136762EE2A0FAC4731A,96,,
,,2016-10-12,144,,,,,,,,,,,,,,,,,,,,,,,,,108837,122,,,,,ENALAPRIL COMP RATIOPHARM,97,,,,,,,,,414C817A5FE37B563E5E6B0EF72D730A,96,,
,,2018-09-03,144,,,,,,,,,,,,,,,,,,,,,,,,,013964,122,,,,,ZIDOVAL,96,,,,,,,,,7664241747DEE3EA1266FAF289EBF9D1,96,,
,,2016-09-27,144,,,,,,,,,,,,,,,,,,,,,,,,,36475,121,,,,,ALENDRONAT MYLAN,96,,,,,,,,,D39FD49CAC3952BCFB49A35B754284BE,96,,
,,2023-04-05,144,,,,,,,,,,,,,,,,,,,,,,,,,13964,121,,,,,PRAVASTATIN RATIOPHARM,96,,,,,,,,,9B714B945A368D45CEA77EB62F9DE9B6,96,,
,,2023-04-06,144,,,,,,,,,,,,,,,,,,,,,,,,,434209,121,,,,,DOXITIN,95,,,,,,,,,53579FC5E5FC4AF89F04259AF9676CAB,96,,
,,2018-09-25,144,,,,,,,,,,,,,,,,,,,,,,,,,195323,121,,,,,APOCYCLIN,95,,,,,,,,,DCB4A76DD84C54C8E4F1EE5CEA290C51,95,,
,,2017-05-30,144,,,,,,,,,,,,,,,,,,,,,,,,,391987,121,,,,,METRONIDATSOLI,95,,,,,,,,,EA19E0E97224098A0A6226888B77071A,95,,
,,2018-10-30,144,,,,,,,,,,,,,,,,,,,,,,,,,106452,121,,,,,SIMVASTATIINI,95,,,,,,,,,531496ABA02AC4F6225D9D626CA0A164,95,,
,,2023-04-30,144,,,,,,,,,,,,,,,,,,,,,,,,,479142,121,,,,,STEMETIL,95,,,,,,,,,2503DDEF577AE8AE84B0E327BD9AFD2E,95,,
,,2019-05-18,144,,,,,,,,,,,,,,,,,,,,,,,,,196808,120,,,,,VIMPAT,95,,,,,,,,,2725E86ABF6E00B6DC532684647D6AB2,95,,
,,2021-11-25,144,,,,,,,,,,,,,,,,,,,,,,,,,490395,120,,,,,CARDACE COMP,94,,,,,,,,,2E251DCABDFA2EBD3EF02F3ACD379C1C,95,,
,,2017-11-22,144,,,,,,,,,,,,,,,,,,,,,,,,,196444,120,,,,,LEVOZIN,94,,,,,,,,,FE57588DCB8D25ADB9C057335CF805B0,94,,
,,2021-11-19,144,,,,,,,,,,,,,,,,,,,,,,,,,467563,120,,,,,FURESIS COMP,94,,,,,,,,,9359D0ED2EBB88BD1FEDD64B7D78DD53,94,,
,,2023-06-13,144,,,,,,,,,,,,,,,,,,,,,,,,,5494,120,,,,,REC,94,,,,,,,,,4BD18C7F1770FA08DA00CC1C8661A055,94,,
,,2019-09-03,144,,,,,,,,,,,,,,,,,,,,,,,,,493276,120,,,,,PAMOL F,93,,,,,,,,,2E502E266A56A8286D36DFE8CF9D3864,94,,
,,2019-10-05,144,,,,,,,,,,,,,,,,,,,,,,,,,50469,120,,,,,LEVOFLOKSASIINI,92,,,,,,,,,4B180E14C63435E8F4C1E5A461143B96,93,,
,,2019-10-22,144,,,,,,,,,,,,,,,,,,,,,,,,,467267,119,,,,,BOTOX,92,,,,,,,,,A9C27A9F2B94B662BF7116445B72B39B,93,,
,,2021-05-04,144,,,,,,,,,,,,,,,,,,,,,,,,,438816,119,,,,,CLIOVELLE,91,,,,,,,,,3E5DF9C62F345DBDF030B2E05433A8FB,93,,
,,2017-01-02,144,,,,,,,,,,,,,,,,,,,,,,,,,463695,119,,,,,SEROQUEL,91,,,,,,,,,2AB6C9BB31E4A2AD5A13B5DEF47BFC07,93,,
,,2023-05-18,144,,,,,,,,,,,,,,,,,,,,,,,,,590147,119,,,,,ORIPTAN,91,,,,,,,,,E93CA5B32166086A329ED8791D18C63A,93,,
,,2021-05-09,144,,,,,,,,,,,,,,,,,,,,,,,,,011306,119,,,,,ENTRESTO,91,,,,,,,,,10813A3FB7DFF5DEC2C3526AD3EDBBBB,93,,
,,2023-05-02,144,,,,,,,,,,,,,,,,,,,,,,,,,471441,118,,,,,VALTREX,91,,,,,,,,,34B7CC8D03D71A8D16217A19CA1725A8,93,,
,,2020-09-17,144,,,,,,,,,,,,,,,,,,,,,,,,,524276,118,,,,,CARVEDILOL ORION,90,,,,,,,,,F9CB4E764E8E0C58AFBFB023AE17908B,92,,
,,2017-10-05,144,,,,,,,,,,,,,,,,,,,,,,,,,436303,118,,,,,KLOTRIPTYL,90,,,,,,,,,5D0FAC0DB7F4503F503CF902052BAAD7,92,,
,,2018-02-09,144,,,,,,,,,,,,,,,,,,,,,,,,,104055,118,,,,,RYALTRIS,89,,,,,,,,,73B6BF4A238D386EDCE95099EA2459C2,92,,
,,2021-08-30,144,,,,,,,,,,,,,,,,,,,,,,,,,070185,118,,,,,ZOLPIDEM-RATIOPHARM,89,,,,,,,,,C210A98FB802E55A5D999F506733233D,92,,
,,2015-02-18,143,,,,,,,,,,,,,,,,,,,,,,,,,38534,118,,,,,DICLOMEX RAPID,89,,,,,,,,,FE62F1CCBEA1E1DCCFBB5DBC0EF83D9F,92,,
,,2021-03-05,143,,,,,,,,,,,,,,,,,,,,,,,,,030635,118,,,,,TEMATSEPAAMI,88,,,,,,,,,4E234AA4C27B01E18695335C6737FDC5,92,,
,,2021-03-07,143,,,,,,,,,,,,,,,,,,,,,,,,,523296,118,,,,,GALANTAMIN ORION,88,,,,,,,,,7DBED6623D08563C88153738ACC5E43B,92,,
,,2022-10-27,143,,,,,,,,,,,,,,,,,,,,,,,,,187595,118,,,,,DIGOXIN SEMI,87,,,,,,,,,85BF0CF246B1B58BA62E9384D9FF6D03,92,,
,,2022-10-20,143,,,,,,,,,,,,,,,,,,,,,,,,,3631,117,,,,,COVERSYL COMP NOVUM,87,,,,,,,,,3BC995E92BD07F2F9367AF4F129336F5,92,,
,,2019-04-04,143,,,,,,,,,,,,,,,,,,,,,,,,,93948,117,,,,,PANTOPRAZOL ORION,87,,,,,,,,,7CE36A31D3AB33F421649C97C73E9B60,92,,
,,2019-04-05,143,,,,,,,,,,,,,,,,,,,,,,,,,85792,117,,,,,EZETIMIB KRKA,87,,,,,,,,,0BB2161480D336D695B68C9BEF4529F8,92,,
,,2017-06-07,143,,,,,,,,,,,,,,,,,,,,,,,,,85969,117,,,,,TRAVATAN,87,,,,,,,,,200530620F3DACD90CE1134DCF7439F8,91,,
,,2022-10-03,143,,,,,,,,,,,,,,,,,,,,,,,,,119927,117,,,,,DUOTRAV,87,,,,,,,,,C09A81CDC786C592C4CA7D3AA2FDD7CD,91,,
,,2017-06-10,143,,,,,,,,,,,,,,,,,,,,,,,,,464996,117,,,,,ZARZIO,87,,,,,,,,,FBC88DD18719C9903B9D8D9DC56600C5,91,,
,,2022-09-13,143,,,,,,,,,,,,,,,,,,,,,,,,,106536,117,,,,,HYDREA,86,,,,,,,,,CA39E693AA09109E7ADC46DE1A0C96FB,91,,
,,2023-11-01,143,,,,,,,,,,,,,,,,,,,,,,,,,028121,117,,,,,DERMALOG SKIN-CURE,86,,,,,,,,,5C7DCA65C93E119BD8C64185F6AC0C51,91,,
,,2023-11-06,143,,,,,,,,,,,,,,,,,,,,,,,,,115,117,,,,,REQUIP DEPOT,86,,,,,,,,,AA90CCAB736AC1986DC8A0CF65B426AB,90,,
,,2023-11-07,143,,,,,,,,,,,,,,,,,,,,,,,,,000115,116,,,,,ERDOSTEIINI,86,,,,,,,,,70292A1B1372F419B1287EC2D389F2E1,90,,
,,2023-11-22,143,,,,,,,,,,,,,,,,,,,,,,,,,166989,116,,,,,PROCREN DEPOT PDS,86,,,,,,,,,1C380023F571E0FDF4694334DB3EAA9B,90,,
,,2018-04-30,143,,,,,,,,,,,,,,,,,,,,,,,,,484444,116,,,,,INSPIOLTO RESPIMAT,86,,,,,,,,,CE2AC0D18D3233D0204537A1DAA87377,90,,
,,2020-03-13,143,,,,,,,,,,,,,,,,,,,,,,,,,079653,116,,,,,ESCOR,86,,,,,,,,,943E94C5DC7607C1AC03D187C70046A5,90,,
,,2020-03-20,143,,,,,,,,,,,,,,,,,,,,,,,,,192146,116,,,,,FENOKSIMETYYLIPENISILLIINI,86,,,,,,,,,CC2ECCCF9018C7CBBEA10457A23DCDF2,90,,
,,2017-03-26,143,,,,,,,,,,,,,,,,,,,,,,,,,24288,116,,,,,XYLIDERM,85,,,,,,,,,A0D08A612B5FF2EFAA815294EB43F678,90,,
,,2016-12-09,143,,,,,,,,,,,,,,,,,,,,,,,,,442826,115,,,,,AIROMIR,85,,,,,,,,,A8A6E1563A9D69376A49A0D60C443620,90,,
,,2018-03-22,143,,,,,,,,,,,,,,,,,,,,,,,,,116418,115,,,,,IBUMETIN,85,,,,,,,,,15E552F435A805846DA1F1A7695D6C9B,89,,
,,2023-09-12,143,,,,,,,,,,,,,,,,,,,,,,,,,004579,115,,,,,ORBEOS,85,,,,,,,,,B03FC4996BDC76C758036BCAD47394E2,89,,
,,2023-10-10,143,,,,,,,,,,,,,,,,,,,,,,,,,5976,115,,,,,INSOMIN,85,,,,,,,,,B9EF02DA791446667B29F35E19242F9C,89,,
,,2023-09-25,143,,,,,,,,,,,,,,,,,,,,,,,,,394957,115,,,,,OMNIC OCAS,85,,,,,,,,,9C749ED6BCB9F4C703CB3E5199643FEF,89,,
,,2022-03-15,143,,,,,,,,,,,,,,,,,,,,,,,,,518715,115,,,,,FELODIPIN HEXAL,85,,,,,,,,,7A02C74D91FF3C4A592F27E0E2B29CEB,89,,
,,2022-03-30,143,,,,,,,,,,,,,,,,,,,,,,,,,026943,114,,,,,CORSODYL,85,,,,,,,,,4E685BDF7A1EC3C03D2D44FE4FC633AE,89,,
,,2019-02-01,143,,,,,,,,,,,,,,,,,,,,,,,,,79733,114,,,,,ZOCOR,85,,,,,,,,,694188310D75D57E100249F58EC38BEA,89,,
,,2019-02-21,143,,,,,,,,,,,,,,,,,,,,,,,,,443922,114,,,,,SEROXAT,85,,,,,,,,,E8B2DFB38D73446E14A3BECDC830845D,88,,
,,2021-10-16,143,,,,,,,,,,,,,,,,,,,,,,,,,416446,114,,,,,ELVANSE,84,,,,,,,,,9E630A998D64BD6BC2C8C8F71A819A21,88,,
,,2021-09-16,143,,,,,,,,,,,,,,,,,,,,,,,,,12831,114,,,,,STALEVO,84,,,,,,,,,63726834A5ECC3430E6E9C3A7B133CBD,88,,
,,2021-09-02,143,,,,,,,,,,,,,,,,,,,,,,,,,059951,114,,,,,COTRIM,84,,,,,,,,,7255D591440A8B7144B06E81F9FD0257,88,,
,,2017-08-23,143,,,,,,,,,,,,,,,,,,,,,,,,,525014,114,,,,,DEVISOL,84,,,,,,,,,8B6180004704165FC9434D5C0EF178FA,88,,
,,2020-05-16,143,,,,,,,,,,,,,,,,,,,,,,,,,463461,114,,,,,STESOLID,83,,,,,,,,,5A312520104E4E63E60B1F4131991167,88,,
,,2017-02-12,143,,,,,,,,,,,,,,,,,,,,,,,,,11306,113,,,,,SAXENDA,83,,,,,,,,,83BFF184EF1BC939C8B273CD1B84C7C0,88,,
,,2017-02-19,143,,,,,,,,,,,,,,,,,,,,,,,,,010999,113,,,,,DULOXETINE KRKA,83,,,,,,,,,B0B152861F17062F35686E56EEAC8D3C,87,,
,,2016-10-26,143,,,,,,,,,,,,,,,,,,,,,,,,,136595,113,,,,,LIPOLAN,83,,,,,,,,,089B4B86D8BBB2B76CE76B7D641DA025,87,,
,,2015-05-19,143,,,,,,,,,,,,,,,,,,,,,,,,,493232,113,,,,,BEPANTHEN,83,,,,,,,,,EAB7E179A8DFD643E9254208EA45BBD8,87,,
,,2016-10-09,143,,,,,,,,,,,,,,,,,,,,,,,,,24263,113,,,,,AZITHROMYCIN SANDOZ,83,,,,,,,,,B316D04F4872435DCD0766D7B7D1889F,87,,
,,2017-05-21,143,,,,,,,,,,,,,,,,,,,,,,,,,551929,112,,,,,PIROXIN,82,,,,,,,,,7C366EB99E91C49B6F45EDC8FDB8D05B,87,,
,,2018-10-24,143,,,,,,,,,,,,,,,,,,,,,,,,,592352,112,,,,,AQUALAN,82,,,,,,,,,0E2D9AF574484B24628D7BD3BE041610,87,,
,,2022-05-01,143,,,,,,,,,,,,,,,,,,,,,,,,,174938,112,,,,,ADURSAL,82,,,,,,,,,F6E3E7B2A3378B1A942FA2B56D5E6847,87,,
,,2021-11-14,143,,,,,,,,,,,,,,,,,,,,,,,,,558718,112,,,,,BETNOVAT SCALP,82,,,,,,,,,29B58537857F1B391B085F97F6655CCE,87,,
,,2019-12-02,143,,,,,,,,,,,,,,,,,,,,,,,,,70185,112,,,,,ENBREL,82,,,,,,,,,989C8991CABE1726C46092E3672B613C,87,,
,,2023-12-15,143,,,,,,,,,,,,,,,,,,,,,,,,,526297,112,,,,,ISOSORBIDIDINITRAATTI,82,,,,,,,,,CF25E3535F84B28EEBFA0C5FED78DD4E,87,,
,,2023-03-31,143,,,,,,,,,,,,,,,,,,,,,,,,,475648,112,,,,,SEREVENT DISKUS,82,,,,,,,,,C91F634BC7779C1F175388E8AB2266F4,87,,
,,2022-02-05,143,,,,,,,,,,,,,,,,,,,,,,,,,162141,112,,,,,MELIANE,82,,,,,,,,,D2DC8E8F6752D4A505424119E2FA7C9A,87,,
,,2022-02-03,143,,,,,,,,,,,,,,,,,,,,,,,,,482190,111,,,,,RANIXAL,81,,,,,,,,,060B89ED5646A5CFE304F51CC9704540,87,,
,,2022-02-16,143,,,,,,,,,,,,,,,,,,,,,,,,,012209,111,,,,,CAPECITABINE ORION,81,,,,,,,,,3DFA76CDAA87D13EE3CA71B93C8F1D55,87,,
,,2022-02-17,143,,,,,,,,,,,,,,,,,,,,,,,,,10940,111,,,,,KYLEENA,81,,,,,,,,,01F20D9540F925CE6B350592C285428E,86,,
,,2022-02-25,143,,,,,,,,,,,,,,,,,,,,,,,,,434905,111,,,,,TIZANIDIN ORION,81,,,,,,,,,24E0FDDF2F0A75EC8E3F7BA49A63B83D,86,,
,,2023-06-12,143,,,,,,,,,,,,,,,,,,,,,,,,,573576,111,,,,,AMITRID MITE,81,,,,,,,,,D5C312F4C7C19B9F0C2BA4D302EB2939,86,,
,,2019-03-07,143,,,,,,,,,,,,,,,,,,,,,,,,,17218,110,,,,,PERINDOPRIL RATIOPHARM,80,,,,,,,,,6DF9AEC693365D8B8B5A339C8C3E1728,86,,
,,2022-11-01,143,,,,,,,,,,,,,,,,,,,,,,,,,408278,110,,,,,LINATIL-HEXAL COMP,80,,,,,,,,,59734DEA074947737FD73BC88E6BF3B8,86,,
,,2019-03-17,143,,,,,,,,,,,,,,,,,,,,,,,,,489459,110,,,,,TASMINETTA,80,,,,,,,,,27829C855776B2453CF2F31131049294,86,,
,,2019-03-29,143,,,,,,,,,,,,,,,,,,,,,,,,,032178,110,,,,,OXYCONTIN DEPOT,80,,,,,,,,,04AF265C30565E8D517834B931E0BEA4,86,,
,,2014-12-08,143,,,,,,,,,,,,,,,,,,,,,,,,,006062,110,,,,,MOXONIDIN ACTAVIS,79,,,,,,,,,E797DF5C88EC6EF625C2327BAFF9447E,86,,
,,2020-11-19,143,,,,,,,,,,,,,,,,,,,,,,,,,003121,110,,,,,YELLOX,79,,,,,,,,,7D7E3AE57EB723A889F648123A536004,86,,
,,2016-02-08,143,,,,,,,,,,,,,,,,,,,,,,,,,021877,109,,,,,BLISSEL,79,,,,,,,,,533D842B07DFC861C76F996DE914545E,86,,
,,2016-11-03,143,,,,,,,,,,,,,,,,,,,,,,,,,399519,109,,,,,MEMANTINE RATIOPHARM,79,,,,,,,,,8C0E72117948B06E9838A0819B0BDF2F,86,,
,,2017-04-11,143,,,,,,,,,,,,,,,,,,,,,,,,,445155,109,,,,,CYPRETYL,79,,,,,,,,,8C4BA82A2C9C51D942544F53B1BD24C6,85,,
,,2015-04-24,143,,,,,,,,,,,,,,,,,,,,,,,,,433171,109,,,,,TAMSULOSIINI,79,,,,,,,,,DF5773123BB597ED4C9F1802B011BF95,85,,
,,2016-11-21,143,,,,,,,,,,,,,,,,,,,,,,,,,12869,109,,,,,IBUSAL,79,,,,,,,,,B2594EA5CA4FBA3D999FA61D6C9E8F1F,85,,
,,2018-11-08,143,,,,,,,,,,,,,,,,,,,,,,,,,90545,109,,,,,CLOPIDOGREL ACTAVIS,79,,,,,,,,,0F099E7ED0385106257EC24A9EE3224D,85,,
,,2019-06-10,143,,,,,,,,,,,,,,,,,,,,,,,,,075514,109,,,,,PROPRANOLOLI,79,,,,,,,,,AA3E52DE1058FF54ABD5103DCDFD5902,85,,
,,2019-06-09,143,,,,,,,,,,,,,,,,,,,,,,,,,82040,109,,,,,NAPROKSEENI,79,,,,,,,,,E6FC954D1590EAEDE837147D4969D585,85,,
,,2020-09-27,143,,,,,,,,,,,,,,,,,,,,,,,,,22500,109,,,,,NITROSID RETARD,78,,,,,,,,,1C46A0C4BE95F2ADA48D0B95C3E543B1,85,,
,,2019-06-20,143,,,,,,,,,,,,,,,,,,,,,,,,,20053,109,,,,,GLUCADOL,78,,,,,,,,,DDC15BF42114A62EC9E3705460618A85,85,,
,,2017-09-26,143,,,,,,,,,,,,,,,,,,,,,,,,,057042,109,,,,,ETSETIMIBI,78,,,,,,,,,8C0E1819C16204ABA19CEEB2D6B338FC,85,,
,,2017-10-09,143,,,,,,,,,,,,,,,,,,,,,,,,,005845,109,,,,,RENITEC,78,,,,,,,,,FF6318A1A04B93F8D18F30D54E4B561B,85,,
,,2017-10-20,143,,,,,,,,,,,,,,,,,,,,,,,,,022500,109,,,,,FELODIPIN ACTAVIS,78,,,,,,,,,4F2846CAF06B62CDE32ED964C7D8C90A,85,,
,,2019-01-28,143,,,,,,,,,,,,,,,,,,,,,,,,,431023,109,,,,,METOPROLIN,78,,,,,,,,,694FE7811D506044963B72B6FAAB6730,84,,
,,2022-01-15,143,,,,,,,,,,,,,,,,,,,,,,,,,509174,109,,,,,MOBILAT,78,,,,,,,,,2390B8FDB5DFEF949CBA285043FE516F,84,,
,,2020-01-27,143,,,,,,,,,,,,,,,,,,,,,,,,,386517,109,,,,,MENOPUR,78,,,,,,,,,4576484410DB178CC39A9BD23A9CCB4E,84,,
,,2018-05-31,143,,,,,,,,,,,,,,,,,,,,,,,,,020471,108,,,,,ALPHAGAN,77,,,,,,,,,BC5DCE201D9EA43B0BD9842300D59AB7,84,,
,,2021-08-23,143,,,,,,,,,,,,,,,,,,,,,,,,,11186,108,,,,,ISPAGHULA (PSYLLIUMIN SIEMENET),77,,,,,,,,,CCBF8F3C24B5D1925E235B407C930FFD,83,,
,,2020-08-17,142,,,,,,,,,,,,,,,,,,,,,,,,,6263,108,,,,,ATROVENT ECO,77,,,,,,,,,0B58371F090A7BC79C153113D97D6B16,83,,
,,2015-02-26,142,,,,,,,,,,,,,,,,,,,,,,,,,397950,108,,,,,MELATONIN 3MG TABL.,77,,,,,,,,,62459E0B1345BE459BD82B87A31ED3C3,83,,
,,2016-12-21,142,,,,,,,,,,,,,,,,,,,,,,,,,552646,108,,,,,LESCOL,76,,,,,,,,,988A27BBF4784B188568C042F9293157,83,,
,,2016-12-30,142,,,,,,,,,,,,,,,,,,,,,,,,,402807,108,,,,,OFTAN SCOPOLAMIN,76,,,,,,,,,AB0CAAA5DEC79267B391F8AF4409E697,83,,
,,2018-01-29,142,,,,,,,,,,,,,,,,,,,,,,,,,174627,108,,,,,NASOLIN,76,,,,,,,,,A8532642454214F8A50054D85BF46560,83,,
,,2014-11-26,142,,,,,,,,,,,,,,,,,,,,,,,,,456773,108,,,,,CLINDAMYCIN MIP,76,,,,,,,,,1584477014CCE856317979B8F92B3410,83,,
,,2017-06-04,142,,,,,,,,,,,,,,,,,,,,,,,,,174284,108,,,,,FUCICORT LIPID,76,,,,,,,,,5A9AC9EB18A9602BB7B1E9B553D44C7F,83,,
,,2017-06-11,142,,,,,,,,,,,,,,,,,,,,,,,,,390918,107,,,,,ASETYYLISALISYYLIHAPPO,75,,,,,,,,,0D1806B92D2D07834EC825EB93B58289,83,,
,,2023-11-03,142,,,,,,,,,,,,,,,,,,,,,,,,,195669,107,,,,,KARDOPAL,75,,,,,,,,,2D9E7BF7F883A1E7FB9FEEA038AD957E,82,,
,,2023-11-25,142,,,,,,,,,,,,,,,,,,,,,,,,,184432,107,,,,,CREON 10 000,75,,,,,,,,,A18E33B4FF9D9E12405F1A9D847259A2,82,,
,,2017-12-11,142,,,,,,,,,,,,,,,,,,,,,,,,,371722,107,,,,,NEXPLANON,75,,,,,,,,,9681512ACFE3A23E83475F6FE32E7F5E,82,,
,,2019-11-27,142,,,,,,,,,,,,,,,,,,,,,,,,,5845,107,,,,,ARIPIPRATSOLI,75,,,,,,,,,4CC7941FBAD63D8CB2246ED55E7DBA8E,82,,
,,2019-11-26,142,,,,,,,,,,,,,,,,,,,,,,,,,102188,106,,,,,MINI-PILL,75,,,,,,,,,B6A9418F4B176FB55C71A31955368450,82,,
,,2019-11-22,142,,,,,,,,,,,,,,,,,,,,,,,,,134374,106,,,,,EBIXA,75,,,,,,,,,3FE3D1480F92E477830872464F5EA529,82,,
,,2020-03-12,142,,,,,,,,,,,,,,,,,,,,,,,,,180968,106,,,,,RISOLID,75,,,,,,,,,C6FFD471864DD84DB7A3D0FB84865BEA,82,,
,,2021-06-04,142,,,,,,,,,,,,,,,,,,,,,,,,,024838,106,,,,,SYNJARDY,74,,,,,,,,,161448AB5415E59D5AEA8D2D53AF7660,82,,
,,2018-03-06,142,,,,,,,,,,,,,,,,,,,,,,,,,3182,106,,,,,ADALAT,74,,,,,,,,,3D1810966A40E948DD41D973E857B9B1,82,,
,,2015-12-05,142,,,,,,,,,,,,,,,,,,,,,,,,,12209,106,,,,,LORAZEPAM ORION,74,,,,,,,,,431DFA35A4687A56644A1B37C2F8ED0A,82,,
,,2018-03-04,142,,,,,,,,,,,,,,,,,,,,,,,,,119419,106,,,,,DASSELTA,74,,,,,,,,,C8967E650186CFA9A04F6BD3FCFEE121,82,,
,,2018-03-30,142,,,,,,,,,,,,,,,,,,,,,,,,,382795,105,,,,,SILDENAFIL ACCORD,74,,,,,,,,,C342CDFB3C6457E3B0F21527886391B5,81,,
,,2023-09-21,142,,,,,,,,,,,,,,,,,,,,,,,,,148597,105,,,,,ACNATAC,74,,,,,,,,,C519284ACA4EFB898CA1B11815D2E774,81,,
,,2023-10-14,142,,,,,,,,,,,,,,,,,,,,,,,,,426573,105,,,,,TOSTRAN,74,,,,,,,,,C247550098BEEFDC2DF307F177B7036B,81,,
,,2023-10-27,142,,,,,,,,,,,,,,,,,,,,,,,,,001411,104,,,,,CALCICHEW D3 EXTRA SITRUUNA,74,,,,,,,,,8943D33E033DCBB0FB2EE15AFE788692,81,,
,,2022-12-10,142,,,,,,,,,,,,,,,,,,,,,,,,,102347,104,,,,,FIASP FLEXTOUCH,73,,,,,,,,,9F0773DD175BE133494AA2E6FBEB18AF,81,,
,,2019-02-15,142,,,,,,,,,,,,,,,,,,,,,,,,,50825,104,,,,,LONQUEX,73,,,,,,,,,E8F577F38B9321FB04BD27EB28D8B09F,81,,
,,2021-09-10,142,,,,,,,,,,,,,,,,,,,,,,,,,466706,104,,,,,ATORVASTATIN BLUEFISH,73,,,,,,,,,D31A69A6E48C3C16993D6E6D05F7FC59,81,,
,,2021-10-09,142,,,,,,,,,,,,,,,,,,,,,,,,,552984,104,,,,,RISPERDAL CONSTA,72,,,,,,,,,56C09FB691793E2AC67769D8CB5FC0BB,81,,
,,2021-04-10,142,,,,,,,,,,,,,,,,,,,,,,,,,042379,104,,,,,ATRODUAL,72,,,,,,,,,B712A087557C64844CDAA40DB11EE003,80,,
,,2021-04-24,142,,,,,,,,,,,,,,,,,,,,,,,,,107239,104,,,,,KLOPIDOGREELI,72,,,,,,,,,214EE8168E11253589566CEB926DA37F,80,,
,,2021-04-23,142,,,,,,,,,,,,,,,,,,,,,,,,,8429,104,,,,,SERTRALIN KRKA,72,,,,,,,,,DA8BFDFB5004B6F4B1275A9CF99FC3CD,80,,
,,2021-04-20,142,,,,,,,,,,,,,,,,,,,,,,,,,447665,103,,,,,PANADOL PORE,72,,,,,,,,,B545D7BF1A14C92649E99BC044A03CB9,80,,
,,2016-01-26,142,,,,,,,,,,,,,,,,,,,,,,,,,483100,103,,,,,INSULIN LISPRO SANOFI,72,,,,,,,,,C4B948DD281B88781143030FD888FF50,80,,
,,2016-10-15,142,,,,,,,,,,,,,,,,,,,,,,,,,539888,103,,,,,ALFUZOSIN HYDROCHLORID RATIOPHARM,72,,,,,,,,,030D20CC614C6838D6165CC6F4C5AB2D,80,,
,,2018-09-14,142,,,,,,,,,,,,,,,,,,,,,,,,,059956,103,,,,,TELMISARTAN ORION,72,,,,,,,,,C89AAC201B7E138FCF55EDB53FE69656,80,,
,,2023-04-08,142,,,,,,,,,,,,,,,,,,,,,,,,,381053,103,,,,,KERLON,72,,,,,,,,,9E1C56E6BD87DE73BE2026965FF8909E,80,,
,,2023-04-11,142,,,,,,,,,,,,,,,,,,,,,,,,,027058,103,,,,,MUPIROSIINI,72,,,,,,,,,04818A5FBE860D49CA1ACA7BDC9EC247,80,,
,,2023-04-18,142,,,,,,,,,,,,,,,,,,,,,,,,,062812,103,,,,,RIVASTIGMIN ORION,72,,,,,,,,,CD50F8C6BB369C1DCCA7D71C45F8DD02,79,,
,,2019-05-17,142,,,,,,,,,,,,,,,,,,,,,,,,,011216,103,,,,,GABAPENTIN SANDOZ,72,,,,,,,,,33D36D9713B8C3837239BF08DABA0E0B,79,,
,,2023-12-08,142,,,,,,,,,,,,,,,,,,,,,,,,,14597,103,,,,,LOSARTAN/HYDROCHLOROTHIAZIDE SANDOZ,72,,,,,,,,,50E1A0999F554677E9AED086531AAA5E,79,,
,,2021-11-30,142,,,,,,,,,,,,,,,,,,,,,,,,,025734,103,,,,,OMEPRATSOLI,71,,,,,,,,,35A0F958AD791A305BA8E30DFB866708,79,,
,,2017-11-14,142,,,,,,,,,,,,,,,,,,,,,,,,,158839,103,,,,,PREGNYL,71,,,,,,,,,AD220067A9545ED006B3C062AB87A2DB,79,,
,,2017-11-23,142,,,,,,,,,,,,,,,,,,,,,,,,,26943,103,,,,,ACICLOVIR HEXAL,71,,,,,,,,,36DD430F83AFD12FE9E3AC3F99F42937,78,,
,,2022-05-07,142,,,,,,,,,,,,,,,,,,,,,,,,,382764,102,,,,,LIVIAL,71,,,,,,,,,C15C4FDF91BE0A2DBFD518EE70E84E32,78,,
,,2020-04-30,142,,,,,,,,,,,,,,,,,,,,,,,,,151217,102,,,,,DESLORATADIN STADA,71,,,,,,,,,2A228CEA99CC92E190001A444A93409D,78,,
,,2019-12-09,142,,,,,,,,,,,,,,,,,,,,,,,,,159979,102,,,,,FORMOTEROL EASYHALER,71,,,,,,,,,2EAB3BE510EC8407975CC1B7619BDB79,78,,
,,2021-02-08,142,,,,,,,,,,,,,,,,,,,,,,,,,404426,102,,,,,DISPERIN,70,,,,,,,,,2DC81FA45F46A1A82CAA76DCE9610E34,78,,
,,2023-03-12,142,,,,,,,,,,,,,,,,,,,,,,,,,561010,102,,,,,DEKSAMETASONI,70,,,,,,,,,3F1DF7482592A4756740736C1BC6ABC1,78,,
,,2014-12-06,142,,,,,,,,,,,,,,,,,,,,,,,,,591979,102,,,,,ESCITALOPRAM RATIOPHARM,70,,,,,,,,,8C051CB6BBD2DF38AD9A68088C4EC1CB,78,,
,,2022-11-11,142,,,,,,,,,,,,,,,,,,,,,,,,,436030,102,,,,,TRELEGY ELLIPTA,70,,,,,,,,,7286BDAADC1601F66EF62DF9258C060D,78,,
,,2019-09-13,142,,,,,,,,,,,,,,,,,,,,,,,,,553339,102,,,,,EPIDUO,70,,,,,,,,,8336192557FF9B75B96135E641B5E1BA,78,,
,,2019-10-11,142,,,,,,,,,,,,,,,,,,,,,,,,,76950,102,,,,,ZOSTAVAX,70,,,,,,,,,9A275FD9883EA3C78FA8EDE1A2265F4D,78,,
,,2023-02-28,142,,,,,,,,,,,,,,,,,,,,,,,,,516291,102,,,,,ZYPADHERA,70,,,,,,,,,2861B16DE6CF2C0E2D24F6C63FEDF09F,78,,
,,2016-02-15,142,,,,,,,,,,,,,,,,,,,,,,,,,572280,102,,,,,BUPRENORPHINE RATIOPHARM,70,,,,,,,,,B6EA17637E9019EEE7A62343289D9085,78,,
,,2017-04-15,142,,,,,,,,,,,,,,,,,,,,,,,,,24333,101,,,,,PRAMIPEXOL STADA,70,,,,,,,,,B8A23336EBD35F1873CA9785A84B86FC,78,,
,,2017-04-25,142,,,,,,,,,,,,,,,,,,,,,,,,,41140,101,,,,,RENITEC COMP,69,,,,,,,,,851DA002773C5ACD0A6295680C8BC307,78,,
,,2016-11-25,142,,,,,,,,,,,,,,,,,,,,,,,,,479840,101,,,,,ELDEPRYL,69,,,,,,,,,B80B95AD13A699A1C33D512E463776FE,77,,
,,2020-09-25,142,,,,,,,,,,,,,,,,,,,,,,,,,160531,101,,,,,FLUVASTATIN MYLAN,69,,,,,,,,,782F8D29ED1051A4485B5DFBBDDE12BF,77,,
,,2017-10-15,142,,,,,,,,,,,,,,,,,,,,,,,,,187963,101,,,,,SCOPODERM,69,,,,,,,,,49E5FD91AA63C77644445C510359306C,77,,
,,2017-09-04,142,,,,,,,,,,,,,,,,,,,,,,,,,141063,101,,,,,METOJECT,69,,,,,,,,,5254D3CC256FD7B4E167D70E2FC3ED41,77,,
,,2015-01-26,142,,,,,,,,,,,,,,,,,,,,,,,,,113780,101,,,,,AKINETON,69,,,,,,,,,3756959643059EF5DAB68332B1E5962C,77,,
,,2017-10-30,142,,,,,,,,,,,,,,,,,,,,,,,,,021179,101,,,,,NAPROXEN MYLAN,69,,,,,,,,,FC12C3C629646EB54ADD96380486E313,77,,
,,2020-01-31,142,,,,,,,,,,,,,,,,,,,,,,,,,492107,101,,,,,ONDANSETRONI,68,,,,,,,,,DA666CBD57D0B1A7CBC5993A60FA4BFE,77,,
,,2022-01-03,142,,,,,,,,,,,,,,,,,,,,,,,,,83993,101,,,,,KLINDAMYSIINI,68,,,,,,,,,B506DE01C006AD06EFDC40C7646EAE22,76,,
,,2015-02-12,141,,,,,,,,,,,,,,,,,,,,,,,,,114447,101,,,,,KALCIPOS,68,,,,,,,,,7C297C115AE15D6E85A24A933124F26F,76,,
,,2022-01-29,141,,,,,,,,,,,,,,,,,,,,,,,,,67530,100,,,,,NOVORAPID,68,,,,,,,,,8A20331E670CC36E912AF16462D20748,76,,
,,2021-03-08,141,,,,,,,,,,,,,,,,,,,,,,,,,67736,100,,,,,KESTINE LYO,68,,,,,,,,,123FB7309278730F16F9B54CF0ED06A6,76,,
,,2022-10-24,141,,,,,,,,,,,,,,,,,,,,,,,,,582737,100,,,,,TRAMADOL RETARD HEXAL,68,,,,,,,,,AFAC8D031C9FFA3F92E7AD71F384C948,76,,
,,2019-04-10,141,,,,,,,,,,,,,,,,,,,,,,,,,594649,100,,,,,GHEMAXAN,67,,,,,,,,,66E8A9E51CF4994C6578F1EC94E185DD,76,,
,,2017-06-27,141,,,,,,,,,,,,,,,,,,,,,,,,,154442,100,,,,,LOSEC MUPS,67,,,,,,,,,DDD69F7DDD4906111501AB89DA1FA360,76,,
,,2023-11-05,141,,,,,,,,,,,,,,,,,,,,,,,,,079061,100,,,,,SERTRALIINI,67,,,,,,,,,28428C0EE48B9381A259CC1B6AF7C692,76,,
,,2023-11-24,141,,,,,,,,,,,,,,,,,,,,,,,,,16673,100,,,,,HUMALOG 100 KWIKPEN,67,,,,,,,,,163AF86D6491FF8E9DCC2CC53FDBA2C3,76,,
,,2015-11-19,141,,,,,,,,,,,,,,,,,,,,,,,,,148263,100,,,,,ZOPICLONE ACTAVIS,67,,,,,,,,,E901CADDAE81D253A5E1809F0DB7F92D,75,,
,,2015-11-24,141,,,,,,,,,,,,,,,,,,,,,,,,,427983,100,,,,,B12-VITAMIINI RATIOPHARM,66,,,,,,,,,559A44ED273EB0558ACC98058F72BB01,75,,
,,2017-12-24,141,,,,,,,,,,,,,,,,,,,,,,,,,21877,100,,,,,BICALUTAMID ORION,66,,,,,,,,,83EB7EC3AD93C63DB037BABCD7720C09,75,,
,,2019-11-13,141,,,,,,,,,,,,,,,,,,,,,,,,,462175,100,,,,,LERCANIDIPIN HYDROCHLORID ACTAVIS,66,,,,,,,,,606E05BC5B377302AA1030EFE118FEE4,75,,
,,2017-12-03,141,,,,,,,,,,,,,,,,,,,,,,,,,067736,100,,,,,EUCREAS,66,,,,,,,,,D23D58B57C4891BE20B4C085AC4F96C1,75,,
,,2019-11-28,141,,,,,,,,,,,,,,,,,,,,,,,,,169276,99,,,,,URSOCHOL,66,,,,,,,,,0A98AB17DAAB249DC38D11C1AF46E7BC,75,,
,,2016-03-07,141,,,,,,,,,,,,,,,,,,,,,,,,,10521,99,,,,,NOVOFEM,66,,,,,,,,,10C72C16E2D6EDC884D4C8DB823D1569,75,,
,,2017-03-19,141,,,,,,,,,,,,,,,,,,,,,,,,,177345,99,,,,,ESSEX HYDROGEELI,66,,,,,,,,,B0CDB1411BDD0DAEDA05F3525ABEF432,75,,
,,2016-12-07,141,,,,,,,,,,,,,,,,,,,,,,,,,131374,99,,,,,LEVODOPA/CARBIDOPA/ENTACAPONE ORION,66,,,,,,,,,91F5C6B1A50152DFB1F38DDCDE51EC35,75,,
,,2021-01-17,141,,,,,,,,,,,,,,,,,,,,,,,,,033234,99,,,,,EMEND,65,,,,,,,,,4FB24A61BE4FB3FA9936007BC1A48E87,75,,
,,2017-08-27,141,,,,,,,,,,,,,,,,,,,,,,,,,4370,99,,,,,PARACETAMOL/CODEIN ORION,65,,,,,,,,,F19942C42F2CC93D317BDBD754B7D20D,75,,
,,2023-09-15,141,,,,,,,,,,,,,,,,,,,,,,,,,110921,99,,,,,LERKANIDIPIINI,65,,,,,,,,,C1A91A5E85034F7E5E73614AFD546D17,74,,
,,2023-10-09,141,,,,,,,,,,,,,,,,,,,,,,,,,398222,98,,,,,FUSIDIINIHAPPO,65,,,,,,,,,AE691A0A805418777F3BE34FCFE3AE7D,74,,
,,2023-10-06,141,,,,,,,,,,,,,,,,,,,,,,,,,490518,98,,,,,DIURAMIN MITE,65,,,,,,,,,8A9306F9CB4F7E0A8399DF114890BF4E,74,,
,,2022-03-02,141,,,,,,,,,,,,,,,,,,,,,,,,,567503,98,,,,,ASIKLOVIIRI,65,,,,,,,,,ACF677F8FF11B4ED97DB88BD67614C55,74,,
,,2020-02-02,141,,,,,,,,,,,,,,,,,,,,,,,,,566042,98,,,,,ETORICOXIB SANDOZ,65,,,,,,,,,4C03EC3BF898AF4DE4579A555F042745,74,,
,,2019-02-25,141,,,,,,,,,,,,,,,,,,,,,,,,,586552,98,,,,,SUSTANON 250,65,,,,,,,,,69177277EB3C1E5A0B6766EDCA7D19AF,74,,
,,2019-02-22,141,,,,,,,,,,,,,,,,,,,,,,,,,135969,98,,,,,A-VITA,65,,,,,,,,,26E66F93F5E17C45D797AE129EB6DCEF,74,,
,,2021-10-25,141,,,,,,,,,,,,,,,,,,,,,,,,,52081,98,,,,,TADALAFIL RATIOPHARM,65,,,,,,,,,3181F668799E048FF76B9A2400BC048F,74,,
,,2021-09-17,141,,,,,,,,,,,,,,,,,,,,,,,,,579043,98,,,,,ENGERIX-B,65,,,,,,,,,8A591764A5D366A18F4E013213A00DD4,74,,
,,2021-09-29,141,,,,,,,,,,,,,,,,,,,,,,,,,563569,98,,,,,LEVETIRACETAM ORION,65,,,,,,,,,D6C3C1896EEA2015080F6212B7750FE8,74,,
,,2017-08-22,141,,,,,,,,,,,,,,,,,,,,,,,,,154761,98,,,,,RHINOCORT TURBUHALER,65,,,,,,,,,EDED47FAE6A4499B4B9969F6949B1FE0,74,,
,,2021-04-06,141,,,,,,,,,,,,,,,,,,,,,,,,,183264,98,,,,,LOPERAMIDI,64,,,,,,,,,B356E56AFEA7D64775557E79DE6E4E29,74,,
,,2020-05-07,141,,,,,,,,,,,,,,,,,,,,,,,,,442024,98,,,,,DORMICUM,64,,,,,,,,,92A30D1B76863729BF181391149E168A,73,,
,,2016-01-24,141,,,,,,,,,,,,,,,,,,,,,,,,,546507,98,,,,,VIVOTIF,64,,,,,,,,,800E5FB273F8C77BD90C6A9A5A203D23,73,,
,,2017-02-22,141,,,,,,,,,,,,,,,,,,,,,,,,,521047,98,,,,,FRISIUM,64,,,,,,,,,D4937648ECED6A2D86DB9E3311C19450,73,,
,,2017-02-26,141,,,,,,,,,,,,,,,,,,,,,,,,,403998,98,,,,,ASPIRIN CARDIO,64,,,,,,,,,ED2AA50E8716E3F1B2E2994B9546E1D2,73,,
,,2023-01-04,141,,,,,,,,,,,,,,,,,,,,,,,,,005483,98,,,,,DESOGESTREELI,64,,,,,,,,,DA2A1DD44A4C20F284190A855089308E,73,,
,,2023-01-11,141,,,,,,,,,,,,,,,,,,,,,,,,,119385,98,,,,,LOCOID LIPID,64,,,,,,,,,6A663FDEFC05E9D8D3E30836338442EF,73,,
,,2023-01-19,141,,,,,,,,,,,,,,,,,,,,,,,,,438457,98,,,,,DIATSEPAAMI,64,,,,,,,,,B55898C7CCEBC4E531FBCC471F64346E,73,,
,,2017-02-11,141,,,,,,,,,,,,,,,,,,,,,,,,,439786,98,,,,,SIPRION,64,,,,,,,,,7C5D582B4D45789C565D6C04569E0156,73,,
,,2016-10-13,141,,,,,,,,,,,,,,,,,,,,,,,,,031814,98,,,,,ZUMENON,64,,,,,,,,,D08C840AD361507012F307A6D6CD6F04,73,,
,,2017-05-28,141,,,,,,,,,,,,,,,,,,,,,,,,,59205,97,,,,,ACTOS,64,,,,,,,,,F689583C6E05687F863E2B198976FB74,73,,
,,2023-04-24,141,,,,,,,,,,,,,,,,,,,,,,,,,562556,97,,,,,MOMMOX,64,,,,,,,,,97716D626A18599D171874EBDACCDC17,73,,
,,2017-05-08,141,,,,,,,,,,,,,,,,,,,,,,,,,059568,97,,,,,ESSEX PLUS,64,,,,,,,,,D44AFA1BC3C264EC5024A2FF5E6AEE08,73,,
,,2016-04-26,141,,,,,,,,,,,,,,,,,,,,,,,,,17213,96,,,,,SIMPONI,64,,,,,,,,,D791D84AE2AD1AD70460332205046006,73,,
,,2022-05-31,141,,,,,,,,,,,,,,,,,,,,,,,,,586792,96,,,,,PREDNISOLON ALTERNOVA,64,,,,,,,,,4B1D171083FCAE56C9FF8CE0CDB272C7,72,,
,,2023-12-12,141,,,,,,,,,,,,,,,,,,,,,,,,,6185,96,,,,,MONTELUKAST ACTAVIS,63,,,,,,,,,77320FBBE2941555CD3C8A28786B6D39,72,,
,,2022-05-03,141,,,,,,,,,,,,,,,,,,,,,,,,,563791,96,,,,,SPIRONOLAKTONI,63,,,,,,,,,E0F048B8F814DDDB3C637A8F256E281F,72,,
,,2017-11-18,141,,,,,,,,,,,,,,,,,,,,,,,,,573089,96,,,,,ABSTRAL,63,,,,,,,,,4547A06B864FD2465E9BA821542629DC,72,,
,,2022-05-25,141,,,,,,,,,,,,,,,,,,,,,,,,,396871,96,,,,,TAMICTOR,63,,,,,,,,,84BCB9645F9E22876DA4476E5DDF8452,72,,
,,2022-05-12,141,,,,,,,,,,,,,,,,,,,,,,,,,020053,96,,,,,V-PENISILLIINI RATIOPHARM 1000,63,,,,,,,,,615012098614E5D2EF208C779B7220F8,72,,
,,2023-06-04,141,,,,,,,,,,,,,,,,,,,,,,,,,014597,96,,,,,PROCTOSEDYL,63,,,,,,,,,859744E57EF399664C83DF1ED3EF6937,72,,
,,2023-06-01,141,,,,,,,,,,,,,,,,,,,,,,,,,428714,96,,,,,ALBETOL,63,,,,,,,,,943AFC508689A50C247935954BFC03A1,72,,
,,2022-11-22,141,,,,,,,,,,,,,,,,,,,,,,,,,374595,96,,,,,ZINNAT,62,,,,,,,,,44BBD40102C060FBBE1B94BDADA03F55,72,,
,,2022-11-17,141,,,,,,,,,,,,,,,,,,,,,,,,,435726,95,,,,,TAMBOCOR,62,,,,,,,,,6B5E0B53E4A96175F966AA335B530593,72,,
,,2020-11-12,141,,,,,,,,,,,,,,,,,,,,,,,,,469163,95,,,,,APIDRA,62,,,,,,,,,06BE098B8731ED794A58367D43F14C9A,72,,
,,2019-09-01,141,,,,,,,,,,,,,,,,,,,,,,,,,191568,95,,,,,SHINGRIX,62,,,,,,,,,463D4E281EC9119A9602EE20B6676F5B,72,,
,,2019-09-08,141,,,,,,,,,,,,,,,,,,,,,,,,,520379,95,,,,,RINEXIN,62,,,,,,,,,943879D3812C4C9BD238E173F7810410,71,,
,,2023-02-17,141,,,,,,,,,,,,,,,,,,,,,,,,,160523,95,,,,,AMITRIPTYLIN ABCUR,62,,,,,,,,,2732FAA9178E342CEEAABFFEB619A0E7,71,,
,,2016-02-02,141,,,,,,,,,,,,,,,,,,,,,,,,,063375,95,,,,,TACROLIMUS ACCORD,62,,,,,,,,,D6F058EF4F1F8A118180F2E2E1DC34FD,71,,
,,2017-04-14,141,,,,,,,,,,,,,,,,,,,,,,,,,141368,95,,,,,MESTINON,62,,,,,,,,,5414CF59B64AB37A7F168FA2B1E3B89F,71,,
,,List truncated...,,,,,,,,,,,,,,,,,,,,,,,,,,List truncated...,,,,,,List truncated...,,,,,,,,,,List truncated...,,,
